ID,Experiment,year,section,start date,end date,operation,flag,intensity,plots,amount,unit,operation type,water,water unit,tank mixture,method,variety,dressing,machine,original operation
1,Hoosfield,1930,all plots,19/02/1930,,cultivated,1,1,,,,tillage process,,,,,,,,cultivated
2,Hoosfield,1930,all plots,20/02/1930,21/02/1930,cultivated across,1,1,,,,tillage process,,,,,,,,cultivated across
3,Hoosfield,1930,all plots,03/03/1930,,ploughed,1,1,,,,tillage process,,,,,,,,ploughed
4,Hoosfield,1930,all plots,03/03/1930,04/03/1930,spring-tine harrowed followed by tooth harrow across,1,1,,,,tillage process,,,,,,,,spring-tine harrowed followed by tooth harrow across
5,Hoosfield,1930,all plots,06/03/1930,,rolled,1,1,,,,tillage process,,,,,,,,rolled
6,Hoosfield,1930,all plots,06/03/1930,,drag harrowed and spike harrowed,1,1,,,,tillage process,,,,,,,,drag harrowed and spike harrowed
9,Hoosfield,1930,all plots,07/03/1930,,harrowed in,1,1,,,,tillage process,,,,,,,,harrowed in
10,Hoosfield,1930,all plots,01/05/1930,,harrowed,1,1,,,,tillage process,,,,,,,,harrowed
11,Hoosfield,1930,all plots,22/05/1930,09/07/1930,hand hoe on various dates,1,,,,,pest control process,,,,,,,,hand hoe on various dates
12,Hoosfield,1930,all plots,22/05/1930,09/07/1930,horse hoe on various dates,1,,,,,pest control process,,,,,,,,horse hoe on various dates
13,Hoosfield,1930,all plots,21/08/1930,,harvested,1,,,,,harvesting process,,,,,,,,harvest
14,Hoosfield,1930,all plots,01/09/1930,,harvested,1,,,,,harvesting process,,,,,,,,harvest
15,Hoosfield,1930,all plots,08/09/1930,09/09/1930,carted,1,,,,,grain removal process,,,,,,,,carted
16,Hoosfield,1931,all plots,15/09/1930,,cultivated,1,1,,,,tillage process,,,,,,,,cultivated
18,Hoosfield,1931,all plots,07/03/1931,,ploughed in,1,1,,,,tillage process,,,,,,,,ploughed in
19,Hoosfield,1931,all plots,16/03/1931,,harrowed,1,1,excluding 7.1 and 7.2,,,tillage process,,,,,,,,harrowed
22,Hoosfield,1931,all plots,18/03/1931,,harrowed in,1,1,,,,tillage process,,,,,,,,harrowed in
23,Hoosfield,1931,all plots,11/05/1931,23/07/1931,hand hoe on various dates,1,,,,,pest control process,,,,,,,,hand hoe on various dates
24,Hoosfield,1931,all plots,11/05/1931,23/07/1931,horse hoe on various dates,1,,,,,pest control process,,,,,,,,horse hoe on various dates
25,Hoosfield,1931,all plots,28/08/1931,29/08/1931,harvested,1,,,,,harvesting process,,,,,,,,harvest
26,Hoosfield,1931,all plots,24/09/1931,25/09/1931,carted,1,,,,,grain removal process,,,,,,,,carted
27,Hoosfield,1932,all plots,05/01/1932,,ploughed,1,1,,,,tillage process,,,,,,,,ploughed
29,Hoosfield,1932,all plots,08/03/1932,,tractor cultivated with disc and tooth harrow,1,1,,,,tillage process,,,,,,,,tractor cultivated with disc and tooth harrow
30,Hoosfield,1932,all plots,19/05/1932,25/07/1932,hand hoe on various dates,1,,,,,pest control process,,,,,,,,hand hoe on various dates
31,Hoosfield,1932,all plots,19/05/1932,25/07/1932,horse hoe on various dates,1,,,,,pest control process,,,,,,,,horse hoe on various dates
34,Hoosfield,1932,all plots,23/08/1932,,harvested,1,,,,,harvesting process,,,,,,,,harvest
35,Hoosfield,1932,all plots,02/09/1932,,carted,1,,,,,grain removal process,,,,,,,,carted
37,Hoosfield,1934,all plots,02/02/1934,,ploughed,1,1,,,,tillage process,,,,,,,,ploughed
38,Hoosfield,1934,all plots,27/03/1934,28/03/1934,harrowed,1,1,,,,tillage process,,,,,,,,harrowed
39,Hoosfield,1934,all plots,27/03/1934,28/03/1934,rolled,1,1,,,,tillage process,,,,,,,,rolled
43,Hoosfield,1934,all plots,09/08/1934,10/08/1934,harvested,1,,,,,harvesting process,,,,,,,,harvested
44,Hoosfield,1935,all plots,05/09/1934,,ploughed,1,1,,,,tillage process,,,,,,,,ploughed
45,Hoosfield,1935,all plots,08/01/1935,22/01/1935,ploughed,1,1,,,,tillage process,,,,,,,,ploughed
46,Hoosfield,1935,all plots,06/03/1935,,harrowed,1,1,,,,tillage process,,,,,,,,harrowed
47,Hoosfield,1935,all plots,08/03/1935,09/03/1935,harrowed,1,1,,,,tillage process,,,,,,,,harrowed
48,Hoosfield,1935,all plots,08/05/1935,,rolled,1,1,,,,tillage process,,,,,,,,rolled
52,Hoosfield,1935,all plots,14/08/1935,,harvested,1,,,,,harvesting process,,,,,,,,harvested
53,Hoosfield,1936,all plots,28/08/1935,29/08/1935,shallow ploughed,1,1,,,,tillage process,,,,,,,,shallow ploughed
54,Hoosfield,1936,all plots,20/01/1936,24/01/1936,ploughed,1,1,,,,tillage process,,,,,,,,ploughed
55,Hoosfield,1936,all plots,20/01/1936,24/01/1936,ploughed in,1,1,,,,tillage process,,,,,,,,
56,Hoosfield,1936,all plots,16/03/1936,,spring-tine harrowed,1,1,,,,tillage process,,,,,,,,spring-tine harrowed
57,Hoosfield,1936,all plots,17/03/1936,,rolled,1,1,,,,tillage process,,,,,,,,rolled
58,Hoosfield,1936,all plots,26/04/1936,,hand hoed,1,,,,,pest control process,,,,,,,,hand hoed
61,Hoosfield,1936,all plots,17/08/1936,,harvested,1,,,,,harvesting process,,,,,,,,harvested
62,Hoosfield,1937,all plots,11/09/1936,12/09/1936,shallow ploughed,1,1,,,,tillage process,,,,,,,,shallow ploughed
64,Hoosfield,1937,all plots,04/12/1936,21/12/1936,ploughed,1,1,,,,tillage process,,,,,,,,ploughed
65,Hoosfield,1937,all plots,30/03/1937,,spring-tine harrowed,1,1,,,,tillage process,,,,,,,,spring-tine harrowed
66,Hoosfield,1937,all plots,31/03/1937,,cultivated,1,1,,,,tillage process,,,,,,,,cultivated
67,Hoosfield,1937,all plots,01/04/1937,,harrowed,1,1,,,,tillage process,,,,,,,,harrowed
68,Hoosfield,1937,all plots,01/04/1937,,rolled,1,1,,,,tillage process,,,,,,,,rolled
69,Hoosfield,1937,all plots,12/04/1937,,harrowed,1,1,,,,tillage process,,,,,,,,harrowed
70,Hoosfield,1937,all plots,18/05/1937,,rolled,1,1,,,,tillage process,,,,,,,,rolled
71,Hoosfield,1937,all plots,04/06/1937,05/06/1937,hand weeded,1,,,,,hand picking process,,,,,,,,hand weeded
76,Hoosfield,1937,all plots,04/09/1937,,harvested,1,,,,,harvesting process,,,,,,,,harvested
77,Hoosfield,1938,all plots,01/01/1938,25/01/1938,ploughed,1,1,,,,tillage process,,,,,,,,ploughed
79,Hoosfield,1938,all plots,01/10/1937,04/10/1937,cultivated,1,1,,,,tillage process,,,,,,,,cultivated
80,Hoosfield,1938,all plots,25/02/1938,,harrowed,1,1,,,,tillage process,,,,,,,,harrowed
81,Hoosfield,1938,all plots,23/02/1938,,cultivated,1,1,,,,tillage process,,,,,,,,cultivated
82,Hoosfield,1938,all plots,25/02/1938,,spring-tine harrowed,1,1,,,,tillage process,,,,,,,,spring-tine harrowed
83,Hoosfield,1938,all plots,25/02/1938,,rolled,1,1,,,,tillage process,,,,,,,,rolled
84,Hoosfield,1938,all plots,08/04/1938,,rolled,1,1,,,,tillage process,,,,,,,,rolled
87,Hoosfield,1938,all plots,04/08/1938,,harvested,1,,,,,harvesting process,,,,,,,,harvested
89,Hoosfield,1939,all plots,25/08/1939,,harvested,1,,,,,harvesting process,,,,,,,,harvested
91,Hoosfield,1940,all plots,06/08/1940,,harvested,1,,,,,harvesting process,,,,,,,,harvested
93,Hoosfield,1941,all plots,25/08/1941,,harvested,1,,,,,harvesting process,,,,,,,,harvested
95,Hoosfield,1942,all plots,15/08/1942,,harvested,1,,,,,harvesting process,,,,,,,,harvested
98,Hoosfield,1944,all plots,18/08/1944,,harvested,1,,,,,harvesting process,,,,,,,,harvested
101,Hoosfield,1945,all plots,08/08/1945,,harvested,1,,,,,harvesting process,,,,,,,,harvested
104,Hoosfield,1946,all plots,23/08/1946,,harvested,1,,,,,harvesting process,,,,,,,,harvested
107,Hoosfield,1947,all plots,19/08/1947,,harvested,1,,,,,harvesting process,,,,,,,,harvested
108,Hoosfield,1948,all plots,18/09/1947,20/09/1947,shallow ploughed,1,1,,,,tillage process,,,,,,,,shallow ploughed
109,Hoosfield,1948,all plots,22/11/1947,28/11/1947,ploughed,1,1,,,,tillage process,,,,,,,,ploughed
111,Hoosfield,1948,all plots,01/03/1948,05/03/1948,spring-tine harrowed,1,1,,,,tillage process,,,,,,,,spring-tine harrowed
113,Hoosfield,1948,all plots,27/03/1948,,thistles cleared,1,,,,,pest control process,,,,,,,,thistles cleared
114,Hoosfield,1948,all plots,30/03/1948,,harrowed,1,1,,,,tillage process,,,,,,,,harrowed
116,Hoosfield,1948,all plots,06/04/1948,,harrowed in,1,1,,,,tillage process,,,,,,,,harrowed in
117,Hoosfield,1948,all plots,10/04/1948,,rolled,1,1,,,,tillage process,,,,,,,,rolled
118,Hoosfield,1948,all plots,05/07/1948,14/07/1948,Wild oats hand pulled,1,,,,,hand picking process,,,,,,,,Wild oats hand pulled
119,Hoosfield,1948,all plots,30/07/1948,10/08/1948,Wild oats hand pulled,1,,,,,hand picking process,,,,,,,,Wild oats hand pulled
120,Hoosfield,1948,all plots,09/08/1948,,Wild oats scythed,1,,,,,pest control process,,,,,,,,Wild oats scythed
121,Hoosfield,1948,all plots,30/08/1948,,harvested,1,,,,,harvesting process,,,,,,,,harvested
122,Hoosfield,1948,all plots,30/09/1047,,spring-tine harrowed,1,1,,,,tillage process,,,,,,,,spring-tine harrowed
124,Hoosfield,1949,all plots,11/09/1948,25/09/1948,ploughed,1,1,,,,tillage process,,,,,,,,ploughed
126,Hoosfield,1949,all plots,25/09/1948,,ploughed in,1,1,,,,tillage process,,,,,,,,ploughed in
127,Hoosfield,1949,all plots,20/12/1948,30/12/1948,Reploughed,1,1,,,,tillage process,,,,,,,,Reploughed
128,Hoosfield,1949,all plots,18/02/1949,,spring-tine harrowed,1,1,,,,tillage process,,,,,,,,spring-tine harrowed
129,Hoosfield,1949,all plots,23/03/1949,,thistles cut,1,,,,,pest control process,,,,,,,,thistles cut
131,Hoosfield,1949,all plots,24/03/1949,,harrowed in,1,1,,,,tillage process,,,,,,,,harrowed in
132,Hoosfield,1949,all plots,31/03/1949,,Ring rolled,1,1,,,,tillage process,,,,,,,,Ring rolled
134,Hoosfield,1949,all plots,18/07/1949,28/07/1949,Wild oats hand pulled various days,1,,,,,hand picking process,,,,,,,,Wild oats hand pulled various days
135,Hoosfield,1949,all plots,11/08/1949,,harvested,1,,,,,harvesting process,,,,,,,,harvested
137,Hoosfield,1950,all plots,24/08/1949,26/08/1949,ploughed,1,1,,,,tillage process,,,,,,,,ploughed
138,Hoosfield,1950,all plots,12/10/1949,,springtined,1,1,,,,tillage process,,,,,,,,springtined
139,Hoosfield,1950,all plots,05/11/1949,,springtined,1,1,,,,tillage process,,,,,,,,springtined
142,Hoosfield,1950,all plots,21/03/1950,,springtined,1,1,,,,tillage process,,,,,,,,springtined
143,Hoosfield,1950,all plots,24/03/1950,,springtined,1,1,,,,tillage process,,,,,,,,springtined
144,Hoosfield,1950,all plots,24/03/1950,,harrowed,1,1,,,,tillage process,,,,,,,,harrowed
146,Hoosfield,1950,all plots,25/03/1950,,harrowed in,1,1,,,,tillage process,,,,,,,,harrowed in
147,Hoosfield,1950,all plots,27/03/1950,,rolled,1,1,,,,tillage process,,,,,,,,rolled
149,Hoosfield,1950,all plots,26/05/1950,,thistles cut,1,,,,,pest control process,,,,,,,,thistles cut
151,Hoosfield,1950,all plots,14/08/1950,16/08/1950,harvested,1,,,,,harvesting process,,,,,,,,harvested
153,Hoosfield,1951,all plots,04/09/1950,,ploughed,1,1,,,,tillage process,,,,,,,,ploughed
158,Hoosfield,1951,all plots,11/09/1951,,harvested,1,,,,,harvesting process,,,,,,,,harvested
160,HoosfieldBarley,1952,All plots,21/09/1951,,ploughed,1,1,,,,tillage process,,,,,,,,ploughed
162,HoosfieldBarley,1952,All plots,19/12/1951,,ploughed,1,1,,,,tillage process,,,,,,,,ploughed
166,HoosfieldBarley,1952,All plots,01/08/1952,,harvested,1,,,,,harvesting process,,,,,,,,harvested
170,HoosfieldBarley,1953,All plots,19/09/1952,,ploughed,1,1,,,,tillage process,,,,,,,,etc: ploughed
171,HoosfieldBarley,1953,All plots,23/09/1952,,ploughed in,1,1,,,,tillage process,,,,,,,,
177,HoosfieldBarley,1954,All plots,11/08/1953,,ploughed,1,1,,,,tillage process,,,,,,,,ploughed
179,HoosfieldBarley,1954,All plots,25/11/1953,,ploughed,1,1,,,,tillage process,,,,,,,,ploughed
183,HoosfieldBarley,1954,All plots,25/07/1954,,cut and discarded crop,1,,plots 5A,,,harvesting process,,,,,,,,cut and discarded crop on plots 5A
184,HoosfieldBarley,1954,All plots,18/08/1954,,cut and discarded crop,1,,"parts of plots 1C, 2C, 1N, 2N",,,harvesting process,,,,,,,,"cut, discarded crop on parts of plots 1C, 2C, 1N, 2N"
185,Hoosfield,1954,all plots,18/08/1954,,cut and discarded crop,1,,parts of plots 3A and 4A,,,harvesting process,,,,,,,,cut and discarded parts of plots 3A and 4A
186,HoosfieldBarley,1954,All plots,16/09/1954,,harvested,1,,,,,harvesting process,,,,,,,,harvested
189,HoosfieldBarley,1955,All plots,27/09/1954,,ploughed,1,1,,,,tillage process,,,,,,,,ploughed
192,HoosfieldBarley,1955,All plots,27/12/1954,,ploughed,1,1,,,,tillage process,,,,,,,,ploughed
197,HoosfieldBarley,1955,All plots,25/07/1955,,cut and discarded crop,1,,"areas of plots in series N, AA, AAS, C, plots 5A, 50 leaving 16 rows per plot",,,harvesting process,,,,,,,,"cut, discarded areas of plots in series N, AA, AAS, C, plots 5A, 50 leaving 16 rows per plot"
198,HoosfieldBarley,1955,All plots,18/08/1955,,harvested,1,,,,,harvesting process,,,,,,,,harvested
200,HoosfieldBarley,1956,All plots,08/09/1955,,harvested,1,,,,,harvesting process,,,,,,,,harvested
201,HoosfieldBarley,1956,All plots,16/10/1955,19/10/1955,ploughed,1,1,,,,tillage process,,,,,,,,
206,HoosfieldBarley,1957,All plots,13/10/1956,20/10/1956,ploughed,1,1,,,,tillage process,,,,,,,,ploughed
207,HoosfieldBarley,1957,All plots,18/01/1957,,ploughed,1,1,,,,tillage process,,,,,,,,
211,HoosfieldBarley,1957,All plots,29/08/1957,30/08/1957,harvested,1,,,,,harvesting process,,,,,,,,harvested
213,HoosfieldBarley,1958,All plots,09/09/1957,,ploughed,1,1,,,,tillage process,,,,,,,,ploughed
214,HoosfieldBarley,1958,All plots,09/09/1957,,combine harvested,1,,,,,harvesting process,,,,,,,,combine harvested
215,HoosfieldBarley,1958,All plots,22/11/1957,,ploughed,1,1,,,,tillage process,,,,,,,,ploughed
223,HoosfieldBarley,1959,All plots,28/11/1958,06/12/1958,ploughed,1,1,,,,tillage process,,,,,,,,ploughed
228,HoosfieldBarley,1959,All plots,18/08/1959,,combine harvested,1,,,,,harvesting process,,,,,,,,combine harvested
233,HoosfieldBarley,1960,All plots,05/09/1959,,combined,1,,,,,harvesting process,,,,,,,,combined
239,Hoosfield,1960,All plots,20/11/1959,,ploughed,1,1,,,,tillage process,,,,,,,,ploughed
248,HoosfieldBarley,1961,All plots,13/12/1960,,ploughed,1,1,,,,tillage process,,,,,,,,ploughed
253,HoosfieldBarley,1961,All plots,28/08/1961,,combined,1,,,,,harvesting process,,,,,,,,combined
260,HoosfieldBarley,1962,All plots,14/09/1961,,combined,1,,,,,harvesting process,,,,,,,,combined
261,HoosfieldBarley,1962,All plots,31/10/1961,,ploughed,1,1,,,,tillage process,,,,,,,,ploughed
270,HoosfieldBarley,1963,All plots,25/03/1963,,ploughed,1,1,,,,tillage process,,,,,,,,ploughed
274,HoosfieldBarley,1963,All plots,17/09/1963,,combine harvested,1,,,,,harvesting process,,,,,,,,combine harvested
279,HoosfieldBarley,1964,All plots,04/11/1963,,ploughed,1,1,,,,tillage process,,,,,,,,ploughed
283,HoosfieldBarley,1964,All plots,31/08/1964,,combine harvested,1,,,,,harvesting process,,,,,,,,combine harvested
286,HoosfieldBarley,1965,All plots,03/11/1964,,ploughed,1,1,,,,tillage process,,,,,,,,
291,HoosfieldBarley,1965,All plots,09/09/1965,,combine harvested,1,,,,,harvesting process,,,,,,,,combine harvested
295,HoosfieldBarley,1966,All plots,01/11/1965,,ploughed,1,1,,,,tillage process,,,,,,,,
299,HoosfieldBarley,1966,All plots,26/08/1966,,combine harvested,1,,,,,harvesting process,,,,,,,,combine harvested
302,HoosfieldBarley,1967,All plots,19/10/1966,,ploughed,1,1,,,,tillage process,,,,,,,,
303,HoosfieldBarley,1967,All plots,31/03/1967,,rotary cultivated,1,1,,,,tillage process,,,,,,,,rotary cultivated
304,HoosfieldBarley,1967,All plots,19/05/1967,02/06/1967,rotary cultivated,1,1,,,,tillage process,,,,,,,,rotary cultivated
307,HoosfieldBarley,1967,All plots,03/07/1967,,Deep-tine cultivated,1,1,,,,tillage process,,,,,,,,Deep-tine cultivated
308,HoosfieldBarley,1967,All plots,26/07/1967,,rotary cultivated,1,1,,,,tillage process,,,,,,,,rotary cultivated
312,Hoosfield,1968,all plots,06/10/1967,,ploughed,1,1,,,,tillage process,,,,,,,,ploughed
316,Hoosfield,1968,barley,22/08/1968,,combine harvested,1,,,,,harvesting process,,,,,,,,combine harvested
320,Hoosfield,1968,beans,13/09/1968,,combine harvested,1,,,,,harvesting process,,,,,,,,combine harvested
322,Hoosfield,1968,Potatoes,01/04/1968,,plots rotary cultivated,1,1,,,,tillage process,,,,,,,,"Plots rotary cultivated, potatoes machine planted"
323,Hoosfield,1968,potatoes,20/05/1968,,grubbed,1,,,,,harvesting process,,,,,,,,grubbed
324,Hoosfield,1968,potatoes,28/05/1968,,rotary ridged,1,1,,,,tillage process,,,,,,,,rotary ridged
330,Hoosfield,1968,potatoes,13/09/1968,,Haulm mechanically destroyed,1,,,,,residue management process,,,,,,,,Haulm mechanically destroyed
331,Hoosfield,1968,potatoes,23/09/1968,,Lifted,1,,,,,harvesting process,,,,,,,,Lifted
333,Hoosfield,1969,All plots,05/12/1968,06/12/1968,ploughed,1,1,,,,tillage process,,,,,,,,ploughed
339,Hoosfield,1969,Barley,22/08/1969,,combine harvested large combine plots,1,,,,,harvesting process,,,,,,,,combine harvested large combine plots
340,Hoosfield,1969,barley,23/08/1969,,combine harvested small combine plots,1,,,,,harvesting process,,,,,,,,combine harvested small combine plots
343,Hoosfield,1969,beans,10/09/1969,,combine harvested,1,,,,,harvesting process,,,,,,,,combine harvested
346,Hoosfield,1969,Potatoes,10/04/1969,,plots rotary cultivated,1,1,,,,tillage process,,,,,,,,"Plots rotary cultivated, potatoes machine planted"
348,Hoosfield,1969,potatoes,18/06/1969,,grubbed,1,,,,,harvesting process,,,,,,,,grubbed
349,Hoosfield,1969,potatoes,23/06/1969,,rotary ridged,1,1,,,,tillage process,,,,,,,,rotary ridged
354,Hoosfield,1969,potatoes,02/10/1969,,Haulm mechanically destroyed,1,,,,,residue management process,,,,,,,,Haulm mechanically destroyed
355,Hoosfield,1969,potatoes,03/10/1969,,Lifted,1,,,,,harvesting process,,,,,,,,Lifted
358,Hoosfield,1970,All plots,11/11/1969,12/11/1969,ploughed,1,1,,,,tillage process,,,,,,,,ploughed
363,Hoosfield,1970,barley,18/08/1970,,combine harvested small combine plots,1,,,,,harvesting process,,,,,,,,combine harvested small combine plots
364,Hoosfield,1970,barley,25/08/1970,,combine harvested large combine plots,1,,,,,harvesting process,,,,,,,,combine harvested large combine plots
368,Hoosfield,1970,beans,02/09/1970,,combine harvested,1,,,,,harvesting process,,,,,,,,combine harvested
371,Hoosfield,1970,Potatoes,30/04/1970,,plots rotary cultivated,1,1,,,,tillage process,,,,,,,,"Plots rotary cultivated, potatoes machine planted"
373,Hoosfield,1970,potatoes,30/06/1970,,"Grubbed, rotary ridged",1,1,,,,tillage process,,,,,,,,"Grubbed, rotary ridged"
378,Hoosfield,1970,potatoes,15/09/1970,,Lifted,1,,,,,harvesting process,,,,,,,,Lifted
381,Hoosfield,1971,All plots,22/10/1970,,ploughed,1,1,,,,tillage process,,,,,,,,ploughed
385,Hoosfield,1971,All plots,18/08/1971,,combine harvested small combine plots,1,,,,,harvesting process,,,,,,,,combine harvested small combine plots
387,Hoosfield,1971,Barley,11/08/1971,,combine harvested large combine plots,1,,,,,harvesting process,,,,,,,,combine harvested large combine plots
392,Hoosfield,1971,beans,02/09/1971,,combine harvested,1,,,,,harvesting process,,,,,,,,combine harvested
395,Hoosfield,1971,potatoes,02/04/1971,,plots rotary cultivated,1,1,,,,tillage process,,,,,,,,
397,Hoosfield,1971,potatoes,03/06/1971,,grubbed,1,,,,,harvesting process,,,,,,,,grubbed
398,Hoosfield,1971,potatoes,04/06/1971,,rotary ridged,1,1,,,,tillage process,,,,,,,,rotary ridged
400,Hoosfield,1971,potatoes,08/09/1971,,Haulm mechanically destroyed,1,,,,,residue management process,,,,,,,,Haulm mechanically destroyed
401,Hoosfield,1971,potatoes,15/09/1971,,Lifted,1,,,,,harvesting process,,,,,,,,Lifted
405,Hoosfield,1972,All plots,06/11/1971,,ploughed,1,1,,,,tillage process,,,,,,,,ploughed
410,Hoosfield,1972,barley,23/08/1972,,combine harvested,1,,,,,harvesting process,,,,,,,,combine harvested
413,Hoosfield,1972,beans,27/09/1972,,combine harvested,1,,,,,harvesting process,,,,,,,,combine harvested
415,Hoosfield,1972,Potatoes,19/04/1972,,plots rotary cultivated,1,1,,,,tillage process,,,,,,,,"Plots rotary cultivated, potatoes machine planted"
417,Hoosfield,1972,potatoes,14/06/1972,,grubbed,1,,,,,harvesting process,,,,,,,,grubbed
418,Hoosfield,1972,potatoes,15/06/1972,,rotary ridged,1,1,,,,tillage process,,,,,,,,rotary ridged
425,Hoosfield,1972,potatoes,28/09/1972,,Lifted,1,,,,,harvesting process,,,,,,,,Lifted
428,Hoosfield,1973,All plots,06/11/1972,,ploughed,1,1,,,,tillage process,,,,,,,,ploughed
432,Hoosfield,1973,barley,10/08/1973,,combine harvested,1,,,,,harvesting process,,,,,,,,combine harvested
435,Hoosfield,1973,beans,03/09/1973,,combine harvested,1,,,,,harvesting process,,,,,,,,combine harvested
442,Hoosfield,1973,potatoes,31/08/1973,,Haulm mechanically destroyed,1,,,220,l/ha,residue management process,,,,sprayed,,,,"Haulm destroyed mechanically, sprayed with undiluted BOV at 220 l"
443,Hoosfield,1973,potatoes,26/09/1973,,Lifted,1,,,,,harvesting process,,,,,,,,Lifted
448,Hoosfield,1974,All plots,21/11/1973,,ploughed,1,1,,,,tillage process,,,,,,,,ploughed
451,Hoosfield,1974,barley,21/11/1973,,ploughed,1,1,,,,tillage process,,,,,,,,ploughed
452,Hoosfield,1974,barley,08/03/1974,,springtine cultivated,1,2,,,,tillage process,,,,,,,,springtine cultivated twice
453,Hoosfield,1974,barley,26/03/1974,,springtine cultivated,1,1,,,,tillage process,,,,,,,,"springtine cultivated, seed sown"
455,Hoosfield,1974,barley,31/08/1974,,combine harvested,1,,,,,harvesting process,,,,,,,,combine harvested
456,Hoosfield,1974,beans,08/03/1974,,springtine cultivated,1,2,,,,tillage process,,,,,,,,springtine cultivated twice
457,Hoosfield,1974,beans,27/03/1974,,springtine cultivated,1,1,,,,tillage process,,,,,,,,
459,Hoosfield,1974,beans,24/09/1974,,combine harvested,1,,,,,harvesting process,,,,,,,,combine harvested
461,Hoosfield,1974,potatoes,08/03/1974,,springtine cultivated,1,2,,,,tillage process,,,,,,,,springtine cultivated twice
462,Hoosfield,1974,potatoes,17/04/1974,,rotary cultivated,1,1,,,,tillage process,,,,,,,,"rotary cultivated, seed machine planted"
464,Hoosfield,1974,potatoes,19/06/1974,,grubbed,1,,,,,harvesting process,,,,,,,,grubbed
468,Hoosfield,1974,potatoes,10/09/1974,,Haulm mechanically destroyed,1,,,,,residue management process,,,,,,,,Haulm mechanically destroyed
470,Hoosfield,1974,potatoes,04/11/1974,,Lifted,1,,,,,harvesting process,,,,,,,,Lifted
473,Hoosfield,1975,All plots,10/01/1975,,ploughed,1,1,,,,tillage process,,,,,,,,ploughed
474,Hoosfield,1975,All plots,10/02/1975,,springtine cultivated,1,1,,,,tillage process,,,,,,,,springtine cultivated
475,Hoosfield,1975,All plots,24/02/1975,,springtine cultivated,1,2,,,,tillage process,,,,,,,,springtine cultivated twice
476,Hoosfield,1975,barley,25/02/1975,,springtine cultivated,1,1,,,,tillage process,,,,,,,,"springtine cultivated, seed sown"
479,Hoosfield,1975,barley,07/08/1975,,combine harvested,1,,,,,harvesting process,,,,,,,,combine harvested
480,Hoosfield,1975,beans,25/03/1975,,springtine cultivated,1,1,,,,tillage process,,,,,,,,"springtine cultivated, seed sown"
481,Hoosfield,1975,beans,16/05/1975,,Tractor hoed,1,,,,,pest control process,,,,,,,,Tractor hoed
482,Hoosfield,1975,beans,24/06/1975,,Tractor hoed,1,,,,,pest control process,,,,,,,,Tractor hoed
484,Hoosfield,1975,beans,29/08/1975,,combine harvested,1,,,,,harvesting process,,,,,,,,combine harvested
486,Hoosfield,1975,potatoes,07/05/1975,,Spike rotary cultivated,1,1,,,,tillage process,,,,,,,,"Spike rotary cultivated, seed machine planted"
487,Hoosfield,1975,potatoes,13/05/1975,,grubbed,1,,,,,harvesting process,,,,,,,,grubbed
490,Hoosfield,1975,potatoes,27/06/1975,,grubbed,1,,,,,harvesting process,,,,,,,,grubbed
491,Hoosfield,1975,potatoes,18/07/1975,,rotary ridged,1,1,,,,tillage process,,,,,,,,rotary ridged
494,Hoosfield,1975,potatoes,16/09/1975,,Haulm mechanically destroyed,1,,,,,residue management process,,,,,,,,Haulm mechanically destroyed
495,Hoosfield,1975,potatoes,19/09/1975,,Lifted,1,,,,,harvesting process,,,,,,,,Lifted
499,Hoosfield,1976,All plots,15/10/1975,,heavy springtine cultivated,1,1,,,,tillage process,,,,,,,,heavy springtine cultivated
501,Hoosfield,1976,All plots,17/11/1975,,ploughed,1,1,,,,tillage process,,,,,,,,ploughed
502,Hoosfield,1976,All plots,27/02/1976,,springtine cultivated,1,1,,,,tillage process,,,,,,,,springtine cultivated
503,Hoosfield,1976,barley,14/10/1975,,heavy springtine cultivated,1,1,except 'Form of N 1852-1966 N and C' plots and 'extra' plots,,,tillage process,,,,,,,,heavy springtine cultivated (except 'Form of N 1852-1966 N and C' plots and 'extra' plots)
508,Hoosfield,1976,barley,22/07/1976,,combine harvested,1,,,,,harvesting process,,,,,,,,combine harvested
510,Hoosfield,1976,beans,27/04/1976,,Tractor hoed,1,,,,,pest control process,,,,,,,,Tractor hoed
511,Hoosfield,1976,beans,24/05/1976,,Tractor hoed,1,,,,,pest control process,,,,,,,,Tractor hoed
512,Hoosfield,1976,beans,21/07/1976,,combine harvested,1,,,,,harvesting process,,,,,,,,combine harvested
514,Hoosfield,1976,potatoes,29/03/1976,,Spike rotary cultivated,1,1,,,,tillage process,,,,,,,,"Spike rotary cultivated, seed machine planted"
515,Hoosfield,1976,potatoes,30/03/1976,,grubbed,1,,,,,harvesting process,,,,,,,,grubbed
518,Hoosfield,1976,potatoes,21/06/1976,,"Grubbed, rotary ridged",1,1,,,,tillage process,,,,,,,,"Grubbed, rotary ridged"
520,Hoosfield,1976,potatoes,23/09/1976,,Haulm mechanically destroyed,1,,,,,residue management process,,,,,,,,Haulm mechanically destroyed
522,Hoosfield,1976,potatoes,21/10/1976,,Lifted,1,,,,,harvesting process,,,,,,,,Lifted
525,Hoosfield,1977,All plots,28/10/1976,,ploughed,1,1,,,,tillage process,,,,,,,,ploughed
526,Hoosfield,1977,All plots,07/03/1977,,springtine cultivated,1,1,,,,tillage process,,,,,,,,springtine cultivated
531,Hoosfield,1977,barley,23/08/1977,,combine harvested,1,,,,,harvesting process,,,,,,,,combine harvested
533,Hoosfield,1977,beans,18/05/1977,,Tractor hoed,1,,,,,pest control process,,,,,,,,Tractor hoed
535,Hoosfield,1977,beans,21/09/1977,,combine harvested,1,,,,,harvesting process,,,,,,,,combine harvested
538,Hoosfield,1977,potatoes,19/04/1977,,Spike rotary cultivated,1,1,,,,tillage process,,,,,,,,"Spike rotary cultivated, potatoes planted"
539,Hoosfield,1977,potatoes,21/04/1977,,grubbed,1,,,,,harvesting process,,,,,,,,grubbed
540,Hoosfield,1977,potatoes,26/05/1977,,rotary ridged,1,1,,,,tillage process,,,,,,,,rotary ridged
542,Hoosfield,1977,potatoes,21/06/1977,,grubbed,1,,,,,harvesting process,,,,,,,,grubbed
543,Hoosfield,1977,potatoes,22/06/1977,,rotary ridged,1,1,,,,tillage process,,,,,,,,rotary ridged
550,Hoosfield,1977,potatoes,03/10/1977,,Haulm mechanically destroyed,1,,,,,residue management process,,,,,,,,Haulm mechanically destroyed
551,Hoosfield,1977,potatoes,03/11/1977,,Lifted,1,,,,,harvesting process,,,,,,,,Lifted
553,Hoosfield,1978,All plots,14/12/1977,,ploughed,1,1,,,,tillage process,,,,,,,,ploughed
554,Hoosfield,1978,All plots,10/03/1978,,springtine cultivated,1,1,,,,tillage process,,,,,,,,springtine cultivated
555,Hoosfield,1978,barley,09/09/1977,,combine harvested,1,,,,,harvesting process,,,,,,,,combine harvested
563,Hoosfield,1978,beans,19/05/1978,,Tractor hoed,1,,,,,pest control process,,,,,,,,Tractor hoed
564,Hoosfield,1978,beans,08/06/1978,,Tractor hoed,1,,,,,pest control process,,,,,,,,Tractor hoed
566,Hoosfield,1978,beans,25/09/1978,,combine harvested,1,,,,,harvesting process,,,,,,,,combine harvested
570,Hoosfield,1978,potatoes,12/05/1978,,Spike rotary cultivated,1,1,,,,tillage process,,,,,,,,"Spike rotary cultivated, potatoes planted"
572,Hoosfield,1978,potatoes,19/06/1978,,"Grubbed, rotary ridged",1,1,,,,tillage process,,,,,,,,"Grubbed, rotary ridged"
578,Hoosfield,1978,potatoes,26/10/1978,,Lifted,1,,,,,harvesting process,,,,,,,,Lifted
582,Hoosfield,1979,All plots,24/11/1978,,ploughed,1,1,,,,tillage process,,,,,,,,ploughed
583,Hoosfield,1979,All plots,06/04/1979,,springtine cultivated,1,1,,,,tillage process,,,,,,,,"springtine cultivated, seed sown"
587,Hoosfield,1979,All plots,27/08/1979,,combine harvested,1,,,,,harvesting process,,,,,,,,combine harvested
591,Hoosfield,1980,All plots,03/12/1979,,ploughed,1,1,,,,tillage process,,,,,,,,
592,Hoosfield,1980,All plots,17/02/1980,,springtine cultivated,1,1,,,,tillage process,,,,,,,,"springtine cultivated, seed sown"
595,Hoosfield,1980,All plots,18/08/1980,,combine harvested,1,,,,,harvesting process,,,,,,,,combine harvested
600,Hoosfield,1981,all plots,03/12/1980,,ploughed,1,1,,,,tillage process,,,,,,,,ploughed
601,Hoosfield,1981,all plots,17/02/1981,,springtine cultivated,1,1,,,,tillage process,,,,,,,,springtine cultivated
605,Hoosfield,1981,all plots,17/08/1981,18/08/1981,combine harvested,1,,,,,harvesting process,,,,,,,,combine harvested
611,Hoosfield,1982,All plots,19/11/1981,,ploughed,1,1,,,,tillage process,,,,,,,,ploughed
612,Hoosfield,1982,All plots,28/03/1982,,springtine cultivated,1,1,,,,tillage process,,,,,,,,springtine cultivated
617,Hoosfield,1982,All plots,16/08/1982,,combine harvested,1,,,,,harvesting process,,,,,,,,combine harvested
621,Hoosfield,1983,All plots,25/11/1982,,ploughed,1,1,,,,tillage process,,,,,,,,ploughed
622,Hoosfield,1983,All plots,08/03/1983,,springtine cultivated,1,2,,,,tillage process,,,,,,,,springtine cultivated twice
627,Hoosfield,1983,All plots,09/08/1983,,combine harvested,1,,,,,harvesting process,,,,,,,,combine harvested
630,Hoosfield,1984,All plots,16/11/1983,,ploughed,1,1,,,,tillage process,,,,,,,,
631,Hoosfield,1984,All plots,07/03/1984,,springtine cultivated,1,1,,,,tillage process,,,,,,,,springtine cultivated
636,Hoosfield,1984,All plots,18/08/1984,,combine harvested,1,,,,,harvesting process,,,,,,,,combine harvested
641,Hoosfield,1985,All plots,27/11/1984,,ploughed,1,1,,,,tillage process,,,,,,,,
642,Hoosfield,1985,All plots,12/03/1985,,springtine cultivated,1,1,,,,tillage process,,,,,,,,springtine cultivated
643,Hoosfield,1985,All plots,13/03/1985,,springtine cultivated,1,1,,,,tillage process,,,,,,,,"springtine cultivated, seed sown"
647,Hoosfield,1985,All plots,23/08/1985,,combine harvested,1,,,,,harvesting process,,,,,,,,combine harvested
650,Hoosfield,1986,All plots,21/11/1985,,ploughed,1,1,,,,tillage process,,,,,,,,ploughed
651,Hoosfield,1986,All plots,17/03/1986,,springtine cultivated,1,2,,,,tillage process,,,,,,,,"springtine cultivated twice, seed sown"
655,Hoosfield,1986,All plots,29/08/1986,,combine harvested,1,,,,,harvesting process,,,,,,,,combine harvested
658,Hoosfield,1987,All plots,02/12/1986,,ploughed,1,1,,,,tillage process,,,,,,,,
659,Hoosfield,1987,All plots,16/03/1987,,springtine cultivated,1,1,,,,tillage process,,,,,,,,"springtine cultivated, seed sown"
663,Hoosfield,1987,All plots,21/08/1987,,combine harvested,1,,,,,harvesting process,,,,,,,,combine harvested
665,Hoosfield,1988,All plots,15/01/1988,,ploughed,1,1,,,,tillage process,,,,,,,,
666,Hoosfield,1988,All plots,22/02/1988,,springtine cultivated,1,1,,,,tillage process,,,,,,,,"springtine cultivated, rotary harrowed, seed sown"
666,Hoosfield,1988,All plots,22/02/1988,,rotary harrowed,1,1,,,,tillage process,,,,,,,,
671,Hoosfield,1988,All plots,15/08/1988,,combine harvested,1,,,,,harvesting process,,,,,,,,combine harvested
677,Hoosfield,1989,All plots,13/12/1988,,ploughed,1,1,,,,tillage process,,,,,,,,
678,Hoosfield,1989,All plots,07/02/1989,,springtine cultivated,1,2,,,,tillage process,,,,,,,,"springtine cultivated twice, seed sown"
682,Hoosfield,1989,All plots,01/08/1989,,combine harvested,1,,,,,harvesting process,,,,,,,,combine harvested
691,Hoosfield,2016,All plots,24/05/2016,,rotavated paths,1,1,,,,tillage process,,,,,,,,rotavated paths
692,Hoosfield,2016,All plots,26/07/2016,,pulled wild oats from plots (36) and surrounds,1,,,,,hand picking process,,,,,,,,pulled wild oats from plots (36) and surrounds
693,Hoosfield,2016,All plots,23/08/2016,,Mopped Up remaining crop,1,,,,,harvesting process,,,,,,,,Mopped Up remaining crop
694,Hoosfield,2016,All plots,24/08/2016,,harvested,1,,,,,harvesting process,,,,,,,Sampo,Sampo harvested All Plots
695,Hoosfield,2016,all plots,25/08/2016,,Combined with Tucano Harvester all leftover crop,1,,,,,harvesting process,,,,,,,,Combined with Tucano Harvester all leftover crop
696,Hoosfield,2017,All plots,11/10/2016,,ploughed - thrown south,1,1,,,,tillage process,,,,,,,,"ploughed, thrown south"
706,Hoosfield,2017,All plots,12/03/2017,,Cousin combi Harrowed,1,1,,,,tillage process,,,,,,,,Cousin combi Harrowed
708,Hoosfield,2017,All plots,17/03/2017,,Ring rolled,1,1,,,,tillage process,,,,,,,,Ring rolled
709,Hoosfield,2017,All plots,12/05/2017,,rotavated paths,1,1,,,,tillage process,,,,,,,,rotavated paths
714,Hoosfield,2017,All plots,24/05/2017,,rotavated paths,1,1,,,,tillage process,,,,,,,,rotavated paths
719,Hoosfield,2017,All plots,14/07/2017,,Cut paths,1,,,,,mowing process,,,,,,,,Cut paths
720,Hoosfield,2017,All plots,28/07/2017,,Pulled 7 Wild Oats from within plots,1,,,,,hand picking process,,,,,,,,Pulled 7 Wild Oats from within plots
721,Hoosfield,2017,All plots,29/08/2017,,harvested plots for yield,1,,,,,harvesting process,,,,,,,,harvested plots for yield & baled all discard and remaining swaths
721,Hoosfield,2017,All plots,29/08/2017,,baled all discard and remaining swaths,1,,,,,baling process,,,,,,,,
723,Hoosfield,1990,All plots,06/12/1989,,ploughed,1,1,,,,tillage process,,,,,,,,ploughed
724,Hoosfield,1990,All plots,05/03/1990,,springtine cultivated,1,3,,,,tillage process,,,,,,,,"springtine cultivated three times, seed sown"
728,Hoosfield,1990,All plots,06/08/1990,,combine harvested,1,,,,,harvesting process,,,,,,,,combine harvested
734,Hoosfield,1992,All plots,13/01/1992,,ploughed,1,1,,,,tillage process,,,,,,,,ploughed
735,Hoosfield,1992,All plots,25/02/1992,,springtine cultivated,1,1,,,,tillage process,,,,,,,,springtine cultivated
737,Hoosfield,1992,all plots,26/02/1992,,rolled,1,1,,,,tillage process,,,,,,,,rolled
738,Hoosfield,1992,all plots,26/02/1992,,rotary harrowed,1,1,,,,tillage process,,,,,,,,rotary harrowed
742,Hoosfield,1992,All plots,05/08/1992,,combine harvested,1,,,,,harvesting process,,,,,,,,combine harvested
743,Hoosfield,1993,All plots,06/07/1992,,baled straw,1,,,,,baling process,,,,,,,,Straw baled
747,Hoosfield,1993,All plots,20/01/1993,,ploughed,1,1,,,,tillage process,,,,,,,,ploughed
748,Hoosfield,1993,All plots,03/03/1993,,heavy springtine cultivated,1,2,,,,tillage process,,,,,,,,"heavy springtine cultivated, twice."
750,Hoosfield,1993,all plots,04/03/1993,,rolled,1,1,,,,tillage process,,,,,,,,rolled
751,Hoosfield,1993,all plots,04/03/1993,,rotary harrowed,1,1,,,,tillage process,,,,,,,,rotary harrowed
755,Hoosfield,1993,All plots,14/08/1993,,combine harvested,1,,,,,harvesting process,,,,,,,,combine harvested
759,Hoosfield,1994,All plots,16/12/1993,,ploughed,1,1,,,,tillage process,,,,,,,,ploughed
761,Hoosfield,1994,all plots,14/03/1994,,rolled,1,1,,,,tillage process,,,,,,,,rolled
762,Hoosfield,1994,all plots,14/03/1994,,springtine cultivated,1,2,,,,tillage process,,,,,,,,springtine cultivated twice
763,Hoosfield,1994,all plots,14/03/1994,,rotary harrowed,1,1,,,,tillage process,,,,,,,,rotary harrowed
767,Hoosfield,1994,All plots,09/08/1994,,combine harvested,1,,,,,harvesting process,,,,,,,,combine harvested
768,Hoosfield,1995,All plots,08/08/1994,,baled straw,1,,,,,baling process,,,,,,,,Straw baled
773,Hoosfield,1995,All plots,15/11/1994,,Stubble topped.,1,,,,,mowing process,,,,,,,,Stubble topped.
775,Hoosfield,1995,All plots,22/12/1994,,ploughed,1,1,,,,tillage process,,,,,,,,ploughed
777,Hoosfield,1995,all plots,16/03/1995,,springtine cultivated,1,1,,,,tillage process,,,,,,,,springtine cultivated
778,Hoosfield,1995,all plots,16/03/1995,,rotary harrowed,1,1,,,,tillage process,,,,,,,,rotary harrowed
781,Hoosfield,1995,All plots,08/08/1995,,combine harvested,1,,,,,harvesting process,,,,,,,,combine harvested
782,Hoosfield,1996,All plots,06/08/1995,,baled straw,1,,,,,baling process,,,,,,,,Straw baled
787,Hoosfield,1996,All plots,19/12/1995,,ploughed,1,1,,,,tillage process,,,,,,,,ploughed
789,Hoosfield,1996,All plots,15/03/1996,,springtine cultivated,1,1,,,,tillage process,,,,,,,,springtine cultivated
790,Hoosfield,1996,All plots,15/03/1996,,rotary harrowed,1,1,,,,tillage process,,,,,,,,rotary harrowed
791,Hoosfield,1996,All plots,18/03/1996,,rolled,1,1,,,,tillage process,,,,,,,,rolled
794,Hoosfield,1996,All plots,11/07/1996,,Pulled wild oats by hand.,1,,,,,hand picking process,,,,,,,,Pulled wild oats by hand.
795,Hoosfield,1996,All plots,22/08/1996,,combine harvested,1,,,,,harvesting process,,,,,,,,combine harvested
796,Hoosfield,1997,All plots,02/09/1996,,baled straw,1,,,,,baling process,,,,,,,,Straw baled
801,Hoosfield,1997,All plots,19/12/1996,,ploughed,1,1,,,,tillage process,,,,,,,,ploughed
802,Hoosfield,1997,All plots,10/03/1997,,springtine cultivated,1,1,,,,tillage process,,,,,,,,springtine cultivated
804,Hoosfield,1997,all plots,11/03/1997,,rotary harrowed,1,1,,,,tillage process,,,,,,,,rotary harrowed
805,Hoosfield,1997,All plots,12/03/1997,,rolled,1,1,,,,tillage process,,,,,,,,rolled
808,Hoosfield,1997,All plots,01/07/1997,,hand rogued wild oats.,1,,,,,hand picking process,,,,,,,,hand rogued wild oats.
809,Hoosfield,1997,All plots,22/07/1997,,hand rogued wild oats.,1,,,,,hand picking process,,,,,,,,hand rogued wild oats.
810,Hoosfield,1997,All plots,22/08/1997,,combine harvested,1,,,,,harvesting process,,,,,,,,combine harvested
811,Hoosfield,1998,All plots,21/08/1997,,baled straw,1,,,,,baling process,,,,,,,,Straw baled
817,Hoosfield,1998,All plots,14/01/1998,,ploughed,1,1,,,,tillage process,,,,,,,,ploughed
818,Hoosfield,1998,All plots,04/02/1998,,springtine cultivated,1,1,,,,tillage process,,,,,,,,springtine cultivated
820,Hoosfield,1998,all plots,05/02/1998,,rotary harrowed,1,1,,,,tillage process,,,,,,,,rotary harrowed
823,Hoosfield,1998,All plots,07/07/1998,,hand rogued wild oats.,1,,,,,hand picking process,,,,,,,,hand rogued wild oats.
824,Hoosfield,1998,All plots,10/08/1998,,combine harvested,1,,,,,harvesting process,,,,,,,,combine harvested
826,Hoosfield,1999,All plots,08/02/1939,,springtine cultivated,1,1,,,,tillage process,,,,,,,,springtine cultivated
830,Hoosfield,1999,All plots,11/01/1999,12/01/1999,ploughed,1,1,,,,tillage process,,,,,,,,ploughed
831,Hoosfield,1999,All plots,12/02/1999,,rotary harrowed,1,1,,,,tillage process,,,,,,,,rotary harrowed
837,Hoosfield,1999,All plots,14/07/1999,,hand rogued wild oats.,1,,,,,hand picking process,,,,,,,,hand rogued wild oats.
839,Hoosfield,1999,All plots,24/08/1999,,combine harvested,1,,,,,harvesting process,,,,,,,,combine harvested
841,Hoosfield,2000,All plots,12/12/1999,,ploughed,1,1,,,,tillage process,,,,,,,,ploughed
845,Hoosfield,2000,All plots,07/03/2000,,rolled,1,1,,,,tillage process,,,,,,,,rolled
850,Hoosfield,2000,All plots,17/07/2000,,hand rogued wild oats.,1,,,,,hand picking process,,,,,,,,hand rogued wild oats.
851,Hoosfield,2000,All plots,24/08/2000,,combine harvested,1,,,,,harvesting process,,,,,,,,combine harvested
855,Hoosfield,2001,All plots,08/01/2001,,ploughed,1,1,,,,tillage process,,,,,,,,ploughed
861,Hoosfield,2001,All plots,06/09/2001,,combine harvested plots for yield.,1,,,,,harvesting process,,,,,,,,"combine harvested, plots for yield, sampled and weighed straw, swathed straw"
861,Hoosfield,2001,All plots,06/09/2001,,sampled and weighed straw,1,,,,,sample collection process,,,,,,,,
861,Hoosfield,2001,All plots,06/09/2001,,swathed straw,1,,,,,windrowing,,,,,,,,
862,Hoosfield,2001,All plots,07/09/2001,,"combine harvested remaining plots for yield, and discards",1,,,,,harvesting process,,,,,,,,"combine harvested remaining plots for yield, and discards. sampled and weighed straw. Swathed straw."
862,Hoosfield,2001,All plots,07/09/2001,,sampled and weighed straw,1,,,,,sample collection process,,,,,,,,
862,Hoosfield,2001,All plots,07/09/2001,,swathed straw,1,,,,,windrowing,,,,,,,,
863,Hoosfield,2001,All plots,11/09/2001,,baled straw,1,,,,,baling process,,,,,,,,Straw baled
867,Hoosfield,2002,All plots,20/12/2001,,ploughed,1,1,,,,tillage process,,,,,,,,ploughed
875,Hoosfield,2002,All plots,04/07/2002,,"Rogued wild oats, 3 plants.",1,,,,,hand picking process,,,,,,,,"Rogued wild oats, 3 pints."
877,Hoosfield,2002,All plots,27/08/2002,28/08/2002,combine harvested plots for yield.,1,,,,,harvesting process,,,,,,,,combine harvested plots for yield. Swathed straw and baled O&E's
877,Hoosfield,2002,All plots,27/08/2002,28/08/2002,Swathed straw O&E's,1,,,,,windrowing,,,,,,,,
877,Hoosfield,2002,All plots,27/08/2002,28/08/2002,baled O&E's,1,,,,,baling process,,,,,,,,
878,Hoosfield,2002,All plots,28/08/2002,,sampled and weighed straw,1,,,,,sample collection process,,,,,,,,"sampled, baled and weighed straw. Swathed straw."
878,Hoosfield,2002,All plots,28/08/2002,,baled straw,1,,,,,baling process,,,,,,,,
878,Hoosfield,2002,All plots,28/08/2002,,swathed straw,1,,,,,windrowing,,,,,,,,
879,Hoosfield,2002,All plots,02/09/2002,,combine harvested all remaining barley,1,,,,,harvesting process,,,,,,,,combine harvested all remaining barley. Swathed and baled straw.
879,Hoosfield,2002,All plots,02/09/2002,,swathed straw,1,,,,,windrowing,,,,,,,,
879,Hoosfield,2002,All plots,02/09/2002,,baled straw,1,,,,,baling process,,,,,,,,
880,Hoosfield,2002,All plots,03/09/2002,,Carted bales.,1,,,,,residue removal process,,,,,,,,Carted bales.
881,Hoosfield,2003,All plots,10/01/2002,,ploughed 25 cm wide furrow.,1,1,,,,tillage process,,,,,,,,ploughed 25 cm wide furrow.
885,Hoosfield,2003,All plots,21/03/2003,,rolled,1,1,,,,tillage process,,,,,,,,rolled
895,Hoosfield,2003,All plots,02/07/2003,,rogued wild oats.,1,,,,,hand picking process,,,,,,,,rogued wild oats.
897,Hoosfield,2003,All plots,04/08/2003,,combine harvested plots for yield.,1,,,,,harvesting process,,,,,,,,combine harvested plots for yield.
898,Hoosfield,2003,All plots,04/08/2003,,combine harvested discards,1,,,,,harvesting process,,,,,,,,combine harvested discards
899,Hoosfield,2003,All plots,04/08/2003,,sampled and weighed straw,1,,,,,sample collection process,,,,,,,,sampled and weighed straw.
900,Hoosfield,2003,All plots,07/08/2003,,combine harvested all remaining barley,1,,,,,harvesting process,,,,,,,,combine harvested all remaining barley.
901,Hoosfield,2003,All plots,07/08/2003,,baled straw,1,,,,,baling process,,,,,,,,Straw baled
905,Hoosfield,2004,All plots,10/12/2003,,ploughed 30 cm wide furrow.,1,1,,,,tillage process,,,,,,,,ploughed 30 cm wide furrow.
907,Hoosfield,2004,All plots,21/02/2004,,rolled,1,1,,,,tillage process,,,,,,,,rolled
914,Hoosfield,2004,All plots,06/08/2004,,combine harvested plots for yield.,1,,,,,harvesting process,,,,,,,,combine harvested plots for yield.
915,Hoosfield,2004,All plots,06/08/2004,,combine harvested discards,1,,,,,harvesting process,,,,,,,,combine harvested discards
916,Hoosfield,2004,All plots,06/08/2004,,sampled and weighed straw,1,,,,,sample collection process,,,,,,,,sampled and weighed straw.
917,Hoosfield,2004,All plots,01/09/2004,,baled straw,1,,,,,baling process,,,,,,,,Straw baled
921,Hoosfield,2005,All plots,05/11/2004,,ploughed 25 cm wide furrow.,1,1,,,,tillage process,,,,,,,,ploughed 25 cm wide furrow.
923,Hoosfield,2005,all plots,19/02/2005,,springtined,1,1,,,,tillage process,,,,,,,,springtined
929,Hoosfield,2005,All plots,11/07/2005,,hand rogued wild oats.,1,,,,,hand picking process,,,,,,,,hand rogued wild oats.
930,Hoosfield,2005,All plots,30/08/2005,,combine harvested plots for yield.,1,,,,,harvesting process,,,,,,,,combine harvested plots for yield.
931,Hoosfield,2005,All plots,30/08/2005,,sampled and weighed straw,1,,,,,sample collection process,,,,,,,,sampled and weighed straw.
932,Hoosfield,2005,All plots,01/09/2005,,combine harvested discards,1,,,,,harvesting process,,,,,,,,"combine harvested discards, swathed straw."
932,Hoosfield,2005,All plots,01/09/2005,,swathed straw,1,,,,,windrowing,,,,,,,,
933,Hoosfield,2005,All plots,02/09/2005,,baled straw,1,,,,,baling process,,,,,,,,Straw baled
938,Hoosfield,2006,All plots,23/11/2005,,ploughed 25 cm wide furrow.,1,1,,,,tillage process,,,,,,,,ploughed 25 cm wide furrow.
940,Hoosfield,2006,all plots,03/02/2006,,rolled,1,1,,,,tillage process,,,,,,,,rolled
941,Hoosfield,2006,all plots,03/02/2006,,cultipressed,1,1,,,,tillage process,,,,,,,,cultipressed
949,Hoosfield,2006,All plots,17/07/2006,,hand rogued wild oats.,1,,,,,hand picking process,,,,,,,,hand rogued wild oats.
950,Hoosfield,2006,All plots,11/08/2006,,combine harvested discards,1,,,,,harvesting process,,,,,,,,"combine harvested discards, swathed straw, baled."
950,Hoosfield,2006,All plots,11/08/2006,,swathed straw,1,,,,,windrowing,,,,,,,,
950,Hoosfield,2006,All plots,11/08/2006,,baled straw,1,,,,,baling process,,,,,,,,
951,Hoosfield,2006,All plots,16/08/2006,,combine harvested plots for yield.,1,,,,,harvesting process,,,,,,,,combine harvested plots for yield.
952,Hoosfield,2006,All plots,16/08/2006,,sampled and weighed straw,1,,,,,sample collection process,,,,,,,,"sampled and weighed straw, baled straw."
952,Hoosfield,2006,All plots,16/08/2006,,baled straw,1,,,,,baling process,,,,,,,,
953,Hoosfield,2006,All plots,16/08/2006,,combine harvested remaining discards,1,,,,,harvesting process,,,,,,,,"combine harvested remaining discards, swathed straw. baled straw."
953,Hoosfield,2006,All plots,16/08/2006,,swathed straw,1,,,,,windrowing,,,,,,,,
953,Hoosfield,2006,All plots,16/08/2006,,baled straw,1,,,,,baling process,,,,,,,,
961,Hoosfield,2007,All plots,22/11/2006,,ploughed - thrown north,1,1,,,,tillage process,,,,,,,,"ploughed, thrown north"
963,Hoosfield,2007,All plots,07/02/2007,,rolled,1,1,,,,tillage process,,,,,,,,rolled
974,Hoosfield,2007,All plots,26/06/2007,,Rogue wild oats / thistles / weeds plants on plots 38 plants,1,,,,,hand picking process,,,,,,,,Rogue wild oats / thistles / weeds plants on plots 38 plants
975,Hoosfield,2007,All plots,03/09/2007,04/09/2007,combine harvested plots for yield.,1,,,,,harvesting process,,,,,,,,"combine harvest, plots for yield and swath straw"
975,Hoosfield,2007,All plots,03/09/2007,04/09/2007,swathed straw,1,,,,,windrowing,,,,,,,,
976,Hoosfield,2007,All plots,03/09/2007,,combine harvested discards,1,,,,,harvesting process,,,,,,,,combine harvest discards
977,Hoosfield,2007,All plots,03/09/2007,,baled straw,1,,,,,baling process,,,,,,,,baled
978,Hoosfield,2007,All plots,04/09/2007,,combine harvested plots for yield.,1,,,,,harvesting process,,,,,,,,combine harvested plots for yield.
980,Hoosfield,2007,All plots,04/09/2007,,swathed straw,1,,,,,windrowing,,,,,,,,"Swath, sample, bale and weigh straw"
980,Hoosfield,2007,All plots,04/09/2007,,sampled and weighed straw,1,,,,,sample collection process,,,,,,,,
980,Hoosfield,2007,All plots,04/09/2007,,baled straw,1,,,,,baling process,,,,,,,,
981,Hoosfield,2007,All plots,12/09/2007,,Row up straw on headland,1,,,,,windrowing,,,,,,,,Row up straw on headland
987,Hoosfield,2008,All plots,04/03/2008,,springtined,1,1,,,,tillage process,,,,,,,,springtined
989,Hoosfield,2008,All plots,16/04/2008,,Mowed paths%Rotavated paths,1,1,,,,tillage process,,,,,,,,Mow / Rotavate paths
991,Hoosfield,2008,All plots,28/04/2008,,Mowed paths%Rotavated paths,1,1,,,,tillage process,,,,,,,,Mow / Rotavate paths
998,Hoosfield,2008,All plots,25/07/2008,,"Rogue wild oats / thistles / weeds, 610 plants pulled from plots",1,,,,,hand picking process,,,,,,,,"Rogue wild oats / thistles / weeds, 610 plants pulled from plots"
999,Hoosfield,2008,All plots,04/08/2008,,Mowed paths%Rotavated paths,1,1,,,,tillage process,,,,,,,,Mow / Rotavate paths
1001,Hoosfield,2008,All plots,27/08/2008,,combine harvested plots for yield.,1,,,,,harvesting process,,,,,,,,combine harvested plots for yield.
1002,Hoosfield,2008,All plots,27/08/2008,,swathed straw,1,,,,,windrowing,,,,,,,,Swath straw
1003,Hoosfield,2008,All plots,27/08/2008,,sampled and weighed straw,1,,,,,sample collection process,,,,,,,,"sample, bale and weigh straw"
1003,Hoosfield,2008,All plots,27/08/2008,,baled straw,1,,,,,baling process,,,,,,,,
1004,Hoosfield,2008,All plots,04/12/2007,,ploughed - thrown south,1,1,,,,tillage process,,,,,,,,"ploughed, thrown south"
1017,Hoosfield,2009,All plots,11/12/2008,,ploughed - thrown north,1,1,,,,tillage process,,,,,,,,"ploughed, thrown north"
1018,Hoosfield,2009,All plots,25/02/2009,,springtined,1,1,,,,tillage process,,,,,,,,springtined
1020,Hoosfield,2009,All plots,27/02/2009,,rolled,1,1,,,,tillage process,,,,,,,,rolled
1021,Hoosfield,2009,All plots,14/04/2009,,Mowed paths%Rotavated paths,1,1,,,,tillage process,,,,,,,,Mow / Rotavate paths
1022,Hoosfield,2009,All plots,15/04/2009,,Mowed paths%Rotavated paths,1,1,,,,tillage process,,,,,,,,Mow / Rotavate paths
1030,Hoosfield,2009,All plots,01/06/2009,,Mowed paths%Rotavated paths,1,1,,,,tillage process,,,,,,,,Mow / Rotavate paths
1033,Hoosfield,2009,All plots,25/06/2009,,Mowed paths%Rotavated paths,1,1,,,,tillage process,,,,,,,,Mow / Rotavate paths
1034,Hoosfield,2009,All plots,29/06/2009,,Mowed paths%Rotavated paths,1,1,,,,tillage process,,,,,,,,Mow / Rotavate paths
1035,Hoosfield,2009,All plots,06/07/2009,,Rogue wild oats / thistles / weeds 221 wild oats pulled,1,,,,,hand picking process,,,,,,,,Rogue wild oats / thistles / weeds 221 wild oats pulled
1036,Hoosfield,2009,All plots,06/07/2009,,Topped headlands,1,,,,,mowing process,,,,,,,,Topped headlands
1037,Hoosfield,2009,All plots,12/08/2009,,Cut paths,1,,,,,mowing process,,,,,,,,Cut paths
1038,Hoosfield,2009,All plots,13/08/2009,,combine harvested discards,1,,,,,harvesting process,,,,,,,,combine harvest discards
1039,Hoosfield,2009,All plots,13/08/2009,,baled straw,1,,,,,baling process,,,,,,,,baled
1040,Hoosfield,2009,All plots,15/08/2009,,combine harvested plots for yield.,1,,,,,harvesting process,,,,,,,,combine harvested plots for yield.
1041,Hoosfield,2009,All plots,16/08/2009,,sampled and weighed straw,1,,,,,sample collection process,,,,,,,,"sample, bale and weigh straw"
1041,Hoosfield,2009,All plots,16/08/2009,,baled straw,1,,,,,baling process,,,,,,,,
1049,Hoosfield,2010,All plots,17/12/2009,,ploughed,1,1,,,,tillage process,,,,,,,,plough
1050,Hoosfield,2010,All plots,09/03/2010,,springtined,1,1,,,,tillage process,,,,,,,,springtined
1052,Hoosfield,2010,All plots,11/03/2010,,rolled,1,1,,,,tillage process,,,,,,,,rolled
1054,Hoosfield,2010,All plots,15/04/2010,,rotavated paths,1,1,,,,tillage process,,,,,,,,rotavated paths
1057,Hoosfield,2010,All plots,12/05/2010,,rotavated,1,1,,,,tillage process,,,,,,,,Rotavate
1069,Hoosfield,2010,All plots,18/06/2010,,rotavated paths,1,1,,,,tillage process,,,,,,,,rotavated paths
1070,Hoosfield,2010,All plots,09/07/2010,,"pulled wild oats, none found",1,,,,,hand picking process,,,,,,,,"pulled wild oats, none found"
1071,Hoosfield,2010,All plots,31/08/2010,,combine harvested plots for yield.,1,,,,,harvesting process,,,,,,,,combine harvested plots for yield.
1072,Hoosfield,2010,All plots,31/08/2010,,sampled and weighed straw,1,,,,,sample collection process,,,,,,,,"sample, bale and weigh straw"
1072,Hoosfield,2010,All plots,31/08/2010,,baled straw,1,,,,,baling process,,,,,,,,
1073,Hoosfield,2010,All plots,05/09/2010,,combine harvested,1,,,,,harvesting process,,,,,,,,combine harvest
1074,Hoosfield,2010,All plots,09/09/2010,,baled straw,1,,,,,baling process,,,,,,,,baled
1075,Hoosfield,2010,All plots,22/09/2010,,removed bales,1,,,,,residue removal process,,,,,,,,removed bales
1082,Hoosfield,2011,All plots,03/11/2010,04/11/2010,ploughed,1,1,,,,tillage process,,,,,,,,ploughed
1084,Hoosfield,2011,All plots,07/02/2011,,springtined,1,1,,,,tillage process,,,,,,,,springtined
1085,Hoosfield,2011,All plots,06/04/2011,,rotavated paths,1,1,,,,tillage process,,,,,,,,rotavated paths
1094,Hoosfield,2011,All plots,10/06/2011,,rotavated paths,1,1,,,,tillage process,,,,,,,,rotavated paths
1095,Hoosfield,2011,All plots,06/07/2011,,Pulled wild oats - 97 in plot area,1,,,,,hand picking process,,,,,,,,Pulled wild oats - 97 in plot area
1096,Hoosfield,2011,All plots,12/07/2011,,Pulled wild oats - 21 pulled,1,,,,,hand picking process,,,,,,,,Pulled wild oats - 21 pulled
1098,Hoosfield,2011,All plots,09/08/2011,,combined O&E's - O&E's only to open out trial ready for yield harvest,1,,,,,harvesting process,,,,,,,,combined O&E's - O&E's only to open out trial ready for yield harvest
1099,Hoosfield,2011,All plots,09/08/2011,,baled straw - baled to remove straw,1,,,,,baling process,,,,,,,,baled straw - baled to remove straw
1100,Hoosfield,2011,All plots,10/08/2011,,Plots combined for yields,1,,,,,harvesting process,,,,,,,,Plots combined for yields
1101,Hoosfield,2011,All plots,10/08/2011,,Straw weights,1,,,,,other,,,,,,,,Straw weights
1102,Hoosfield,2011,All plots,10/08/2011,,combined. Cleared the remaining crop after yields done,1,,,,,harvesting process,,,,,,,,combined. Cleared the remaining crop after yields done
1103,Hoosfield,2011,All plots,10/08/2011,,baled straw,1,,,,,baling process,,,,,,,,baled and removed straw
1103,Hoosfield,2011,All plots,10/08/2011,,removed straw,1,,,,,residue removal process,,,,,,,,
1104,Hoosfield,2011,all plots,22/08/2011,,Combined O&E's,1,,,,,harvesting process,,,,,,,,Combined O&E's
1110,Hoosfield,2012,All plots,29/11/2011,,ploughed - thrown south,1,1,,,,tillage process,,,,,,,,"ploughed, soil thrown south."
1113,Hoosfield,2012,All plots,27/02/2012,,Flexitined,1,1,,,,tillage process,,,,,,,,Flexitined
1114,Hoosfield,2012,All plots,01/03/2012,,rolled,1,1,,,,tillage process,,,,,,,,rolled Finished
1116,Hoosfield,2012,All plots,12/04/2012,,rotavated paths,1,1,,,,tillage process,,,,,,,,rotavated paths
1122,Hoosfield,2012,All plots,14/06/2012,,Pull up Wild Oats - discards only,1,,,,,hand picking process,,,,,,,,Pull up Wild Oats - discards only
1123,Hoosfield,2012,All plots,04/07/2012,,Picking Wild Oats - 24 plants picked from plots,1,,,,,hand picking process,,,,,,,,Picking Wild Oats - 24 plants picked from plots
1124,Hoosfield,2012,All plots,06/08/2012,,Cut paths,1,,,,,mowing process,,,,,,,,Cut paths
1125,Hoosfield,2012,All plots,24/08/2012,,harvested O&E's,1,,,,,harvesting process,,,,,,,,harvested O&E's
1126,Hoosfield,2012,All plots,31/08/2012,,harvested,1,,,,,harvesting process,,,,,,,,harvested
1127,Hoosfield,2012,All plots,03/09/2012,,sampled and weighed straw,1,,,,,sample collection process,,,,,,,,"sampled, weighed and baled."
1127,Hoosfield,2012,All plots,03/09/2012,,baled straw,1,,,,,baling process,,,,,,,,
1128,Hoosfield,2012,All plots,19/09/2012,,Stubble rolled,1,1,,,,tillage process,,,,,,,,Stubble rolled
1138,Hoosfield,2012,All plots,08/10/2012,,ploughed,1,1,,,,tillage process,,,,,,,,ploughed
1145,Hoosfield,2013,All plots,08/10/2012,,ploughed,1,1,,,,tillage process,,,,,,,,ploughed
1147,Hoosfield,2013,All plots,04/03/2013,,Ring rolled,1,1,,,,tillage process,,,,,,,,Ring rolled
1148,Hoosfield,2013,All plots,30/04/2013,,rotavated paths,1,1,,,,tillage process,,,,,,,,rotavated paths
1155,Hoosfield,2013,All plots,09/07/2013,,Cultivated Paths,1,1,,,,tillage process,,,,,,,,"Cut, Cultivated Paths"
,Hoosfield,,all plots,,,cut paths,1,,,,,mowing process,,,,,,,,
1156,Hoosfield,2013,All plots,10/07/2013,,"Pulling Wild Oats, 7 in plots",1,,,,,hand picking process,,,,,,,,"Pulling Wild Oats, 7 in plots"
1157,Hoosfield,2013,All plots,12/08/2013,,harvested (opened up exp),1,,,,,harvesting process,,,,,,,Claas,Claas - harvested (opened up exp)
1158,Hoosfield,2013,All plots,27/08/2013,,harvested discards O&E's,1,,,,,harvesting process,,,,,,,Claas,Claas harvested discards O&E's
1159,Hoosfield,2013,All plots,27/08/2013,,harvested plots for yield,1,,,,,harvesting process,,,,,,,Sampo,Sampo harvested for yield all plots
1160,Hoosfield,2013,All plots,28/08/2013,,baled straw,1,,,,,baling process,,,,,,,,baled sampled and weighed all plots
1160,Hoosfield,2013,All plots,28/08/2013,,sampled and weighed all plots,1,,,,,sample collection process,,,,,,,,
1162,Hoosfield,2013,All plots,20/08/2013,,harvested opened up and cut O&E's,1,,,,,harvesting process,,,,,,,Claas,Claas harvested opened up and cut O&E's
1170,Hoosfield,2014,All plots,06/12/2013,09/12/2013,ploughed - thrown south,1,1,,,,tillage process,,,,,,,,"ploughing, thrown south"
1171,Hoosfield,2014,All plots,10/03/2014,,Flexitined ploughed ground - drill prep,1,1,,,,tillage process,,,,,,,,Flexitined ploughed ground - drill prep
1172,Hoosfield,2014,All plots,12/03/2014,,Power-harrowed - All site and all Plots,1,1,,,,tillage process,,,,,,,,Power-harrowed - All site and all Plots
1173,Hoosfield,2014,All plots,14/03/2014,,rolled,1,1,,,,tillage process,,,,,,,,rolled
1176,Hoosfield,2014,All plots,29/04/2014,,rotavated paths,1,1,,,,tillage process,,,,,,,,rotavated paths
1183,Hoosfield,2014,All plots,10/07/2014,,Removed wild oats from trial - 46 in total,1,,,,,pest control process,,,,,,,,Removed wild oats from trial - 46 in total
1184,Hoosfield,2014,All plots,05/09/2014,,Cut discard areas,1,,,,,baling process,,,,,,,,Cut discard areas and baled straw with Class round baler; removed grain and straw.
1184,Hoosfield,2014,All plots,05/09/2014,,baled straw with Class round baler,1,,,,,baling process,,,,,,,,
1184,Hoosfield,2014,All plots,05/09/2014,,removed grain and straw.,1,,,,,residue removal process,,,,,,,,
1185,Hoosfield,2014,All plots,06/09/2014,,harvested all plots for grain yields,1,,,,,harvesting process,,,,,,,Sampo,Sampo harvested all plots for grain yields
1186,Hoosfield,2014,all plots,08/09/2014,,baled straw,1,,,,,baling process,,,,,,,,Baled and weighed straw for yields
1186,Hoosfield,2014,all plots,08/09/2014,,weighed straw for yields,1,,,,,sample collection process,,,,,,,,
1194,Hoosfield,2015,All plots,18/12/2014,,ploughed - thrown north,1,1,,,,tillage process,,,,,,,,"ploughed, thrown north"
1195,Hoosfield,2015,All plots,05/03/2015,,springtined all ground,1,1,,,,tillage process,,,,,,,,springtined all ground
1199,Hoosfield,2015,All plots,06/03/2015,,rolled,1,1,,,,tillage process,,,,,,,,rolled Al Site
1200,Hoosfield,2015,All plots,12/05/2015,,rotavated paths,1,1,,,,tillage process,,,,,,,,rotavated paths
1208,Hoosfield,2015,All plots,03/06/2015,,rotavated paths,1,1,,,,tillage process,,,,,,,,rotavated paths
1210,Hoosfield,2015,All plots,17/06/2015,,rotavated paths,1,1,,,,tillage process,,,,,,,,Rotavated all paths
1213,Hoosfield,2015,All plots,22/07/2015,,pulled 2 wild oats from plots and surrounds,1,,,,,hand picking process,,,,,,,,pulled 2 wild oats from plots and surrounds
1214,Hoosfield,2015,All plots,02/09/2015,,harvested commercial O&E's,1,,,,,harvesting process,,,,,,,,harvested commercial O&E's
1215,Hoosfield,2015,All plots,07/09/2015,,harvested All Barley Plots for Grain Yield,1,,,,,harvesting process,,,,,,,,harvested All Barley Plots for Grain Yield
1216,Hoosfield,2015,All plots,08/09/2015,,baled all swath on field,1,,,,,baling process,,,,,,,,baled all swath on field
1217,Hoosfield,2015,All plots,09/09/2015,,Removed bales from commercial area,1,,,,,residue removal process,,,,,,,,Removed bales from commercial area
1218,Hoosfield,2015,All plots,09/09/2015,,baled straw,1,,,,,baling process,,,,,,,,baled sampled and weighed all plots
1218,Hoosfield,2015,All plots,09/09/2015,,sampled and weighed all plots,1,,,,,sample collection process,,,,,,,,
1219,Hoosfield,2015,All plots,07/09/2015,,Removed round bales from field,1,,,,,residue removal process,,,,,,,,Removed round bales from field
1227,Hoosfield,2016,All plots,03/12/2015,,ploughed - thrown south,1,1,,,,tillage process,,,,,,,,"ploughed, thrown south"
1228,Hoosfield,2016,All plots,17/02/2016,,combination Harrowed all Site and surrounds,1,1,,,,tillage process,,,,,,,,combination Harrowed all Site and surrounds
1231,Hoosfield,2016,All plots,21/04/2016,,Marked out and rotavated all paths,1,1,,,,tillage process,,,,,,,,Marked out and rotavated all paths
