Experiment,year,section,start date,new start date,end date,new end date,operation,amount,unit
Exhaustion Land,1949,all plots,03/01/1949,03/01/1949,10/01/1949,10/01/1949,ploughed,,
Exhaustion Land,1949,all plots,22/03/1949,22/03/1949,,,Springtined,,
Exhaustion Land,1949,all plots,23/03/1949,23/03/1949,,,Drilled,,
Exhaustion Land,1949,all plots,24/03/1949,24/03/1949,,,"Sulphate of ammonia applied, harrowed in",,
Exhaustion Land,1949,all plots,01/04/1949,01/04/1949,,,Rolled,,
Exhaustion Land,1949,all plots,09/08/1949,09/08/1949,,,Harvested,,
Exhaustion Land,1949,Variety,,,,,Plumage Archer,,
Exhaustion Land,1950,all plots,30-Aug-1949,30/08/1949,1-Sep-1949,1/09/1949,ploughed,,
Exhaustion Land,1950,all plots,14-Oct-1949,14/10/1949,,,Springtined,,
Exhaustion Land,1950,all plots,16-Dec-1949,16/12/1949,,,ploughed,,
Exhaustion Land,1950,all plots,8-Mar-1950,08/03/1950,,,Springtined,,
Exhaustion Land,1950,all plots,11-Mar-1950,11/03/1950,,,Springtined,,
Exhaustion Land,1950,all plots,14-Mar-1950,14/03/1950,,,Harrowed,,
Exhaustion Land,1950,all plots,15-Mar-1950,15/03/1950,,,Sulphate of ammonia drilled,,
Exhaustion Land,1950,all plots,15-Mar-1950,15/03/1950,,,"seed drilled, harrowed in, rolled",,
Exhaustion Land,1950,all plots,30-May-1950,30/05/1950,,,Thistles cut,,
Exhaustion Land,1950,all plots,7-Aug-1950,07/08/1950,,,Harvested,,
Exhaustion Land,1950,all plots,None,,,,variety Plumage Archer,,
Exhaustion Land,1951,all plots,29-Aug-1950,29/08/1950,,,ploughed,,
Exhaustion Land,1951,all plots,27-Jan-1951,27/01/1951,,,ploughed,,
Exhaustion Land,1951,all plots,16/04/1951,16/04/1951,,,Seed drilled at 3 bushels per acre,,
Exhaustion Land,1951,all plots,16/04/1951,16/04/1951,,,Sulphate of ammonia drilled,,
Exhaustion Land,1951,all plots,03/09/1951,03/09/1951,,,Plumage Archer,,
Exhaustion Land,1952,all plots,14-Sept-1951,14/09/1951,,,ploughed,,
Exhaustion Land,1952,all plots,17/12/1951,17/12/1951,,,ploughed,,
Exhaustion Land,1952,all plots,28/02/1952,28/02/1952,,,Seed drilled at 3 bushels per acre,,
Exhaustion Land,1952,all plots,28/02/1952,28/02/1952,,,Sulphate of ammonia aplied,,
Exhaustion Land,1952,all plots,31-July-1952,31/07/1952,,,Harvested,,
Exhaustion Land,1952,all plots,None,,,,variety Plumage Archer,,
Exhaustion Land,1953,all plots,4-Sept-1952,04/09/1952,,,ploughed,,
Exhaustion Land,1953,all plots,26-Feb-1953,26/02/1953,,,24 cwt sulphate of ammonia per acre applied,,
Exhaustion Land,1953,all plots,27-Feb-1953,27/02/1953,,,Seed drilled at 3 bushels per acre,,
Exhaustion Land,1953,all plots,26-May-1953,26/05/1953,,,sprayed vith M.C.P.A. 2 pints per acre,,
Exhaustion Land,1953,all plots,None,,,,variety Plumage Archer,,
Exhaustion Land,1954,all plots,2-Sept-1953,02/09/1953,,,ploughed,,
Exhaustion Land,1954,all plots,21-Oct-1953,21/10/1953,,,ploughed,,
Exhaustion Land,1954,all plots,16-Mar-1954,16/03/1954,,,"seed drilled at 3 bushels per acre, sulphate of ammonia applied",,
Exhaustion Land,1954,all plots,28-Aug-1954,28/08/1954,,,Harvested,,
Exhaustion Land,1954,all plots,None,,,,variety Plumage Archer,,
Exhaustion Land,1955,all plots,28-Sept-1954,28/09/1954,,,ploughed,,
Exhaustion Land,1955,all plots,31-Dec-1954,31/12/1954,,,1st dressing of ground chalk applied to acid areas,,
Exhaustion Land,1955,all plots,10-Jan-1955,10/01/1955,,,ploughed,,
Exhaustion Land,1955,all plots,18-Mar-1955,18/03/1955,,,2nd dressing of ground chalk applied,,
Exhaustion Land,1955,all plots,21-Mar-1955,21/03/1955,,,Nitro-chalk applied at 3.25 cwt per acre,,
Exhaustion Land,1955,all plots,22-Mar-1955,22/03/1955,,,Seed drilled at 3 bushels per acre,,
Exhaustion Land,1955,all plots,28-July-1955,28/07/1955,,,part of certain plots infested with wild oats (Avena fatua) cut and discarded,,
Exhaustion Land,1955,all plots,15-Aug-1955,15/08/1955,,,Harvested,,
Exhaustion Land,1955,all plots,51-Mar-1955,51/03/1955,,,sprayed with M.C.P.A. at 2.5 pints in 40 gallons per acre,,
Exhaustion Land,1955,all plots,None,,,,variety Plumage Archer. Note Wild oats were pulled by hand during August from the harvested areas,,
Exhaustion Land,1956,all plots,12-Sept-1955,12/09/1955,23-Sept-1955,23/09/1955,ploughed,,
Exhaustion Land,1956,all plots,25-Sept-1955,23/09/1955,,,"Ploughed the NE halves of plots 1, 2 (by the side land) were fallow to reduce the weed infestation.",,
Exhaustion Land,1956,all plots,21-Nov-1955,21/11/1955,,,ploughed,,
Exhaustion Land,1956,all plots,22-Nov-1955,22/11/1955,,,"Ploughed the NE halves of plots 1, 2 (by the side land) were fallow to reduce the weed infestation.",,
Exhaustion Land,1956,all plots,26-Mar-1956,26/03/1956,,,Nitro-chalk applied at 3.5 cwt per acre,,
Exhaustion Land,1956,all plots,3-Apr-1956,03/04/1956,,,Seed drilled at 3 bushels per acre,,
Exhaustion Land,1956,all plots,15-May-1956,15/05/1956,,,"Ploughed the NE halves of plots 1, 2 (by the side land) were fallow to reduce the weed infestation.",,
Exhaustion Land,1956,all plots,17-May-1956,17/05/1956,,,"sprayed with MCPA, at 3 pints in 40 gallons per acre",,
Exhaustion Land,1956,all plots,23-Aug-1956,23/08/1956,,,"Ploughed the NE halves of plots 1, 2 (by the side land) were fallow to reduce the weed infestation.",,
Exhaustion Land,1956,all plots,30-Aug-1956,30/08/1956,,,Harvested,,
Exhaustion Land,1956,Variety,,,,,Plumage Archer,,
Exhaustion Land,1957,barley - eastern half,,18/03/1957,,,fertilizers applied,,
Exhaustion Land,1957,barley - eastern half,,21/03/1957,,,seed drilled at 2.75 bushels per acre,,
Exhaustion Land,1957,barley - eastern half,,01/08/1957,,,Harvested,,
Exhaustion Land,1957,barley variety,,,,,Plumage Archer,,
Exhaustion Land,1957,cropped section,26-Sept-1956,26/09/1956,27-Sept-1956,27/09/1956,ploughed,,
Exhaustion Land,1957,cropped section,21-Mar-1957,21/03/1957,,,seed drilled at 2.75 bushels per acre,,
Exhaustion Land,1957,cropped section,21-Aug-1957,21/08/1957,,,Harvested,,
Exhaustion Land,1957,cropped section,None,,,,variety Plumage Archer,,
Exhaustion Land,1957,Cropped section - Eastern Half,26-Sept-1957,26/09/1956,,,ploughed,,
Exhaustion Land,1957,fallowed section,26-Sept-1956,26/09/1956,27-Sept-1956,27/09/1956,ploughed,,
Exhaustion Land,1957,fallowed section,4-May-1957,04/05/1957,,,sprayed with TCA at 20 lb in 80 gallons per acre,,
Exhaustion Land,1957,fallowed section,7-June-1957,07/06/1957,,,sprayed with TCA at 20 lb in 80 gallons per acre,,
Exhaustion Land,1957,fallowed section,26-June-1957,26/06/1957,,,ploughed,,
Exhaustion Land,1957,fallowed section,21-Aug-1957,21/08/1957,,,ploughed,,
Exhaustion Land,1957,fallowed section,None,,,,"Note. the grain was damaged by mice during storage, particularly that from plot 2",,
Exhaustion Land,1957,kale - eastern half,,04/04/1957,,,Seedbed N and PK applied,,
Exhaustion Land,1957,kale - eastern half,,27/04/1957,,,Seed drilled at 6 lb per acre,,
Exhaustion Land,1957,kale - eastern half,,28/06/1957,,,thinned,,
Exhaustion Land,1957,kale - eastern half,,02/07/1957,,,Nitrogen top-dressings applied,,
Exhaustion Land,1957,kale - eastern half,,13/07/1957,,,Nitrogen top-dressings applied,,
Exhaustion Land,1957,kale - eastern half,,02/12/1957,,,Harvested,,
Exhaustion Land,1957,kale variety,,,,,Thousand Head,,
Exhaustion Land,1957,potatoes - eastern half,,29/04/1957,,,fertilizers applied,,
Exhaustion Land,1957,potatoes - eastern half,,29/04/1957,,,potatoes hand planted,,
Exhaustion Land,1957,potatoes - eastern half,,06/07/1957,,,earthed up,,
Exhaustion Land,1957,potatoes - eastern half,,03/08/1957,,,"sprayed with copper fungicide, 5 lb in 40 gallons per acre",,
Exhaustion Land,1957,potatoes - eastern half,,21/08/1957,,,"sprayed with copper fungicide, 5 lb in 40 gallons per acre",,
Exhaustion Land,1957,potatoes - eastern half,,30/09/1957,,,Harvested,,
Exhaustion Land,1957,potatoes variety,,,,,Majestic,,
Exhaustion Land,1957,spring wheat - eastern half,,19/03/1957,,,fertilizers applied,,
Exhaustion Land,1957,spring wheat - eastern half,,21/03/1957,,,Seed drilled at 3.5 bushels per acre,,
Exhaustion Land,1957,spring wheat - eastern half,,19/08/1957,,,Harvested,,
Exhaustion Land,1957,spring wheat variety,,,,,Koga II,,
Exhaustion Land,1957,sugar beet - eastern half,,04/04/1957,,,fertilizers applied,,
Exhaustion Land,1957,sugar beet - eastern half,,15/04/1957,,,Seed drilled at 12 lb per acre,,
Exhaustion Land,1957,sugar beet - eastern half,,29/05/1957,,,Sprayed with miscible DDT at 3 pints in 20 gallons per acre,,
Exhaustion Land,1957,sugar beet - eastern half,,19/06/1957,,,singled,,
Exhaustion Land,1957,sugar beet - eastern half,,09/07/1957,,,Sprayed with demeton methyl at 12 fluid oz in 80 gallons per acre,,
Exhaustion Land,1957,sugar beet - eastern half,,07/11/1957,,,Harvested,,
Exhaustion Land,1957,sugar beet variety,,,,,Klein E,,
Exhaustion Land,1957,swedes - eastern half,,17/04/1957,,,fertilizers applied,,
Exhaustion Land,1957,swedes - eastern half,,27/04/1957,,,Seed drilled at 6 lb per acre,,
Exhaustion Land,1957,swedes - eastern half,,21/06/1957,,,singled,,
Exhaustion Land,1957,swedes - eastern half,,15/11/1957,,,Harvested,,
Exhaustion Land,1957,swedes variety,,,,,Wilhelmsburger,,
Exhaustion Land,1958,barley - eastern half,11-Apr-1958,11/04/1958,,,fertilizers applied,,
Exhaustion Land,1958,barley - eastern half,12-Apr-1958,12/04/1958,,,seed drilled at 2.75 bushels per acre,,
Exhaustion Land,1958,barley - eastern half,13-Aug-1958,13/08/1958,,,Harvested,,
Exhaustion Land,1958,barley - western half,,12/04/1958,,,seed drilled at 2.75 bushels per acre,,
Exhaustion Land,1958,barley - western half,,17/04/1958,,,Sulphate of ammonia applied at 2.5 cwt per acre,,
Exhaustion Land,1958,barley - western half,,28/05/1958,,,Sprayed with CMPP at 6 pints in 40 gallons per acre,,
Exhaustion Land,1958,barley - western half,,07/09/1958,,,combine harvested,,
Exhaustion Land,1958,barley variety,,,,,Plumage Archer,,
Exhaustion Land,1958,Cropped section - Eastern Half,26-Sept-1957,31/12/1957,,,ploughed,,
Exhaustion Land,1958,fallowed section - western half,31-Dec-1957,31/12/1957,,,ploughed,,
Exhaustion Land,1958,fallowed section - western half,16-June-1958,16/06/1958,,,ploughed,,
Exhaustion Land,1958,kale - eastern half,3-Dec-1957,03/12/1958,,,Harvested,,
Exhaustion Land,1958,kale - eastern half,14-Apr-1958,14/04/1958,,,"Seedbed N, FK applied",,
Exhaustion Land,1958,kale - eastern half,15-Apr-1958,15/04/1958,,,seed drilled at 3 lb per acre,,
Exhaustion Land,1958,kale - eastern half,10-June-1958,10/06/1958,,,thinned,,
Exhaustion Land,1958,kale - eastern half,5-July-1958,05/07/1958,,,Nitrogen top-dressings applied,,
Exhaustion Land,1958,kale - eastern half,27-Aug-1958,27/08/1958,,,Nitrogen top-dressings applied,,
Exhaustion Land,1958,potatoes - eastern half,9-Sept-1957,09/09/1958,,,Harvested,,
Exhaustion Land,1958,potatoes - eastern half,23-Apr-1958,23/04/1958,,,fertilizers applied,,
Exhaustion Land,1958,potatoes - eastern half,25-Apr-1958,25/04/1958,,,potatoes hand planted,,
Exhaustion Land,1958,potatoes - eastern half,8-July-1958,08/07/1958,,,earthed up,,
Exhaustion Land,1958,potatoes - eastern half,12-July-1958,12/07/1958,,,"sprayed with copper fungicide, 5 lb in 40 gallons per acre",,
Exhaustion Land,1958,potatoes - eastern half,6-Aug-1958,06/08/1958,,,"sprayed with copper fungicide, 3 lb and 1 pint spreader in 40 gallons per acre",,
Exhaustion Land,1958,potatoes - eastern half,,16/08/1958,,,"sprayed with copper fungicide, 3 lb and 1 pint spreader in 40 gallons per acre",,
Exhaustion Land,1958,spring wheat - eastern half,1-Sept-1957,01/09/1958,,,Harvested,,
Exhaustion Land,1958,spring wheat - eastern half,11-Apr-1958,11/04/1958,,,fertilizers applied,,
Exhaustion Land,1958,spring wheat - eastern half,12-Apr-1958,12/04/1958,,,seed drilled at 3.25 bushels per acre,,
Exhaustion Land,1958,sugar beet - eastern half,18-Nov-1957,18/11/1958,,,Harvested,,
Exhaustion Land,1958,sugar beet - eastern half,14-Apr-1958,14/04/1958,,,"fertilizers applied, seed drilled at 19 lb per acre",,
Exhaustion Land,1958,sugar beet - eastern half,6-June-1958,06/06/1958,,,singled,,
Exhaustion Land,1958,sugar beet - eastern half,7-July-1958,07/07/1958,,,sprayed with demeton methyl at 12 fluid oz in 40 gallons per acre,,
Exhaustion Land,1958,swedes - eastern half,5-Oct-1957,05/10/1958,,,Harvested,,
Exhaustion Land,1958,swedes - eastern half,15-May-1958,15/05/1958,,,"fertilizers applied, seed drilled at 5 lb per acre",,
Exhaustion Land,1958,swedes - eastern half,10-June-1958,10/06/1958,,,singled,,
Exhaustion Land,1959,all plots,16-Feb-1959,16/02/1959,,,ploughed,,
Exhaustion Land,1959,all plots,17-Mar-1959,17/03/1959,,,"Nitra-Shell applied, seed drilled at 2.75 bushels per acre",,
Exhaustion Land,1959,all plots,27-May-1959,27/05/1959,,,sprayed with CMPP at 4 pints in 40 gallons per acre,,
Exhaustion Land,1959,all plots,5-Aug-1959,05/08/1959,,,"Plots 5, 9 cut by hand",,
Exhaustion Land,1959,all plots,18-Aug-1959,18/08/1959,,,Remaining plots combine harvested,,
Exhaustion Land,1959,all plots,None,,,,variety Plumage Archer,,
Exhaustion Land,1960,all plots,2-Sept-1959,02/09/1959,,,sprayed with dalapon at 4 lb in 40 gallons per acre,,
Exhaustion Land,1960,all plots,6-Sept-1959,06/09/1959,,,combine harvested,,
Exhaustion Land,1960,all plots,7-Sept-1959,07/09/1959,,,Ground chalk applied to plot 2 at 21 cwt per acre,,
Exhaustion Land,1960,all plots,17-Nov-1959,17/11/1959,,,ploughed,,
Exhaustion Land,1960,all plots,7-Mar-1960,07/03/1960,,,Applied Sulphate of Ammonia,,
Exhaustion Land,1960,all plots,17-Mar-1960,17/03/1960,,,seed drilled at 2.75 bushels per acre,,
Exhaustion Land,1960,all plots,25-May-1960,25/05/1960,,,Sprayed with CMPP at 6 pints in 40 gallons per acre,,
Exhaustion Land,1960,all plots,26-Aug-1960,26/08/19659,,,sprayed with dalapon at 8 lb in 20 gallons per acre,,
Exhaustion Land,1960,all plots,None,,,,variety Plumage Archer,,
Exhaustion Land,1961,all plots,12-Oct-1960,12/10/1960,,,sprayed with dalapon at 10 lb in 40 gallons per acre,,
Exhaustion Land,1961,all plots,14-Nov-1960,14/11/1960,,,sprayed dalapon at 5 lb in 40 gallons per acre,,
Exhaustion Land,1961,all plots,16-Dec-1960,16/12/1960,,,ploughed,,
Exhaustion Land,1961,all plots,29-Mar-1961,29/03/1961,,,Nitro-chalk applied,,
Exhaustion Land,1961,all plots,12-Apr-1961,12/04/1961,,,seed drilled at 2.75 bushels per acre,,
Exhaustion Land,1961,all plots,19-May-1961,19/05/1961,,,Sprayed with CMPP at 6 pints in 40 gallons per acre,,
Exhaustion Land,1961,all plots,29-Aug-1961,29/08/1961,,,combine harvested,,
Exhaustion Land,1961,all plots,None,,,,variety Plumage Archer,,
Exhaustion Land,1962,all plots,8-Sept-1961,08/09/1961,,,Plots 5 and 6 and part of 2 sprayed with dalapon at 8 lb in 40 gallons per acre,,
Exhaustion Land,1962,all plots,14-Sept-1961,14/09/1961,,,combine harvested,,
Exhaustion Land,1962,all plots,27-Sept-1961,27/09/1961,,,sprayed with dalapon at 4 lb in 40 gallons per acre,,
Exhaustion Land,1962,all plots,31-Oct-1961,31/10/1961,,,ploughed,,
Exhaustion Land,1962,all plots,28-Mar-1962,28/03/1962,,,"Nitro-chalk applied, seed drilled at 3 bushels per acre",,
Exhaustion Land,1962,all plots,4-June-1962,04/06/1962,,,sprayed with MCPA/TBA at 4 pints 40 gallons per acre,,
Exhaustion Land,1962,all plots,None,,,,variety Plumage Archer,,
Exhaustion Land,1963,all plots,5-Sept-1962,05/09/1962,,,combine harvested,,
Exhaustion Land,1963,all plots,27-Sept-1962,27/09/1962,,,sprayed with dalapon at 7.4 lb in 40 gallons per acre,,
Exhaustion Land,1963,all plots,16-Oct-1962,16/10/1962,,,"sprayed with dalapon, again at 3.7 lb in 40 gallons per acre",,
Exhaustion Land,1963,all plots,27-Mar-1963,27/03/1963,,,ploughed,,
Exhaustion Land,1963,all plots,8-Apr-1963,08/04/1963,,,seed combine drilled at 2 bushels per acre,,
Exhaustion Land,1963,all plots,all-June-1963,11/06/1963,,,sprayed with MCPA/TBA at 4 pints 40 gallons per acre,,
Exhaustion Land,1963,all plots,None,,,,variety Proctor,,
Exhaustion Land,1964,all plots,25-Sept-1963,25/09/1963,,,sprayed with dalapon at 5.9 lb in 40 gals,,
Exhaustion Land,1964,all plots,14-Oct-1963,14/10/1963,,,sprayed with dalapon at 5.9 lb in 40 gals,,
Exhaustion Land,1964,all plots,1-Nov-1963,01/11/1963,,,ploughed,,
Exhaustion Land,1964,all plots,6-Mar-1964,06/03/1964,,,seed combine drilled at 2.75 bushels,,
Exhaustion Land,1964,all plots,27-Mar-1964,27/03/1964,,,"sprayed with mecoprop/2,4-D (Methoxone extra at 6 pints in 40 gals)",,
Exhaustion Land,1964,all plots,21-Aug-1964,21/08/1964,,,combine harvested,,
Exhaustion Land,1965,all plots,1-Sept-1964,01/09/1964,,,combine harvested,,
Exhaustion Land,1965,all plots,2-Nov-1964,02/11/1964,,,ploughed,,
Exhaustion Land,1965,all plots,15-Mar-1965,15/03/1965,,,seed combine drilled at 160 lb,,
Exhaustion Land,1965,all plots,22-May-1965,22/05/1965,,,sprayed with MCPA at 1.13 lb and dicamba at 0.08 lb in 40 gals,,
Exhaustion Land,1965,all plots,,,,,"Estimates were made of the incidence of Eyespot (Cercosporella herpotrichoides), take-all (Ophicbolus graminis)",,
Exhaustion Land,1966,all plots,18-Oct-1965,18/10/1965,,,sprayed with dalapon at 8.9 lb a.e. in 40 gals,,
Exhaustion Land,1966,all plots,22-Nov-1965,22/11/1965,,,ploughed,,
Exhaustion Land,1966,all plots,11-Mar-1966,11/03/1966,,,seed combine drilled at 156 lb,,
Exhaustion Land,1966,all plots,27-May-1966,27/05/1966,,,"sprayed with mecoprop/2,4-D (Methoxone extra at 6 pints in 40 gals)",,
Exhaustion Land,1966,all plots,26-Aug-1966,26/08/1966,,,combine harvested,,
Exhaustion Land,1966,all plots,None,,,,variety Maris Badger,,
Exhaustion Land,1967,all plots,16-Sept-1966,16/09/1966,,,sprayed with dalapon at 11 lb a.e. in 40 gals,,
Exhaustion Land,1967,all plots,18-Sept-1966,18/09/1966,,,ploughed,,
Exhaustion Land,1967,all plots,30-Mar-1967,30/03/1967,,,rotary cultivated,,
Exhaustion Land,1967,all plots,2-May-1967,02/05/1967,,,rotary cultivated,,
Exhaustion Land,1967,all plots,2-June-1967,02/06/1967,,,rotary cultivated,,
Exhaustion Land,1967,all plots,30-June-1967,30/06/1967,,,Deep-tine cultivated,,
Exhaustion Land,1967,all plots,12-July-1967,12/07/1967,,,rotary cultivated,,
Exhaustion Land,1968,all plots,5-Sept-1967,05/09/1967,,,ploughed,,
Exhaustion Land,1968,all plots,28-Feb-1968,28/02/1968,,,seed combine drilled at 140 lb,,
Exhaustion Land,1968,all plots,17-May-1968,17/05/1968,,,sprayed with dicamba mecoprop and MCPA (Banlene Plus at 4 pints in 32 gals),,
Exhaustion Land,1968,all plots,21-Aug-1968,21/08/1968,,,combine harvested,,
Exhaustion Land,1969,all plots,1-Oct-1968,01/10/1968,,,sprayed with paraquat at 0.5 lb ion in 25 gals,,
Exhaustion Land,1969,all plots,28-Oct-1968,28/10/1968,,,ploughed,,
Exhaustion Land,1969,all plots,10-Mar-1969,10/03/1969,,,seed combine drilled at 140 lb,,
Exhaustion Land,1969,all plots,23-May-1969,23/05/1969,,,"sprayed with MCPA, mecoprop, dicambe (Banlene Plus at 4 pints in 20 gals)",,
Exhaustion Land,1969,all plots,22-Aug-1969,22/08/1969,,,combine harvested,,
Exhaustion Land,1969,all plots,28-Aug-1969,28/08/1969,,,rotary cultivated,,
Exhaustion Land,1970,all plots,18-Sept-1969,18/09/1969,,,sprayed with paraquat at 0.5 lb ion in 20 gals,,
Exhaustion Land,1970,all plots,16-Oct-1969,16/10/1969,,,ploughed,,
Exhaustion Land,1970,all plots,20-Mar-1970,20/03/1970,,,seed combine drilled at 140 lb,,
Exhaustion Land,1970,all plots,26-May-1970,26/05/1970,,,"sprayed with MCPA, mecoprop, dicamba (Banlene Plus at 4 pints in 20 gals)",,
Exhaustion Land,1970,all plots,15-Aug-1970,15/08/1970,,,combine harvested,,
Exhaustion Land,1971,all plots,9-Sept-1970,09/09/1970,,,ploughed,,
Exhaustion Land,1971,all plots,25-Feb-1971,25/02/1971,,,seed combine drilled at 157 kg,,
Exhaustion Land,1971,all plots,11-May-1971,11/05/1971,,,"sprayed with ioxynil octanoate bromoxynil octanoate, the iso-octyl ester of dichlorprop (Oxytril P at 1.4 l in 225 l)",,
Exhaustion Land,1971,all plots,17-Aug-1971,17/08/1971,,,combine harvested,,
Exhaustion Land,1972,all plots,10-Sept-1971,10/09/1971,,,sprayed with aminotriazole at 4.5 kg and ammonia thiocyanate at 4.1 kg in 220 l,,
Exhaustion Land,1972,all plots,8-Nov-1971,08/11/1971,,,ploughed,,
Exhaustion Land,1972,all plots,16-Mar-1972,16/03/1972,,,seed combine drilled,,
Exhaustion Land,1972,all plots,18-May-1972,18/05/1972,,,"sprayed with MCPA, mecoprop, dicamba (Banlene Plus at 5.6 l in 220 l)",,
Exhaustion Land,1972,all plots,23-Aug-1972,23/08/1972,,,combine harvested,,
Exhaustion Land,1973,all plots,12-Sept-1972,12/09/1972,,,ploughed,,
Exhaustion Land,1973,all plots,9-Mar-1973,09/03/1973,,,seed sown,,
Exhaustion Land,1973,all plots,18-May-1973,18/05/1973,,,"sprayed with dicamba mecoprop, MCPA (Tetralex Plus at 7.0 l in 200 l)",,
Exhaustion Land,1973,all plots,9-Aug-1973,09/08/1973,,,combine harvested,,
Exhaustion Land,1974,all plots,12-Sept-1973,12/09/1973,,,autumn weedkiller applied,,
Exhaustion Land,1974,all plots,4-Oct-1973,04/10/1973,,,ploughed,,
Exhaustion Land,1974,all plots,26-Mar-1974,26/03/1974,,,seed sown,,
Exhaustion Land,1974,all plots,21-May-1974,21/05/1974,,,spring weedkiller applied,,
Exhaustion Land,1974,all plots,20-Aug-1974,20/08/1974,,,Harvested,,
Exhaustion Land,1975,all plots,15-Jan-1975,15/01/1975,,,ploughed,,
Exhaustion Land,1975,all plots,8-May-1975,08/05/1975,,,Spike rotary cultivated,,
Exhaustion Land,1975,all plots,29-May-1975,29/05/1975,,,Spring-tine cultivated,,
Exhaustion Land,1975,all plots,19-June-1975,19/06/1975,,,rotary cultivated,,
Exhaustion Land,1975,all plots,5-Aug-1975,05/08/1975,,,rotary cultivated,,
Exhaustion Land,1976,all plots,15-Nov-1975,15/11/1975,,,Deep-tine cultivated,,
Exhaustion Land,1976,all plots,1-Mar-1976,01/03/1976,,,Spring-tine cultivated,,
Exhaustion Land,1976,all plots,3-Mar-1976,03/03/1976,,,seed sown,,
Exhaustion Land,1976,all plots,24-Mar-1976,24/03/1976,,,N applied,,
Exhaustion Land,1976,all plots,28-May-1976,28/05/1976,,,Weedkiller applied,,
Exhaustion Land,1976,all plots,26-July-1976,26/07/1976,,,Harvested,,
Exhaustion Land,1977,all plots,4-Oct-1976,04/10/1976,,,ploughed,,
Exhaustion Land,1977,all plots,9-Mar-1977,09/03/1977,,,"rotary harrowed, seed sown",,
Exhaustion Land,1977,all plots,24-May-1977,24/05/1977,,,N applied 2 hay. Weedkillers applied,,
Exhaustion Land,1977,all plots,26-Aug-1977,26/08/1977,,,combine harvested,,
Exhaustion Land,1978,all plots,9-Sept-1977,09/09/1977,,,combine harvested,,
Exhaustion Land,1978,all plots,28-Sept-1977,28/09/1977,,,ploughed,,
Exhaustion Land,1978,all plots,31-Mar-1978,31/03/1978,,,"hay spring-tine cultivated, harrowed seed sown",,
Exhaustion Land,1978,all plots,17-May-1978,17/05/1978,,,N applied,,
Exhaustion Land,1978,all plots,26-May-1978,26/05/1978,,,Weedkillers and Fungicide applied,,
Exhaustion Land,1979,all plots,1-Sept-1978,01/09/1978,,,combine harvested,,
Exhaustion Land,1979,all plots,15-Dec-1978,15/12/1978,,,ploughed,,
Exhaustion Land,1979,all plots,18-Apr-1979,18/04/1979,,,"Spring-tine cultivated, seed sown",,
Exhaustion Land,1979,all plots,17-May-1979,17/05/1979,,,N applied,,
Exhaustion Land,1979,all plots,15-June-1979,15/06/1979,,,Weedkillers applied,,
Exhaustion Land,1979,all plots,18-June-1979,18/06/1979,,,Fungicide applied,,
Exhaustion Land,1980,all plots,2-Sept-1979,02/09/1979,,,combine harvested,,
Exhaustion Land,1980,all plots,27-Sept-1979,27/09/1979,,,glyphosate applied,,
Exhaustion Land,1980,all plots,7-Nov-1979,07/11/1979,,,Chalk applied,,
Exhaustion Land,1980,all plots,26-Nov-1979,26/11/1979,,,ploughed,,
Exhaustion Land,1980,all plots,9-Apr-1980,09/04/1980,,,"rotary harrowed, seed sown",,
Exhaustion Land,1980,all plots,9-May-1980,09/05/1980,,,N applied,,
Exhaustion Land,1980,all plots,9-June-1980,09/06/1980,,,Springclene and tridemorph applied,,
Exhaustion Land,1981,all plots,5-Dec-1980,05/12/1980,,,ploughed,,
Exhaustion Land,1981,all plots,18-Feb-1981,18/02/1981,,,"Spring-tine cultivated, seed sown",,
Exhaustion Land,1981,all plots,16-Apr-1981,16/04/1981,,,N applied,,
Exhaustion Land,1981,all plots,30-May-1981,30/05/1981,,,Weedkiller applied,,
Exhaustion Land,1981,all plots,18-Aug-1981,18/08/1981,,,combine harvested,,
Exhaustion Land,1982,all plots,27-Oct-1981,27/10/1981,,,glyphosate applied,,
Exhaustion Land,1982,all plots,20-Nov-1981,20/11/1981,,,ploughed,,
Exhaustion Land,1982,all plots,28-Mar-1982,28/03/1982,,,Spring-tine cultivated,,
Exhaustion Land,1982,all plots,29-Mar-1982,29/03/1982,,,rotary harrowed,,
Exhaustion Land,1982,all plots,30-Mar-1982,30/03/1982,,,seed sown,,
Exhaustion Land,1982,all plots,26-May-1982,26/05/1982,,,"Dicamba mecoprop, MCPA applied with the Fungicide",,
Exhaustion Land,1982,all plots,16-Aug-1982,16/08/1982,,,combine harvested,,
Exhaustion Land,1983,all plots,28-Oct-1982,28/10/1982,,,glyphosate applied,,
Exhaustion Land,1983,all plots,1-Dec-1982,01/12/1982,,,ploughed,,
Exhaustion Land,1983,all plots,10-Mar-1983,10/03/1983,,,"rotary harrowed, seed sown",,
Exhaustion Land,1983,all plots,5-May-1983,05/05/1983,,,N treatments applied,,
Exhaustion Land,1983,all plots,8-June-1983,08/06/1983,,,Herrisol with the Fungicide applied,,
Exhaustion Land,1984,all plots,12-Sept-1983,12/09/1983,,,ploughed,,
Exhaustion Land,1984,all plots,8-Mar-1984,08/03/1984,,,Spring-tine cultivated,,
Exhaustion Land,1984,all plots,10-Mar-1984,10/03/1984,,,seed sown,,
Exhaustion Land,1984,all plots,19-Apr-1984,19/04/1984,,,N treatments applied,,
Exhaustion Land,1984,all plots,25-May-1984,25/05/1984,,,Weedkillers applied,,
Exhaustion Land,1984,all plots,6-June-1984,06/06/1984,,,Fungicide applied,,
Exhaustion Land,1984,all plots,17-Aug-1984,17/08/1984,,,combine harvested,,
Exhaustion Land,1985,all plots,1-Oct-1984,01/10/1984,,,ploughed,,
Exhaustion Land,1985,all plots,18-Mar-1985,18/03/1985,,,"Spring-tine cultivated, seed sown",,
Exhaustion Land,1985,all plots,18-Apr-1985,18/04/1985,,,N applied,,
Exhaustion Land,1985,all plots,10-June-1985,10/06/1985,,,Weedkillers applied,,
Exhaustion Land,1985,all plots,28-June-1985,28/06/1985,,,Fungicide applied,,
Exhaustion Land,1985,all plots,23-Aug-1985,23/08/1985,,,combine harvested,,
Exhaustion Land,1986,all plots,7-Oct-1985,07/10/1985,,,ploughed,,
Exhaustion Land,1986,all plots,28-Apr-1986,28/04/1986,,,Spring-tine cultivated,,
Exhaustion Land,1986,all plots,1-May-1986,01/05/1986,,,"P, K applied, rotary harrowed",,
Exhaustion Land,1986,all plots,2-May-1986,02/05/1986,,,seed sown,,
Exhaustion Land,1986,all plots,29-May-1986,29/05/1986,,,N applied,,
Exhaustion Land,1986,all plots,2-June-1986,02/06/1986,,,Weedkillers with tridemorph applied,,
Exhaustion Land,1986,all plots,16-July-1986,16/07/1986,,,Tridemorph applied,,
Exhaustion Land,1986,all plots,29-Aug-1986,29/08/1986,,,combine harvested,,
Exhaustion Land,1987,all plots,10-Oct-1986,10/10/1986,,,"P, K applied",,
Exhaustion Land,1987,all plots,6-Nov-1986,06/11/1986,,,ploughed,,
Exhaustion Land,1987,all plots,19-Mar-1987,19/03/1987,,,"Spring-tine cultivated, seed sown",,
Exhaustion Land,1987,all plots,23-Apr-1987,23/04/1987,,,N applied,,
Exhaustion Land,1987,all plots,28-May-1987,28/05/1987,,,Weedkillers applied,,
Exhaustion Land,1987,all plots,24-June-1987,24/06/1987,,,Fungicide applied,,
Exhaustion Land,1987,all plots,21-Aug-1987,21/08/1987,,,combine harvested,,
Exhaustion Land,1988,all plots,17-Nov-1987,17/11/1987,,,glyphosate applied,,
Exhaustion Land,1988,all plots,11-Dec-1987,11/12/1987,,,"P, K applied",,
Exhaustion Land,1988,all plots,14-Dec-1987,14/12/1987,,,ploughed,,
Exhaustion Land,1988,all plots,22-Feb-1988,22/02/1988,,,hay spring-tine cultivated twice,,
Exhaustion Land,1988,all plots,23-Feb-1988,23/02/1988,,,hay spring-tine cultivated twice,,
Exhaustion Land,1988,all plots,7-Mar-1988,07/03/1988,,,"rotary harrowed, seed sown",,
Exhaustion Land,1988,all plots,13-Apr-1988,13/04/1988,,,N applied,,
Exhaustion Land,1988,all plots,11-May-1988,11/05/1988,,,Remaining weedkillers applied,,
Exhaustion Land,1988,all plots,17-May-1988,17/05/1988,,,Fungicide applied,,
Exhaustion Land,1988,all plots,17-June-1988,17/06/1988,,,Fungicide applied,,
Exhaustion Land,1988,all plots,15-Aug-1988,15/08/1988,,,combine harvested,,
Exhaustion Land,1989,all plots,19-Oct-1988,19/10/1988,,,glyphosate applied,,
Exhaustion Land,1989,all plots,10-Nov-1988,10/11/1988,,,"P, K applied",,
Exhaustion Land,1989,all plots,14-Dec-1988,14/12/1988,,,ploughed,,
Exhaustion Land,1989,all plots,8-Feb-1989,08/02/1989,,,"rotary harrowed, seed sown",,
Exhaustion Land,1989,all plots,8-May-1989,08/05/1989,,,N applied,,
Exhaustion Land,1989,all plots,18-May-1989,18/05/1989,,,Remaining weedkillers applied,,
Exhaustion Land,1989,all plots,9-June-1989,09/06/1989,,,Fungicide applied,,
Exhaustion Land,1989,all plots,16-Aug-1989,16/08/1989,,,combine harvested,,
Exhaustion Land,1990,all plots,1-Dec-1989,01/12/1989,,,glyphosate applied,,
Exhaustion Land,1990,all plots,8-Dec-1989,08/12/1989,,,ploughed,,
Exhaustion Land,1990,all plots,9-Mar-1990,09/03/1990,,,Spring-tine cultivated twice rotary harrowed seed sown,,
Exhaustion Land,1990,all plots,11-Apr-1990,11/04/1990,,,N applied,,
Exhaustion Land,1990,all plots,10-May-1990,10/05/1990,,,Insecticide applied,,
Exhaustion Land,1990,all plots,14-May-1990,14/05/1990,,,Remaining weedkillers applied with the Fungicide,,
Exhaustion Land,1990,all plots,3-Aug-1990,03/08/1990,,,combine harvested,,
Exhaustion Land,1990,all plots,,01/12/1989,,,P and K applied,,
Exhaustion Land,1991,all plots,20-Nov-1990,20/11/1990,,,"P, K applied",,
Exhaustion Land,1991,all plots,23-Nov-1990,23/11/1990,,,ploughed,,
Exhaustion Land,1991,all plots,25-Mar-1991,25/03/1991,,,Spring-tine cultivated,,
Exhaustion Land,1991,all plots,26-Mar-1991,26/03/1991,,,"rotary harrowed, seed sown",,
Exhaustion Land,1991,all plots,18-Apr-1991,18/04/1991,,,N applied,,
Exhaustion Land,1991,all plots,16-June-1991,16/06/1991,,,Weedkiller with Fungicide applied,,
Exhaustion Land,1991,all plots,29-Aug-1991,29/08/1991,,,combine harvested,,
Exhaustion Land,1992,all plots,19-Sep-1991,19/09/1991,,,Sting cut at 1.5 l in 200 l,,
Exhaustion Land,1992,all plots,20-Sep-1991,20/09/1991,,,"ploughed, spring-tine cultivated, rolled",,
Exhaustion Land,1992,all plots,23-Sep-1991,23/09/1991,,,rotary harrowed Mercia drilled at 160 kg rolled,,
Exhaustion Land,1992,all plots,14-Apr-1992,14/04/1992,,,34.5%N at 560 kg,,
Exhaustion Land,1992,all plots,23-Jun-1992,23/06/1992,,,Radar at 0.50 l and Mistral at 0.50 l in 200 l,,
Exhaustion Land,1992,all plots,31-Jul-1992,31/07/1992,,,combine harvested,,
Exhaustion Land,1992,p test,18-Sep-1991,18/09/1991,,,P applied as triple superphosphate to treatment plots T,,
Exhaustion Land,1992,p test,18-Sep-1991,18/09/1991,,,Muriate of potash at 170 kg Residual N test,,
Exhaustion Land,1992,Residual N test,18-Sep-1991,18/09/1991,,,Triple superphosphate at 1420 kg,,
Exhaustion Land,1992,Residual N test,23-Sep-1991,23/09/1991,,,Triple superphosphate at 710 kg,,
Exhaustion Land,1993,all plots,16-Sep-1992,16/09/1992,,,Scythe at 2.0 l with Farmon Blue at 0.20 l in 200 l,,
Exhaustion Land,1993,all plots,05-Oct-1992,05/10/1992,,,ploughed,,
Exhaustion Land,1993,all plots,09-Oct-1992,09/10/1992,,,"disced, spring-tine cultivated",,
Exhaustion Land,1993,all plots,09-Oct-1992,09/10/1992,,,rotary harrowed Mercia dressed Cerevax drilled at 380 seeds per square metre,,
Exhaustion Land,1993,all plots,19-Apr-1993,19/04/1993,,,34.5%N at 560 kg,,
Exhaustion Land,1993,all plots,13-May-1993,13/05/1993,,,Ally at 30 g Cheetah R at 2.5 l and Starane 2 at 1.0 l in 200 l,,
Exhaustion Land,1993,all plots,04-Jun-1993,04/06/1993,,,Halo at 2.0 l and Mistral at 0.50 l in 200 l,,
Exhaustion Land,1993,p test,30-Sep-1992,30/09/1992,,,Muriate of potash at 167 kg,,
Exhaustion Land,1993,p test,30-Sep-1992,30/09/1992,,,Triple superphosphate at 638 kg,,
Exhaustion Land,1993,p test,16-Aug-1993,16/08/1993,,,combine harvested t not Samples of grazing and straw were taken for chemical analysis grazing,,
Exhaustion Land,1994,all plots,20-Oct-1993,20/10/1993,,,ploughed,,
Exhaustion Land,1994,all plots,22-Oct-1993,22/10/1993,,,Spring-tine cultivated twice rotary harrowed Mercia dressed Cerevax drilled at 380 seeds/m2,,
Exhaustion Land,1994,all plots,12-Apr-1994,12/04/1994,,,34.5%N at 568 kg,,
Exhaustion Land,1994,all plots,09-May-1994,09/05/1994,,,Ally at 30 g with Cheetah per at 3.0 l and Starane 2 at 0.75 l in 200 l,,
Exhaustion Land,1994,all plots,13-Jun-1994,13/06/1994,,,Halo at 2.0 l with Mallard 750 EC at 0.5 l in 200 l,,
Exhaustion Land,1994,all plots,16-Aug-1994,16/08/1994,,,combine harvested,,
Exhaustion Land,1994,all plots,1?/06/1994,17/06/1994,,,Hostathion at 840 ml in 200 l,,
Exhaustion Land,1994,all plots,,09/05/1994,,,Halo at 2.0 l with New 5C Cycocel at 2.5 l in 200 l,,
Exhaustion Land,1994,k test,15-Oct-1993,15/10/1993,,,Triple superphosphate at 319 kg,,
Exhaustion Land,1994,p test,15-Oct-1993,15/10/1993,,,Muriate of potash at 167 kg,,
Exhaustion Land,1995,k test,13-Oct-1994,13/10/1994,,,Muriate of potash at 167 kg,,
Exhaustion Land,1995,k test,13-Oct-1994,13/10/1994,,,Triple superphosphate at 319 kg,,
Exhaustion Land,1995,,21-Aug-1994,21/08/1994,,,Straw baled and removed,,
Exhaustion Land,1995,,06-Oct-1994,06/10/1994,,,Roundup at 4.0 l in 200 l,,
Exhaustion Land,1995,,14-Oct-1994,14/10/1994,,,ploughed,,
Exhaustion Land,1995,,17-Oct-1994,17/10/1994,,,rotary harrowed,,
Exhaustion Land,1995,,18-Oct-1994,18/10/1994,,,rotary harrowed Mercia dressed Rappor drilled at 380 seeds/m2,,
Exhaustion Land,1995,,24-Nov-1994,24/11/1994,,,Alpha Isoproturon 500 at 3.0 l with Stomp 400 at 3.3 l in 200 l,,
Exhaustion Land,1995,,13-Apr-1995,13/04/1995,,,34.5%N at 556 kg,,
Exhaustion Land,1995,,16-Jun-1995,16/06/1995,,,Halo at 2.0 l with Patrol at 0.5 l in 300 l,,
Exhaustion Land,1995,,29-Jun-1995,29/06/1995,,,Pirimicarb 50 DG at 280 g in 200 l,,
Exhaustion Land,1995,,03-Aug-1995,03/08/1995,,,combine harvested,,
Exhaustion Land,1996,all plots,11-Aug-1995,11/08/1995,,,straw baled,,
Exhaustion Land,1996,all plots,25-Sep-1995,25/09/1995,,,ploughed and furrow pressed,,
Exhaustion Land,1996,all plots,29-Sep-1995,29/09/1995,,,rotary harrowed Hereward dressed Panoctine drilled at 380 seeds/m2,,
Exhaustion Land,1996,all plots,15-Apr-1996,15/04/1996,,,34.5%N at 580 kg,,
Exhaustion Land,1996,all plots,26-Apr-1996,26/04/1996,,,Ally at 30 g with Cheetah per at 1.25 l and Barclay Holdup at 2.3 l in 200 l,,
Exhaustion Land,1996,all plots,06-Jun-1996,06/06/1996,,,Monicle at 1.0 l in 320 l,,
Exhaustion Land,1996,all plots,08-Jul-1996,08/07/1996,,,Pulled wild oats by hand.,,
Exhaustion Land,1996,all plots,15-Aug-1996,15/08/1996,,,combine harvested,,
Exhaustion Land,1996,k test,18-Sep-1995,18/09/1995,,,Muriate of potash at 171 kg,,
Exhaustion Land,1996,k test,18-Sep-1995,18/09/1995,,,Triple superphosphate at 319 kg,,
Exhaustion Land,1997,all plots,05-Oct-1996,05/10/1996,,,ploughed,,
Exhaustion Land,1997,all plots,08-Oct-1996,08/10/1996,,,"Spring-tine cultivated, rotary harrowed Hereward dressed beet Gold drilled at 380 seeds per m2",,
Exhaustion Land,1997,all plots,17-Mar-1997,17/03/1997,,,Topik at 1.25 l with Sprayprover at 1.0 l in 200 l,,
Exhaustion Land,1997,all plots,07-Apr-1997,07/04/1997,,,34.5%N at 556 kg,,
Exhaustion Land,1997,all plots,16-Apr-1997,16/04/1997,,,meadow Shield at 0.35 l with Deloxil at 1.5 l in 200 l,,
Exhaustion Land,1997,all plots,30-May-1997,30/05/1997,,,Folicur at 0.5 l with Winter at 0.5 l in 300 l,,
Exhaustion Land,1997,all plots,14-Aug-1997,14/08/1997,,,combine harvested,,
Exhaustion Land,1997,p test,26-Sep-1996,26/09/1996,,,Muriate of potash at 167 kg,,
Exhaustion Land,1997,p test,26-Sep-1996,26/09/1996,,,Triple superphosphate at 319 kg,,
Exhaustion Land,1998,all plots,23-Oct-1997,23/10/1997,,,ploughed,,
Exhaustion Land,1998,all plots,24-Oct-1997,24/10/1997,,,rotary harrowed Mercia dressed Sibutol drilled at 380 seeds/m2,,
Exhaustion Land,1998,all plots,24-Mar-1998,24/03/1998,,,34.5%N at 557 kg,,
Exhaustion Land,1998,all plots,09-May-1998,09/05/1998,,,Opus at 0.7 l in 200 l,,
Exhaustion Land,1998,all plots,28-May-1998,28/05/1998,,,Opus at 0.7 l in 200 l,,
Exhaustion Land,1998,all plots,15-Jun-1998,15/06/1998,,,Bavistin DF cut 0.5 kg with Folicur at 0.5 l in 100 l,,
Exhaustion Land,1998,all plots,06-Aug-1998,06/08/1998,,,Alpha glyphosate at 3.0 l in 200 l,,
Exhaustion Land,1998,all plots,18-Aug-1998,18/08/1998,,,combine harvested,,
Exhaustion Land,1998,all plots,05-Peb-1998,05/02/1998,,,Amazon at 1.0 l with Chiltern Cropoil at 1.0 l in 200 l,,
Exhaustion Land,1998,k test,15-Oct-1997,15/10/1997,,,Muriate of potash at 167 kg,,
Exhaustion Land,1998,k test,15-Oct-1997,15/10/1997,,,Triple superphosphate at 319 kg,,
Exhaustion Land,1999,all plots,07-Oct-1998,07/10/1998,,,ploughed,,
Exhaustion Land,1999,all plots,09-Oct-1998,09/10/1998,,,Spring-tine cultivated. rotary harrowed Hereward tr beet Gold drilled at 380 seeds/m2,,
Exhaustion Land,1999,all plots,12-Oct-1998,12/10/1998,,,hay at 7.5 kg,,
Exhaustion Land,1999,all plots,15-Mar-1999,15/03/1999,,,menazon at 1.0 l with Isoguard at 2.0 l and Cropoil at 1.0 l in 200 l,,
Exhaustion Land,1999,all plots,14-Apr-1999,14/04/1999,,,34.5%N at 580 kg,,
Exhaustion Land,1999,all plots,01-May-1999,01/05/1999,,,Opus at 0.7 l in 200 l,,
Exhaustion Land,1999,all plots,01-Jun-1999,01/06/1999,,,Folicur at 1.0 l with Sipcam UK Rover 500 at 1.0 l in 100 l,,
Exhaustion Land,1999,all plots,25-Jun-1999,25/06/1999,,,Policur at 0.25 l in 100 l,,
Exhaustion Land,1999,all plots,03-Aug-1999,03/08/1999,,,combine harvested,,
Exhaustion Land,1999,k test,22-Sep-1998,22/09/1998,,,Triple superphosphate at 107 kg,,
Exhaustion Land,1999,k test,23-Sep-1998,23/09/1998,,,Muriate of potash at 167 kg,,
Exhaustion Land,2000,all plots,10-Sep-1999,10/09/1999,,,Triple superphosphate at 300 kg,,
Exhaustion Land,2000,all plots,12-Sep-1999,12/09/1999,,,ploughed,,
Exhaustion Land,2000,all plots,15-Sep-1999,15/09/1999,,,Combination drilled Hereward tr Sibutol at 300 seeds/m2 with the Accord drill,,
Exhaustion Land,2000,all plots,14-Dec-1999,14/12/1999,,,Lexus 50 DF at 20 g with Stomp 400 SC at 2.5 l and Toppel 10 at 250 ml in 200 l,,
Exhaustion Land,2000,all plots,03-May-2000,03/05/2000,,,34.5%N at 580 kg,,
Exhaustion Land,2000,all plots,09-May-2000,09/05/2000,,,Opus at 0.7 l in 100 l,,
Exhaustion Land,2000,all plots,24-May-2000,24/05/2000,,,Amistar at 0.8 l with Folicur at 0.75 l in 100 l,,
Exhaustion Land,2000,all plots,17-Jul-2000,17/07/2000,,,hand rogued wild oats,,
Exhaustion Land,2000,all plots,12-Aug-2000,12/08/2000,,,combine harvested,,
Exhaustion Land,2000,k test,,10/09/1999,,,Triple superphosphate at 300 kg,,
Exhaustion Land,2000,p test,10-Sep-1999,10/09/1999,,,Muriate of potash at 250 kg,,
Exhaustion Land,2000,p test,,10/09/1999,,,Triple superphosphate at 300 kg,,
Exhaustion Land,2001,all plots,20-Oct-2000,20/10/2000,,,ploughed,,
Exhaustion Land,2001,all plots,26-Oct-2000,26/10/2000,,,Combination drilled Hereward tr Sibutol at 450 seeds/m2 with the Accord drill,,
Exhaustion Land,2001,all plots,21-Jan-2001,21/01/2001,,,ploughed,,
Exhaustion Land,2001,all plots,02-Apr-2001,02/04/2001,,,Combination drilled Axona tr Sibutol at 350 seeds/m2 with the Accord drill,,
Exhaustion Land,2001,all plots,15-May-2001,15/05/2001,,,33.5%N at 433 kg,,
Exhaustion Land,2001,all plots,15-May-2001,15/05/2001,,,Ally at 20 g in 100 l,,
Exhaustion Land,2001,all plots,15-May-2001,15/05/2001,,,Starane 2 at 0.5 l in 100 l,,
Exhaustion Land,2001,all plots,13-Jun-2001,13/06/2001,,,Folicur at 0.7 l in 100 l,,
Exhaustion Land,2001,all plots,20-Aug-2001,20/08/2001,,,Azural at 4.0 l in 200 l,,
Exhaustion Land,2001,all plots,07-Sep-2001,07/09/2001,,,combine harvested plots for yield and discards,,
Exhaustion Land,2001,all plots,11-Sep-2001,11/09/2001,,,straw baled,,
Exhaustion Land,2001,all plots,,,,,Winter wheat failed re-sown to spring wheat,,
Exhaustion Land,2001,all plots,,07/09/2001,,,"Sampled, baled and weighed straw",,
Exhaustion Land,2001,all plots,,07/09/2001,,,Straw swathed,,
Exhaustion Land,2001,k test,17-Oct-2000,17/10/2000,,,"P basal (triple superphosphate at 98 kg) plots 2, 4, 6, 8 & 10",,
Exhaustion Land,2001,p test,17-Oct-2000,17/10/2000,,,P test (triple superphosphate at 98 kg) plots 011-013 031-033 051-053 071-073 & 091-093,,
Exhaustion Land,2001,p test,18-Oct-2000,18/10/2000,,,"K basal/100 kg (muriate of potash at 250 kg) plots 1, 3, 5, 7 & 9",,
Exhaustion Land,2002,all plots,04-Oct-2001,04/10/2001,,,K K basal/100 kg Muriate of potash at 250 kg) plots 1 3 5 7 & 9 T P P test (triple superphosphate at 98 kg) plots 011-013 031-033 051-053 071-073 & 091-093,,
Exhaustion Land,2002,all plots,04-Oct-2001,04/10/2001,,,Subsoiled,,
Exhaustion Land,2002,all plots,13-Oct-2001,13/10/2001,,,Combination drilled Hereward tr Sibutol at 350 seeds/m2,,
Exhaustion Land,2002,all plots,11/12/2001,11/12/2001,,,Hawk at 2.0 l in 200 l,,
Exhaustion Land,2002,all plots,,04/10/2001,,,ploughed,,
Exhaustion Land,2002,all plots,,11/12/2001,,,Tolkan Liquid at 1.0 l in 200 l,,
Exhaustion Land,2002,all plots,,11/12/2001,,,Phase II at 1.0 l in 200 l,,
Exhaustion Land,2002,all plots,,04/04/2002,,,Opus at 0.4 l in 100 l,,
Exhaustion Land,2002,all plots,,04/04/2002,,,Twist at 0.6 l in 100 l,,
Exhaustion Land,2002,all plots,,04/04/2002,,,BASF 3C Chlormequat 720 at 1.25 l in 100 l,,
Exhaustion Land,2002,all plots,,04/04/2002,,,Moddus at 0.2 l in 100 l,,
Exhaustion Land,2002,all plots,,29/04/2002,,,33.5%N at 567 kg,,
Exhaustion Land,2002,all plots,,20/05/2002,,,Rotavated down paths,,
Exhaustion Land,2002,all plots,,31/05/2002,,,Starane 2 at 0.75 l in 200 l,,
Exhaustion Land,2002,all plots,,31/05/2002,,,Opus at 0.5 l in 200 l,,
Exhaustion Land,2002,all plots,,31/05/2002,,,Twist at 0.8 l in 200 l,,
Exhaustion Land,2002,all plots,,04/07/2002,,,Rogued wild oats,,
Exhaustion Land,2002,all plots,,01/08/2002,,,Roundup Biactive at 3.0 l in 100 l,,
Exhaustion Land,2002,all plots,,12/08/2002,,,combine harvested plots for yield,,
Exhaustion Land,2002,all plots,,12/08/2002,,,Straw swathed,,
Exhaustion Land,2002,all plots,,12/08/2002,,,"Sampled, baled and weighed straw",,
Exhaustion Land,2002,all plots,,24/08/2002,,,Carted bales,,
Exhaustion Land,2002,all plots,,04/10/2001,,,ploughed,,
Exhaustion Land,2002,p test,04-Oct-2001,04/10/2001,,,"P basal (triple superphosphate at 98 kg) plots 2, 4, 6, 8 & 10",,
Exhaustion Land,2002,p test,,04/10/2001,,,P test (triple superphosphate at 98 kg) plots 011-013 031-033 051-053 071-073 & 091-093,,
Exhaustion Land,2003,all plots,05-Sep-2002,05/09/2002,,,Flat-lifted,,
Exhaustion Land,2003,all plots,01-Oct-2002,01/10/2002,,,Kieserite at 200 kg,,
Exhaustion Land,2003,all plots,03-Oct-2002,03/10/2002,,,Chalk at 4 t,,
Exhaustion Land,2003,all plots,05-Oct-2002,05/10/2002,,,Rolled,,
Exhaustion Land,2003,all plots,07-Oct-2002,07/10/2002,,,Combination drilled Hereward tr Sibutol at 400 seeds/m2,,
Exhaustion Land,2003,all plots,08-Oct-2002,08/10/2002,,,Rolled,,
Exhaustion Land,2003,all plots,17-Feb-2003,17/02/2003,,,Lexus 50 DF at 20 g in 200 l,,
Exhaustion Land,2003,all plots,10-Mar-2003,10/03/2003,,,Sulphur Gold (30% N 7.6% S) at 167 kg,,
Exhaustion Land,2003,all plots,29-Apr-2003,29/04/2003,,,33.5%N at 448 kg,,
Exhaustion Land,2003,all plots,07-May-2003,07/05/2003,,,Ally at 30 g in 200 l,,
Exhaustion Land,2003,all plots,10-May-2003,10/05/2003,,,Opus at 0.5 l in 200 l,,
Exhaustion Land,2003,all plots,28-May-2003,28/05/2003,,,Opus at 0.5 l in 200 l,,
Exhaustion Land,2003,all plots,26-Jul-2003,26/07/2003,,,Touchdown at 4.0 l in 200 l,,
Exhaustion Land,2003,all plots,06-Aug-2003,06/08/2003,,,combine harvested plots for yield,,
Exhaustion Land,2003,all plots,07-Aug-2003,07/08/2003,,,combine harvested discards Sampled baled and weighed straw,,
Exhaustion Land,2003,all plots,,05/09/2002,,,Rolled,,
Exhaustion Land,2003,all plots,,03/10/2002,,,ploughed 25 cm wide furrows,,
Exhaustion Land,2003,all plots,,17/02/2003,,,Stomp 400 SC at 3.0 l in 200 l,,
Exhaustion Land,2003,all plots,,07/05/2003,,,Starane 2 at 0.75 l in 200 l,,
Exhaustion Land,2003,all plots,,10/05/2003,,,Amistar at 0.6 l in 200 l,,
Exhaustion Land,2003,all plots,,28/05/2003,,,Twist at 1.0 l in 200 l,,
Exhaustion Land,2003,k test,01-Oct-2002,01/10/2002,,,"P basal (triple superphosphate at 98 kg) plots 2, 4, 6, 8 & 10",,
Exhaustion Land,2003,p test,01-Oct-2002,01/10/2002,,,"K basal/100 kg (muriate of potash at 250 kg) plots 1, 3, 5, 7 & 9",,
Exhaustion Land,2003,p test,01-Oct-2002,01/10/2002,,,P test (triple superphosphate at 98 kg) plots 011-013 031-033 051-053 071-073 & 091-093,,
Exhaustion Land,2004,all plots,26-Sep-2003,26/09/2003,,,K K basal/100 kg Muriate of potash at 250 kg) plots 1 3 5 7 & 9 T P P test (triple superphosphate at 98 kg) plots 011-013 031-033 051-053 071-073 & 091-093,,
Exhaustion Land,2004,all plots,26-Sep-2003,26/09/2003,,,ploughed 30 cm wide furrows,,
Exhaustion Land,2004,all plots,27-Sep-2003,27/09/2003,,,Cultipressed,,
Exhaustion Land,2004,all plots,,10/10/2003,,,"Combination drilled, Xi19, tr. Sibutol Secur at 380 seeds/m2",,
Exhaustion Land,2004,all plots,,10/10/2003,,,Rolled,,
Exhaustion Land,2004,all plots,,16/12/2003,,,Arelon 500 at 4.0 l in 200 l,,
Exhaustion Land,2004,all plots,,16/12/2003,,,Stomp 400 SC at 2.5 l in 200 l,,
Exhaustion Land,2004,all plots,,30/03/2004,,,Ammonium sulphate (21%N) at 238 kg,,
Exhaustion Land,2004,all plots,,14/04/2004,,,Ally at 30 g in 200 l,,
Exhaustion Land,2004,all plots,,14/04/2004,,,Oxytril CM at 0.5 l in 200 l,,
Exhaustion Land,2004,all plots,,29/04/2004,,,34.5%N at 580 kg,,
Exhaustion Land,2004,all plots,,13/05/2004,,,Opus at 0.75 l in 200 l,,
Exhaustion Land,2004,all plots,,13/05/2004,,,Moddus at 0.15 l in 200 l,,
Exhaustion Land,2004,all plots,,24/05/2004,,,Rotavated down paths,,
Exhaustion Land,2004,all plots,,25/05/2004,,,34.5%N at 145 kg,,
Exhaustion Land,2004,all plots,,07/06/2004,,,Opus at 0.75 l in 200 l,,
Exhaustion Land,2004,all plots,,07/06/2004,,,Twist at 0.75 l in 200 l,,
Exhaustion Land,2004,all plots,,14/06/2004,,,Dursban 4 at 0.45 in 200 l,,
Exhaustion Land,2004,all plots,,02/09/2004,,,combine harvested plots for yield,,
Exhaustion Land,2004,all plots,,03/09/2004,,,straw sampled and weighed,,
Exhaustion Land,2004,all plots,,07/09/2004,,,combine harvested discards,,
Exhaustion Land,2004,all plots,,07/09/2004,,,Straw swathed,,
Exhaustion Land,2004,all plots,,07/09/2004,,,straw baled,,
Exhaustion Land,2004,p test,26-Sep-2003,26/09/2003,,,"P basal (triple superphosphate at 98 kg) plots 2, 4, 6, 8 & 10",,
Exhaustion Land,2004,p test,,26/09/2003,,,P test (triple superphosphate at 98 kg) plots 011-013 031-033 051-053 071-073 & 091-093,,
Exhaustion Land,2005,all plots,29-Sep-2004,29/09/2004,,,ploughed 25 cm wide furrows,,
Exhaustion Land,2005,all plots,30-Sep-2004,30/09/2004,,,Cultipressed,,
Exhaustion Land,2005,all plots,,05/10/2004,,,Flexitined,,
Exhaustion Land,2005,all plots,,05/10/2004,,,"Combination drilled, Xi19, tr. Sibutol Secur at 350 seeds/m2",,
Exhaustion Land,2005,all plots,,05/10/2004,,,Rolled,,
Exhaustion Land,2005,all plots,,25/11/2004,,,Hawk at 2.0 l in 200 l,,
Exhaustion Land,2005,all plots,,25/11/2004,,,Alpha IPU 500 at 2.5 l in 200 l,,
Exhaustion Land,2005,all plots,,25/11/2004,,,Nufarm Cropoil at 1.0 l in 200 l,,
Exhaustion Land,2005,all plots,,25/11/2004,,,Hallmark with Zeon Technology at 50 ml in 200 l,,
Exhaustion Land,2005,all plots,,15/03/2005,,,Ammonium sulphate (21%N) at 238 kg,,
Exhaustion Land,2005,all plots,,14/04/2005,,,34.5%N at 580 kg,,
Exhaustion Land,2005,all plots,,29/04/2005,,,Opus at 0.75 l in 200 l,,
Exhaustion Land,2005,all plots,,29/04/2005,,,Bravo 500 at 1.0 l in 200 l,,
Exhaustion Land,2005,all plots,,29/04/2005,,,Atlas Chlormequat 700 at 2.5 l in 200 l,,
Exhaustion Land,2005,all plots,,03/05/2005,,,Ally SX at 30 g in 200 l,,
Exhaustion Land,2005,all plots,,10/05/2005,,,34.5%N at 145 kg,,
Exhaustion Land,2005,all plots,,15/05/2005,,,Bravo 500 at 1.0 l in 200 l,,
Exhaustion Land,2005,all plots,,15/05/2005,,,Opus at 0.75 l in 200 l,,
Exhaustion Land,2005,all plots,,15/05/2005,,,Starane 2 at 0.5 l in 200 l,,
Exhaustion Land,2005,all plots,,31/05/2005,,,Opus at 0.75 l in 200 l,,
Exhaustion Land,2005,all plots,,31/05/2005,,,Amistar Opti at 1.5 l in 200 l,,
Exhaustion Land,2005,all plots,,07/05/2005,,,Amistar at 0.3 l in 200 l,,
Exhaustion Land,2005,all plots,,07/05/2005,,,Folicur at 0.3 l in 200 l,,
Exhaustion Land,2005,all plots,,07/05/2005,,,Dursban 4 at 0.6 in 200 l,,
Exhaustion Land,2005,all plots,,25/07/2005,,,Rotavated down paths,,
Exhaustion Land,2005,all plots,,16/08/2005,,,combine harvested plots for yield,,
Exhaustion Land,2005,all plots,,16/08/2005,,,Straw swathed,,
Exhaustion Land,2005,all plots,,17/08/2005,,,straw sampled and weighed,,
Exhaustion Land,2005,k test,29-Sep-2004,29/09/2004,,,"P basal (triple superphosphate at 98 kg) plots 2, 4, 6, 8 & 10",,
Exhaustion Land,2005,p test,29-Sep-2004,29/09/2004,,,"K basal/124.5 kg (muriate of potash at 250 kg) plots 1, 3, 5, 7 & 9",,
Exhaustion Land,2005,p test,,29/09/1957,,,P test (triple superphosphate at 98 kg) plots 011-013 031-033 051-053 071-073 & 091-093,,
Exhaustion Land,2005,p test,,29/09/2004,,,P test (triple superphosphate at 98 kg) plots 011-013 031-033 051-053 071-073 & 091-093,,
Exhaustion Land,2006,all plots,,29/09/2005,,,Keiserite (30 Kg Mg),,
Exhaustion Land,2006,all plots,,29/09/2005,,,ploughed 25 cm wide furrows,,
Exhaustion Land,2006,all plots,,04/10/2005,,,Cultipressed,,
Exhaustion Land,2006,all plots,,07/10/2005,,,Cultipressed,,
Exhaustion Land,2006,all plots,,07/10/2005,,,"Combination drilled, Xi19, tr. Redigo Twin at 350 seeds/m2",,
Exhaustion Land,2006,all plots,,17/10/2005,,,Ice at 4.0 l in 200 l,,
Exhaustion Land,2006,all plots,,05/12/2005,,,Hallmark with Zeon Technology at 50 ml in 200 l,,
Exhaustion Land,2006,all plots,,13/03/2006,,,Ammonium sulphate (21%N) at 238 kg,,
Exhaustion Land,2006,all plots,,18/04/2006,,,34.5%N at 580 kg,,
Exhaustion Land,2006,all plots,,21/04/2006,,,Opus at 0.75 l in 200 l,,
Exhaustion Land,2006,all plots,,21/04/2006,,,Bravo 500 at 1.0 l in 200 l,,
Exhaustion Land,2006,all plots,,21/04/2006,,,Flexity at 0.2 l in 200 l,,
Exhaustion Land,2006,all plots,,17/05/2006,,,34.5%N at 145 kg,,
Exhaustion Land,2006,all plots,,21/05/2006,,,Bravo 500 at 1.0 l in 200 l,,
Exhaustion Land,2006,all plots,,21/05/2006,,,Opus at 0.75 l in 200 l,,
Exhaustion Land,2006,all plots,,21/05/2006,,,Vivid at 0.4 in 200 l,,
Exhaustion Land,2006,all plots,,21/05/2006,,,Starane 2 at 0.75 l in 200 l,,
Exhaustion Land,2006,all plots,,21/05/2006,,,Ally Max SX at 42 g in 200 l,,
Exhaustion Land,2006,all plots,,06/08/2006,,,"Combine harvested discards, baled straw",,
Exhaustion Land,2006,all plots,,23/08/2006,,,combine harvested plots for yield,,
Exhaustion Land,2006,all plots,,23/08/2006,,,Straw swathed,,
Exhaustion Land,2006,all plots,,23/08/2006,,,straw sampled and weighed,,
Exhaustion Land,2006,all plots,,25/08/2006,,,"Combine harvested discards, swathed and baled straw",,
Exhaustion Land,2006,p test,7-Sep-2005,07/09/2005,,,"P basal (triple superphosphate at 98 kg) plots 2, 4, 6, 8 & 10",,
Exhaustion Land,2006,p test,27-Sep-2005,27/09/2005,,,P test (triple superphosphate at 98 kg) plots 011-013 031-033 051-053 071-073 & 091-093,,
Exhaustion Land,2006,p test,,28/09/2005,,,"K basal/124.5 kg (muriate of potash at 250 kg) plots 1, 3, 5, 7 & 9",,
Exhaustion Land,2007,all plots,13-Oct-06,13/10/2006,,,Barclay Gallup 360,4.00,l/200 l/ha
Exhaustion Land,2007,all plots,19-Oct-06,19/10/2006,,,Plough /N,,
Exhaustion Land,2007,all plots,30/10/2006,30/10/2006,,,Combination Drilled S Xi19 tr Redigo Sib Secure 350.00 seeds/m2,,
Exhaustion Land,2007,all plots,12-Mar-07,12/03/2007,,,Sulphate of Ammonia,238,kg/ha
Exhaustion Land,2007,all plots,11-Apr-07,11/04/2007,,,Pacifica,0.50,kg/200 l/ha
Exhaustion Land,2007,all plots,11-Apr-07,11/04/2007,,,Biopower,1.00,l/200 l/ha
Exhaustion Land,2007,all plots,23-Apr-07,23/04/2007,,,Clean Crop Wanderer,1.00,l/200 l/ha
Exhaustion Land,2007,all plots,23-Apr-07,23/04/2007,,,Deuce,1.00,l/200 l/ha
Exhaustion Land,2007,all plots,26-Apr-07,26/04/2007,,,Nitraprill,580,kg/ha
Exhaustion Land,2007,all plots,22-May-07,22/05/2007,,,Amistar Opti,1.25,l/200 l/ha
Exhaustion Land,2007,all plots,22-May-07,22/05/2007,,,Opus 0.80,200,l/ha
Exhaustion Land,2007,all plots,06-Jun-07,06/06/2007,,,Mow / Rotavate paths,,
Exhaustion Land,2007,all plots,14-Jun-07,14/06/2007,,,Mow / Rotavate paths,,
Exhaustion Land,2007,all plots,25-Jun-07,25/06/2007,,,Mow / Rotavate paths,,
Exhaustion Land,2007,all plots,07-Aug-07,07/08/2007,,,Mow / Rotavate paths,,
Exhaustion Land,2007,all plots,03-Sep-07,03/09/2007,,,combine harvested plots for yield,,
Exhaustion Land,2007,all plots,03-Sep-07,03/09/2007,,,Swath straw,,
Exhaustion Land,2007,all plots,03-Nov-07,03/11/2007,,,Ice 4.00,200,l/ha
Exhaustion Land,2007,all plots,08-Dec-07,08/12/2007,,,Entice,7,kg/ha
Exhaustion Land,2007,all plots,27-Aug-07.,27/08/2007,,,Combine harvest O&E's,,
Exhaustion Land,2007,all plots,27-Aug-07.,27/08/2007,,,Chop straw O&E's,,
Exhaustion Land,2007,k test,12-Oct-06,12/10/2006,,,"t Muriate of Potash - 023, 043, 063, 083, 103",125,kg/ha
Exhaustion Land,2007,k test,12-Oct-06,12/10/2006,,,"Muriate of Potash 024, 044, 064, 084, 104",250,kg/ha
Exhaustion Land,2007,k test,12-Oct-06,12/10/2006,,,"Basal P (triple superphosphate) plots 02, 04, 06, 08 and 10",98,kg/ha
Exhaustion Land,2007,p test,12-Oct-06,12/10/2006,,,"Triple superphosphate plots 011-013, 031-033, 051-053, 071-073, 091-093",98,kg/ha
Exhaustion Land,2007,p test,12-Oct-06,12/10/2006,,,"Basal K (muriate of potash) plots 01, 03, 05, 07, 09",250,kg/ha
Exhaustion Land,2008,all plots,30-Sep-07,30/09/2007,,,Glyphosate 360,3.00,l/200 l/ha
Exhaustion Land,2008,all plots,10-Oct-07,10/10/2007,,11/10/2007,Ploughed /S,,
Exhaustion Land,2008,all plots,22-Oct-07,22/10/2007,,,Combination Drilled Xi19 tr Redigo Twin + Deter,350,seeds/m2
Exhaustion Land,2008,all plots,23-Oct-07,23/10/2007,,,Rolled,,
Exhaustion Land,2008,all plots,30-Oct-07,30/10/2007,,,Huron,5,kg/ha
Exhaustion Land,2008,all plots,2-Nov-07,02/11/2007,,,Liberator,0.60,l/200 l/ha
Exhaustion Land,2008,all plots,2-Nov-07,02/11/2007,,,Alpha Trifluralin 48 EC,2.00,l/200 l/ha
Exhaustion Land,2008,all plots,17-Nov-07,17/11/2007,,,Stomp 400 SC,3.30,l/200 l/ha
Exhaustion Land,2008,all plots,17-Nov-07,17/11/2007,,,Arelon 500,2.00,l/200 l/ha
Exhaustion Land,2008,all plots,17-Nov-07,17/11/2007,,,Hallmark with Zeon Technology,50.00,ml/200 l/ha
Exhaustion Land,2008,all plots,1-Apr-08,01/04/2008,,,Sulphate of Ammonia,238,kg/ha
Exhaustion Land,2008,all plots,,18/04/2008,,,Nitraprill,580,kg/ha
Exhaustion Land,2008,all plots,,08/05/2008,,,Deuce,1.0,l/150 l/ha
Exhaustion Land,2008,all plots,,08/05/2008,,,Bravo 500,0.75,l/150 l/ha
Exhaustion Land,2008,all plots,,08/05/2008,,,Flexity,0.2,l/150 l/ha
Exhaustion Land,2008,all plots,,08/05/2008,,,BASF 30 Chlormequat 720,1.0,l/150 l/ha
Exhaustion Land,2008,all plots,,19/05/2008,,,Ally Max SX,42,g/200 l/ha
Exhaustion Land,2008,all plots,,19/05/2008,,,Starane 2,0.75,l/200 l/ha
Exhaustion Land,2008,all plots,,21/05/2008,,,Nitraprill,145.0,kg/ha
Exhaustion Land,2008,all plots,,31/05/2008,,,Amistar Opti,1.25,l/200 l/ha
Exhaustion Land,2008,all plots,,31/05/2008,,,Opus Team,1.0,l/200 l/ha
Exhaustion Land,2008,all plots,,06/06/2008,,,Mow / Rotavate paths,,
Exhaustion Land,2008,all plots,,16/06/2008,,,Mow / Rotavate paths,,
Exhaustion Land,2008,all plots,,25/07/2008,,,Rogue wild oats / thistles / weeds,,
Exhaustion Land,2008,all plots,,27/08/2008,,,Combine harvest plots for yield,,
Exhaustion Land,2008,all plots,,27/08/2008,,,Swath straw,,
Exhaustion Land,2008,all plots,,27/08/2008,,,"Sample, bale and weigh straw",,
Exhaustion Land,2008,all plots,,30/08/2008,,,baled,,
Exhaustion Land,2008,k test,1-Oct-07,01/10/2007,,,"Muriate of Potash, plots 023, 043, 063, 083 & 103",125,kg/ha
Exhaustion Land,2008,k test,1-Oct-07,01/10/2007,,,"Basal P (triple superphosphate) plots 02, 04, 06, 08 and 10",98,kg/ha
Exhaustion Land,2008,k test,,01/10/2007,,,"Muriate of Potash, plots 024, 044, 064, 084 & 104",250.00,kg/ha
Exhaustion Land,2008,p test,1-Oct-07,01/10/2007,,,"Triple Superphosphate, plots except 011-013, 031-033, 051-053, 071-073 & 091-093",98,kg/ha
Exhaustion Land,2008,p test,1-Oct-07,01/10/2007,,,"Basal K (muriate of potash) plots 01, 03, 05, 07, 09",250,kg/ha
Exhaustion Land,2008,p test,6-Oct-07,06/10/2007,,,"Chalk, Plots 021, 022, 024, 061, 062, 063, 083, 102, 103, 104",2,l/ha
Exhaustion Land,2008,p test,6-Oct-07,06/10/2007,,,"Chalk, Plots 011, 023, 042, 044, 054, 064,071, 082, 084",400,l/ha
Exhaustion Land,2008,p test,6-Oct-07,06/10/2007,,,"Chalk, Plots 041, 043, 051, 081, 101",6,l/ha
Exhaustion Land,2009,all plots,06-Oct-08,06/10/2008,,,Plough /N,,
Exhaustion Land,2009,all plots,11-Oct-08,11/10/2008,,,Cultipressed,,
Exhaustion Land,2009,all plots,16-Oct-08,16/10/2008,,,Power Harrowed,,
Exhaustion Land,2009,all plots,16-Oct-08,16/10/2008,,,Combination Drilled XI-19 tr Redigo Deter 350.00 seeds/m2,,
Exhaustion Land,2009,all plots,18-Oct-08,18/10/2008,,,Liberator,0.6,l/200 l/ha
Exhaustion Land,2009,all plots,17-Dec-08,17/12/2008,,,Stomp 400 SC,3.30,l/ha
Exhaustion Land,2009,all plots,17-Dec-08,17/12/2008,,,Arelon 500,3,l/ha
Exhaustion Land,2009,all plots,17-Dec-08,17/12/2008,,,Hallmark with Zeon Technology,50,ml/ha
Exhaustion Land,2009,all plots,09-Mar-09,09/03/2009,,,Ammonium Sulphate,238,kg/ha
Exhaustion Land,2009,all plots,25-Mar-09,25/03/2009,,,Kieserite,80,kg/ha
Exhaustion Land,2009,all plots,14-Apr-09,14/04/2009,,,Pacifica,0.4,kg/ha
Exhaustion Land,2009,all plots,20-Apr-09,20/04/2009,,,Nitram,580,kg/ha
Exhaustion Land,2009,all plots,20-Apr-09,20/04/2009,,,Cherokee,1,l/ha
Exhaustion Land,2009,all plots,02-May-09,02/05/2009,,,Splice,1,l/ha
Exhaustion Land,2009,all plots,02-May-09,02/05/2009,,,Bravo 500,1,l/ha
Exhaustion Land,2009,all plots,02-May-09,02/05/2009,,,Talus,0.13,l/ha
Exhaustion Land,2009,all plots,02-May-09,02/05/2009,,,BASF 3C Chlormequat 720,2.25,l/ha
Exhaustion Land,2009,all plots,04-May-09,04/05/2009,,,Ally Max SX,42,g/ha
Exhaustion Land,2009,all plots,13-May-09,13/05/2009,,,Nitram,145,kg/ha
Exhaustion Land,2009,all plots,16-May-09,16/05/2009,,,Mow / Rotavate paths,,
Exhaustion Land,2009,all plots,28-May-09,28/05/2009,,,Brutus,1.5,l/ha
Exhaustion Land,2009,all plots,28-May-09,28/05/2009,,,Amistar Opti,1.25,l/ha
Exhaustion Land,2009,all plots,02-Jun-09,02/06/2009,,,Mow / Rotavate paths,,
Exhaustion Land,2009,all plots,29-Jun-09,29/06/2009,,,Mow / Rotavate paths,,
Exhaustion Land,2009,all plots,15-Aug-09,15/08/2009,,,combine harvested plots for yield,,
Exhaustion Land,2009,all plots,,04/05/2009,,,Agriguard Fluroxypyr,0.75,l/ha
Exhaustion Land,2009,all plots,,15/08/2009,,,"Sampled, baled and weighed straw",,
Exhaustion Land,2009,k test,30-Sep-08,30/09/2008,,,"Basal P (triple superphosphate) plots 02, 04, 06, 08 and 10",75,kg/ha
Exhaustion Land,2009,k test,30-Sep-08,30/09/2008,,,"Muriate of Potash, plots 23, 43, 63, 83 & 103",125,kg/ha
Exhaustion Land,2009,k test,30-Sep-08,30/09/2008,,,"Muriate of Potash, plots 24, 44, 64, 84, 104",250,kg/ha
Exhaustion Land,2009,p test,30-Sep-08,30/09/2008,,,"Triple Superphosphate - plots 011-013, 031-033, 051-053, 071-073 and 091-093",75,kg/ha
Exhaustion Land,2009,p test,30-Sep-08,30/09/2008,,,"Muriate of Potash, plots 01, 03, 05, 07 & 09",250,kg/ha
Exhaustion Land,2010,all plots,29-Sep-09,29/09/2009,,,Spread fertiliser,,
Exhaustion Land,2010,all plots,30-Sep-09,30/09/2009,,,Plough,,
Exhaustion Land,2010,all plots,01-Oct-09,01/10/2009,,,Cultipressed,,
Exhaustion Land,2010,all plots,02-Oct-09,02/10/2009,,,Cultipressed,,
Exhaustion Land,2010,all plots,05-Oct-09,05/10/2009,,,Combination Drilled Xi19 at 350 seeds/m2,166,kg/ha
Exhaustion Land,2010,all plots,05-Oct-09,05/10/2009,,,Liberator - 200 l water,166,l/ha
Exhaustion Land,2010,all plots,19-Mar-10,19/03/2010,,,Sulphate of Ammonia - As indicated on plan,238,kg/ha
Exhaustion Land,2010,all plots,10-Apr-10,10/04/2010,,,Cherokee - 146 l water,1,l/ha
Exhaustion Land,2010,all plots,18-Apr-10,18/04/2010,,,Attribut - 146 l water,100,g/ha
Exhaustion Land,2010,all plots,18-Apr-10,18/04/2010,,,Amber - 146 l water,1,l/ha
Exhaustion Land,2010,all plots,18-Apr-10,18/04/2010,,,Oxytril CM - 146 l water,1,l/ha
Exhaustion Land,2010,all plots,06-May-10,06/05/2010,,,Bravo 500 - 200 l water,1,l/ha
Exhaustion Land,2010,all plots,06-May-10,06/05/2010,,,Tracker - 200 l water,1,l/ha
Exhaustion Land,2010,all plots,06-May-10,06/05/2010,,,Chlormequat 3C - 200 l water,2.25,l/ha
Exhaustion Land,2010,all plots,12-May-10,12/05/2010,,,Mow / Rotavate paths,,
Exhaustion Land,2010,all plots,18-May-10,18/05/2010,,,Tomahawk,1,l/ha
Exhaustion Land,2010,all plots,18-May-10,18/05/2010,,,Cleancrop Gallifrey,1,l/ha
Exhaustion Land,2010,all plots,02-Jun-10,02/06/2010,,,Comet - 200 l water,0.6,l/ha
Exhaustion Land,2010,all plots,02-Jun-10,02/06/2010,,,Opus - 200 l water,0.6,l/ha
Exhaustion Land,2010,all plots,03-Jun-10,03/06/2010,,,Rotavated paths,,
Exhaustion Land,2010,all plots,17-Jun-10,17/06/2010,,,Cut paths,,
Exhaustion Land,2010,all plots,14-Jul-10,14/07/2010,,,Mow / Rotavate paths,,
Exhaustion Land,2010,all plots,31-Aug-10,31/08/2010,,,combine harvested plots for yield,,
Exhaustion Land,2010,all plots,31-Aug-10,31/08/2010,,,"Sample, bale and weigh straw",,
Exhaustion Land,2010,all plots,03-Sep-10,03/09/2010,,,Combine harvest discards,,
Exhaustion Land,2010,all plots,15-Apr-10.,15/04/2010,,,Nitram,580,kg/ha
Exhaustion Land,2010,all plots,,06/04/2010,,,Kieserite,80,kg/ha
Exhaustion Land,2010,all plots,,19/05/2010,,,Nitram,145,kg/ha
Exhaustion Land,2010,all plots,,04/09/2010,,,baled,,
Exhaustion Land,2010,k test,29-Sep-09,29/09/2009,,,"Basal P (triple superphosphate) plots 02, 04, 06, 08 and 10",75,kg/ha
Exhaustion Land,2010,k test,,29/09/2009,,,"Muriate of Potash, plots 23, 43, 63, 83 & 103",125,kg/ha
Exhaustion Land,2010,k test,,29/09/2009,,,"Muriate of Potash, plots 24, 44, 64, 84, 104",205,kg/ha
Exhaustion Land,2010,p test,29-Sep-09,29/09/2009,,,"Triple Superphosphate - plots 011-013, 031-033, 051-053, 071-073 and 091-093",75,kg/ha
Exhaustion Land,2010,p test,,29/09/2009,,,"Muriate of Potash, plots 01, 03, 05, 07 & 09",250,kg/ha
Exhaustion Land,2011,all plots,10-Oct-10,10/10/2010,,,ploughed,,
Exhaustion Land,2011,all plots,10-Oct-10,10/10/2010,,,ploughed,,
Exhaustion Land,2011,all plots,13-Oct-10,13/10/2010,,,Cultipressed,,
Exhaustion Land,2011,all plots,15-Oct-10,15/10/2010,,,Drilled Xi19 trt Anchor - 350 seeds/m2,145,kg/ha
Exhaustion Land,2011,all plots,16-Oct-10,16/10/2010,,,Rolled,,
Exhaustion Land,2011,all plots,17-Oct-10,17/10/2010,,,Sprayed Regatta - water volume = 200 l/ha,0.6,l/ha
Exhaustion Land,2011,all plots,06-Apr-11,06/04/2011,,,Applied Kieserite,80,kg/ha
Exhaustion Land,2011,all plots,14/04/2011,14/04/2011,,,Applied Ammonium Sulphate Fertiliser,238,kg/ha
Exhaustion Land,2011,all plots,28/04/2011,28/03/2011,,,Sprayed Cherokee - Water volume - 118 l/ha. Applied to WW area only,1.25,l/ha
Exhaustion Land,2011,all plots,05-May-11,05/05/2011,,,Sprayed Bravo 500 in mix in 200 l/ha water,1,l/ha
Exhaustion Land,2011,all plots,05-May-11,05/05/2011,,,Sprayed Tracker in mix in 200 l/ha water,1.0,l/ha
Exhaustion Land,2011,all plots,05-May-11,05/05/2011,,,Sprayed Agriguard Chlormequat 720 in mix in 200 l/ha water,2.25,l/ha
Exhaustion Land,2011,all plots,10-May-11,10/05/2011,,,Applied Nitram,146,kg/ha
Exhaustion Land,2011,all plots,16-May-11,16/05/2011,,,Cut paths,,
Exhaustion Land,2011,all plots,19-May-11,19/05/2011,,,Sprayed Opus in mix in 100 l/ha water,0.8,l/ha
Exhaustion Land,2011,all plots,03-Jun-11,03/06/2011,,,Rotavated paths,,
Exhaustion Land,2011,all plots,08-Jun-11,08/06/2011,,,Cut paths,,
Exhaustion Land,2011,all plots,20-Jun-11,20/06/2011,,,Cut paths,,
Exhaustion Land,2011,all plots,12-Aug-11,12/08/2011,,,Combined O&E's - Opened up trials with commercial combine ready for yields to be taken,,
Exhaustion Land,2011,all plots,12-Aug-11,12/08/2011,,,Baled O&E's - Baled area discard area cut to open out trials,,
Exhaustion Land,2011,all plots,16-Aug-11,16/08/2011,,,Straw weights,,
Exhaustion Land,2011,all plots,16-Aug-11,16/08/2011,,,Combined - O&E's,,
Exhaustion Land,2011,all plots,13-Apr-11.,13/04/2011,,,Applied Nitram,580,kg/ha
Exhaustion Land,2011,all plots,O1-Aug-11,01/08/2011,,,Cut paths,,
Exhaustion Land,2011,all plots,,05/05/2011,,,Sprayed Ally Max in mix in 200 l/ha water,42,g/ha
Exhaustion Land,2011,all plots,,05/05/2011,,,Sprayed Starane 2 in mix in 200 l/ha water,0.75,l/ha
Exhaustion Land,2011,all plots,,19/05/2011,,,Sprayed Comet 200 in mix in 100 l/ha water,0.6,l/ha
Exhaustion Land,2011,all plots,,19/05/2011,,,Sprayed Bravo 500 in mix in 100 l/ha water,1,l/ha
Exhaustion Land,2011,all plots,,23/05/2011,,,Cut paths,,
Exhaustion Land,2011,all plots,,17/08/2011,,,straw baled,,
Exhaustion Land,2011,k test,07-Oct-10,07/10/2010,,,"Basal P (triple superphosphate) plots 02, 04, 06, 08 and 10",75,kg/ha
Exhaustion Land,2011,k test,,07/10/2011,,,"Muriate of Potash, plots 23, 43, 63, 83 & 103",125,kg/ha
Exhaustion Land,2011,k test,,07/10/2011,,,"Muriate of Potash, plots 24, 44, 64, 84, 104",250,kg/ha
Exhaustion Land,2011,p test,07-Oct-10,07/10/2010,,,"Triple superphosphate plots 011-013, 031-033, 051-053, 071-073, 091-093",75,kg/ha
Exhaustion Land,2011,p test,07-Oct-10,07/10/2010,,,"Muriate of Potash - plots 011-014, 031-034, 051-054, 071-074, 091-094.",250,kg/ha
Exhaustion Land,2012,all plots,15-Aug-11,15/08/2011,,,Combined for yield,,
Exhaustion Land,2012,all plots,15-Aug-11,15/08/2011,,,Straw weights,,
Exhaustion Land,2012,all plots,29-Sep-11,29/09/2011,,,"Applied Triple Super Phosphate, as per plan",,
Exhaustion Land,2012,all plots,29-Sep-11,29/09/2011,,,"Applied Muriate of Potash, as per plan",,
Exhaustion Land,2012,all plots,30-Sep-11,30/09/2011,,,"Applied Chalk, as per plan Plots 022, 024, 074.",2,t/ha
Exhaustion Land,2012,all plots,03-Oct-11,03/10/2011,,,ploughed,,
Exhaustion Land,2012,all plots,04-Oct-11,04/10/2011,,,Cultipressed,,
Exhaustion Land,2012,all plots,12-Oct-11,12/10/2011,,,Rolled,,
Exhaustion Land,2012,all plots,14-Oct-11,14/10/2011,,,Sprayed Liberator in 200 l/ha of water,0.6,l/ha
Exhaustion Land,2012,all plots,16-Mar-12,16/03/2012,,,Applied Ammonium Sulphate Fertiliser,238,kg/ha
Exhaustion Land,2012,all plots,22-Mar-12,22/03/2012,,,Sprayed Cherokee SE in mix in 200 l/ha,1.0,l/ha
Exhaustion Land,2012,all plots,05-May-12,05/05/2012,,,Sprayed Ally Max in mix in 200l/ha of water,42,g/ha
Exhaustion Land,2012,all plots,05-May-12,05/05/2012,,,Sprayed Bravo 500 in mix in 200 l/ha of water,1.0,l/ha
Exhaustion Land,2012,all plots,05-May-12,05/05/2012,,,Sprayed Tracker in mix in 200l/ha of water,1.0,l/ha
Exhaustion Land,2012,all plots,05-May-12,05/05/2012,,,Sprayed Agriguard in mix in 200l/ha of water,2.25,l/ha
Exhaustion Land,2012,all plots,05-May-12,05/05/2012,,,Sprayed Starane 2 in mix in 200l/ha of water,0.5,l/ha
Exhaustion Land,2012,all plots,05-May-12,30/09/2011,,,"Applied Chalk Plots 011, 023, 044, 061, 062, 063, 064, 071, 082, 083, 084, 103.",4,t/ha
Exhaustion Land,2012,all plots,05-May-12,30/09/2011,,,"Applied Chalk Plots 021, 041, 042, 043, 051, 054, 081, 101, 102, 104.",6,t/ha
Exhaustion Land,2012,all plots,05-May-12,23/05/2012,,,Sprayed Opus,0.8,l/ha
Exhaustion Land,2012,all plots,17-May-12,17/05/2012,,,Cut paths,,
Exhaustion Land,2012,all plots,23-May-12,23/05/2012,,,Sprayed Comet,0.6,l/ha
Exhaustion Land,2012,all plots,23-May-12,23/05/2012,,,Sprayed Bravo 500,1.0,l/ha
Exhaustion Land,2012,all plots,13-Jun-12,13/06/2012,,,Sprayed Amistar in mix in 100 l/ha of water,0.3,l/ha
Exhaustion Land,2012,all plots,14-Jun-12,14/06/2012,,,Cut paths,,
Exhaustion Land,2012,all plots,06-Aug-12,06/08/2012,,,Cut paths,,
Exhaustion Land,2012,all plots,07-Aug-12,07/08/2012,,,Sprayed Samurai,3,l/ha
Exhaustion Land,2012,all plots,23-Aug-12,23/08/2012,,,Harvested,,
Exhaustion Land,2012,all plots,24-Aug-12,24/08/2012,,,Harvested O&E's,,
Exhaustion Land,2012,all plots,24-Aug-12,24/08/2012,,,Sampled Baled and Weighed,,
Exhaustion Land,2012,all plots,20-Sep-12,20/09/2012,,,Sprayed Whole field w/ Weedazol EW,20,l/ha
Exhaustion Land,2012,all plots,28-Sep-12,28/09/2012,,,"Spread Muriate of Potash - plots 103, 83, 63, 43, 23",125,kg/ha
Exhaustion Land,2012,all plots,28-Sep-12,28/09/2012,,,"Spread Muriate of Potash - plots 104-94, 87-73, 64-54, 44-34, 24-14",250,kg/ha
Exhaustion Land,2012,all plots,28-Sep-12,28/09/2012,,,"Spread TSP as on sheet on plots 101-93, 81-73, 61-53, 41-33, 21-13",75,kg/ha
Exhaustion Land,2012,all plots,13-Jun-13,13/06/2013,,,Sprayed Prosaro in mix in 100 l/ha of water,0.7,l/ha
Exhaustion Land,2012,all plots,11-Apr-12.,11/04/2012,,,Applied Nitram Feriliser,580,kg/ha
Exhaustion Land,2012,all plots,17-May-12.,17/05/2012,,,Applied Nitram,145,kg/ha
Exhaustion Land,2012,all plots,,22/03/2012,,,Sprayed Justice in mix in 200 l/ha,0.125,l/ha
Exhaustion Land,2013,all plots,20-Sep-12,20/09/2012,,,Sprayed Whole field w/ Weedazol EW,20,l/ha
Exhaustion Land,2013,all plots,28-Sep-12,28/09/2012,,,"Spread MOP Fertilizer as on sheet on plots 104-94, 87-73, 64-54, 44-34, 24-14",250,kg/ha
Exhaustion Land,2013,all plots,28-Sep-12,28/09/2012,,,"Spread TSP as on sheet on plots 101-93, 81-73, 61-53, 41-33, 21-13",75,kg/ha
Exhaustion Land,2013,all plots,15-Nov-12,15/11/2012,,,"Sprayed Liberator, also O&E's at each end of EX/4",0.6,l/ha
Exhaustion Land,2013,all plots,15-Nov-12,15/11/2012,,,Spread Slug Pellets (Gusto),5,kg/ha
Exhaustion Land,2013,all plots,11-Mar-13,11/03/2013,,,Applied Kieserite,80,kg/ha
Exhaustion Land,2013,all plots,12-Mar-13,12/03/2013,,,Applied Ammonium Sulphate Fertiliser,238,kg/ha
Exhaustion Land,2013,all plots,25-Apr-13,25/04/2013,,,Applied Nitram,580,kg/ha
Exhaustion Land,2013,all plots,16-May-13,16/05/2013,,,Sprayed Ally Max,42,g/ha
Exhaustion Land,2013,all plots,16-May-13,16/05/2013,,,Sprayed Kingdom,1.25,l/ha
Exhaustion Land,2013,all plots,16-May-13,16/05/2013,,,Sprayed Bravo 500,1.00,l/ha
Exhaustion Land,2013,all plots,16-May-13,16/05/2013,,,Sprayed NewCycocel,2.0,l/ha
Exhaustion Land,2013,all plots,16-May-13,16/05/2013,,,Sprayed Hatchet Extra,1.0,l/ha
Exhaustion Land,2013,all plots,21-May-13,21/05/2013,,,Applied Nitram,145,kg/ha
Exhaustion Land,2013,all plots,06-Jun-13,06/06/2013,,,Sprayed Ingite,1.2,l/ha
Exhaustion Land,2013,all plots,18-Jun-13,18/06/2013,,,Sprayed Cello,0.55,l/ha
Exhaustion Land,2013,all plots,19-Jun-13,19/06/2013,,,Cut paths,,
Exhaustion Land,2013,all plots,12-Aug-13,12/08/2013,,,Claas Harvested,,
Exhaustion Land,2013,all plots,13-Aug-13,13/08/2013,,,Sampo - Harvested,,
Exhaustion Land,2013,all plots,04-Ju-13,04/07/2013,,,Cut paths,,
Exhaustion Land,2013,all plots,13-Aug-13.,13/08/2013,,,"baled, weighed and sampled plots",,
Exhaustion Land,2013,all plots,15-Oct-12.,15/10/2012,,,Drilled WW Xi19,400,seeds/m2
Exhaustion Land,2013,all plots,19-Ju-13,19/06/2013,,,Cut paths,,
Exhaustion Land,2013,all plots,28-Sep-12.,28/09/2012,,,"Spread MOP Fertilizer on plots - 103, 83, 63, 43, 23",125,kg/ha
Exhaustion Land,2013,all plots,,15/11/2012,,,"Sprayed PDM, also O&E's at each end of EX/4",2.7,l/ha
Exhaustion Land,2013,all plots,,06/06/2013,,,Sprayed Comet,0.4,l/ha
Exhaustion Land,2013,all plots,,20/08/2013,,,Claas Harvested O&E's,,
Exhaustion Land,2014,all plots,30-Sep-13,30/09/2013,,,"Applied MOP Fertiliser - Plots 023, 043, 063, 083, 103",125,kg/ha
Exhaustion Land,2014,all plots,30-Sep-13,30/09/2013,,,"Applied MOP Fertiliser - Plots 011, 012, 013, 014, 024, 031, 032, 033, 034, 044, 051, 052, 053, 054, 064, 071, 072, 073, 074, 084, 091, 092, 093, 094, 104",250,kg/ha
Exhaustion Land,2014,all plots,30-Sep-13,30/09/2013,,,"Applied TSP - All Plots except Plots 014, 034, 054, 074, 094",75,kg/ha
Exhaustion Land,2014,all plots,01-Oct-13,01/10/2013,,,Topping,,
Exhaustion Land,2014,all plots,02-Oct-13,02/10/2013,,,"Applied Chalk - Plots 013, 014, 041, 043, 051, 054, 072",2,l/ha
Exhaustion Land,2014,all plots,02-Oct-13,02/10/2013,,,"Applied Chalk - Plots 011, 012, 022, 023, 024, 031, 052, 053, 061, 062, 063, 064, 082, 083, 084, 101, 103",6,t/ha
Exhaustion Land,2014,all plots,09-Oct-13,09/10/2013,,,ploughed,,
Exhaustion Land,2014,all plots,10-Oct-13,10/10/2013,,,Cultipressed,,
Exhaustion Land,2014,all plots,18-Oct-13,18/10/2013,,,Drilled All Plots - variety Xi19,400,seeds/m2
Exhaustion Land,2014,all plots,27-Nov-13,27/11/2013,,,Applied Major Slug Pellets,4,kg/ha
Exhaustion Land,2014,all plots,27-Nov-13,27/11/2013,,,Sprayed Hallmark,50,ml/ha
Exhaustion Land,2014,all plots,27-Nov-13,27/11/2013,,,Sprayed Liberator,600,ml/ha
Exhaustion Land,2014,all plots,27-Nov-13,27/11/2013,,,Sprayed Stomp,1.7,l/ha
Exhaustion Land,2014,all plots,10-Mar-14,10/03/2014,,,Applied sulphate of ammonia - All Plots,238,kg/ha
Exhaustion Land,2014,all plots,03-Apr-14,03/04/2014,,,Sprayed Artemis,1.0,l/ha
Exhaustion Land,2014,all plots,03-Apr-14,03/04/2014,,,Sprayed Bravo 500,1.0,l/ha
Exhaustion Land,2014,all plots,03-Apr-14,03/04/2014,,,Sprayed BASF 3C 720,1.75,l/ha
Exhaustion Land,2014,all plots,13-May-14,13/05/2014,,,Applied Nitram - All Plots,145,kg/ha
Exhaustion Land,2014,all plots,16-May-14,16/05/2014,,,Sprayed Simba,30,g/ha
Exhaustion Land,2014,all plots,06-Jun-14,06/06/2014,,,Sprayed Cello,550,ml/ha
Exhaustion Land,2014,all plots,25-Jun-14,25/06/2014,,,Rotavated Fallow Areas (discard surrounds),,
Exhaustion Land,2014,all plots,19-Aug-14,19/08/2014,,,Claas Harvested O&E's,,
Exhaustion Land,2014,all plots,21-Aug-14,21/08/2014,,,Sampo - Harvested All Plots,,
Exhaustion Land,2014,all plots,24-Aug-14,24/08/2014,,,"Sampled, Baled and Weighed Straw - all plots",,
Exhaustion Land,2014,all plots,04-Sep-14,04/09/2014,,,Claas Combine - Harvesting Leftover Wheat from Trial,,
Exhaustion Land,2014,all plots,02-Oct-13.,02/10/2013,,,"Applied Chalk - Plots 021, 042, 044, 081, 071, 074, 091, 102, 104",4,t/ha
Exhaustion Land,2014,all plots,09-Apr-14.,09/04/2014,,,Applied Kieserite - all plots,80,kg/ha
Exhaustion Land,2014,all plots,28-Ap-14,28/04/2014,,,Sprayed Kingdom,1.25,l/ha
Exhaustion Land,2014,all plots,28-Apr-14.,28/04/2014,,,Sprayed Bravo 500,1.0,l/ha
Exhaustion Land,2014,all plots,31-Jul-14.,31/07/2014,,,Cut Paths - in and around experiment,,
Exhaustion Land,2014,all plots,xx/04/2014,01/04/2014,,,Applied Nitram Fertilizer - All Plots,580,kg/ha
Exhaustion Land,2014,all plots,,16/05/2014,,,Sprayed Vortex,1.5,l/ha
Exhaustion Land,2014,note,,,,,"Note Samples of grain and straw were taken for chemical analysis. The yield strips on plots 031, 034, 071, 074, 091 & 094 were made smaller this year to avoid areas where the crop had already been sampled by S. McGrath et al.",,
Exhaustion Land,2015,all plots,02/10/2014,02/10/2014,,,Applied TSP,75,kg/ha
Exhaustion Land,2015,all plots,02/10/2014,02/10/2014,,,"Applied MOP onto plots 103, 83, 63, 43 & 23",125,kg/ha
Exhaustion Land,2015,all plots,02/10/2014,02/10/2014,,,"Applied MOP onto plots 104-24, 91-11, 92-12, 93-13, 94-14.",250,kg/ha
Exhaustion Land,2015,all plots,08/10/2014,08/10/2014,,,Ploughed ground (thrown North),,
Exhaustion Land,2015,all plots,28/10/2014,28/10/2014,,,Drilled Crusoe trt Redigo Deter,400,seeds/m2
Exhaustion Land,2015,all plots,01/11/2014,01/11/2014,,,Ring Rolled all new drilling,,
Exhaustion Land,2015,all plots,10/11/2014,10/11/2014,,,Sprayed Crystal,4,l/ha
Exhaustion Land,2015,all plots,04/12/2014,04/12/2014,,,Sprayed Hallmark,50,ml/ha
Exhaustion Land,2015,all plots,23/03/2015,23/03/2015,,,Applied Ammonia Sulphate (21%N) onto plots,238,kg/ha
Exhaustion Land,2015,all plots,05/04/2015,05/04/2015,,,Sprayed Artemis,1,l/ha
Exhaustion Land,2015,all plots,05/04/2015,05/04/2015,,,Sprayed Bravo 500,1,l/ha
Exhaustion Land,2015,all plots,05/04/2015,05/04/2015,,,Sprayed Chlormequat 750,1.25,l/ha
Exhaustion Land,2015,all plots,05/04/2015,05/04/2015,,,Sprayed Moddus,150,ml/ha
Exhaustion Land,2015,all plots,09/04/2015,09/04/2015,,,Applied Nitram fertiliser (34.5%N) to Winter Wheat Plots,580,kg/ha
Exhaustion Land,2015,all plots,16/04/2015,16/04/2015,,,Applied Kieserite to Winter Wheat Plots,80,kg/ha
Exhaustion Land,2015,all plots,27/04/2015,27/04/2015,,,Sprayed Kingdom,1.25,l/ha
Exhaustion Land,2015,all plots,27/04/2015,27/04/2015,,,Sprayed Balear 720,700,ml/ha
Exhaustion Land,2015,all plots,30/04/2015,30/04/2015,,,Applied Nitram fertiliser (34.5%N) to Winter Wheat Plots,145,kg/ha
Exhaustion Land,2015,all plots,27/05/2015,27/05/2015,,,Sprayed Ally Max,30,gm/ha
Exhaustion Land,2015,all plots,27/05/2015,27/05/2015,,,Sprayed Gemstone,1,l/ha
Exhaustion Land,2015,all plots,27/05/2015,27/05/2015,,,Sprayed Bravo 500,1,l/ha
Exhaustion Land,2015,all plots,15/06/2015,15/06/2015,,,Sprayed Proline onto WW,500,ml/ha
Exhaustion Land,2015,all plots,06/08/2015,06/08/2015,,,Topped Paths HE,,
Exhaustion Land,2015,all plots,27/08/2015,27/08/2015,,,Sprayed Bassoon,750,ml/ha
Exhaustion Land,2015,all plots,07/09/2015,07/09/2015,,,Harvested All Commercial WW; Swathed Straw,,
Exhaustion Land,2015,all plots,13/09/2015,13/09/2015,,,Harvested All Plots for Grain Yield,,
Exhaustion Land,2015,all plots,13/09/2015,13/09/2015,,,Sampled Baled and Weighed,,
Exhaustion Land,2015,all plots,,17/09/2015,,,removed round bales from field,,
Exhaustion Land,2015,all plots,,07/09/2015,,,Straw swathed,,
Exhaustion Land,2016,all plots,04/04/2016,04/04/2016,,,Applied Nitram @ 34.5%N,840,kg/ha
Exhaustion Land,2016,all plots,,01/10/2016,,,"Applied TSP - plots 101-021, 102-022, 103-023, 104-024, 091-011 & 092-012",75,kg/ha
Exhaustion Land,2016,all plots,,25/08/2016,,,Harvested all plots,,
Exhaustion Land,2016,note,,,,,"Note Samples of grain and straw were taken for chemical analysis. The yield strips on plots 031-034, 071-074, 091-094 (12 plots in total) were made smaller this year to avoid areas where the crop had already been sampled by S. McGrath et al. 16/R/EX/4",,
Exhaustion Land,2016,p test,25/08/2015,25/08/2015,,,Sprayed Firebrand,1,l/ha
Exhaustion Land,2016,p test,25/08/2015,25/08/2015,,,Sprayed Samurai,4,l/ha
Exhaustion Land,2016,p test,25/08/2015,25/08/2015,,,Sprayed Firebrand,1,l/ha
Exhaustion Land,2016,p test,01/10/2015,01/10/2015,,,"Applied MOP - Plots 103, 83, 63, 43 & 23",125,kg/ha
Exhaustion Land,2016,p test,01/10/2015,01/10/2015,,,"Applied MOP - Plots 094-014, 092-012, 104-024, 093-013, 091-011",250,kg/ha
Exhaustion Land,2016,p test,09/10/2015,09/10/2015,,,Ploughed; thrown south,,
Exhaustion Land,2016,p test,09/10/2015,09/10/2015,,,Topped all field and exp - Batwing,,
Exhaustion Land,2016,p test,15/10/2015,15/10/2015,,,Power harrowed - Seed bed preparation,,
Exhaustion Land,2016,p test,15/10/2015,15/10/2015,,,Drilled Crusoe trt Redigo,350,seeds/m2
Exhaustion Land,2016,p test,18/10/2015,18/10/2015,,,Ring Rolled all new drilling,,
Exhaustion Land,2016,p test,19/10/2015,19/10/2015,,,Sprayed WW - Liberater,0.6,l/ha
Exhaustion Land,2016,p test,19/10/2015,19/10/2015,,,Sprayed WW - Stomp Aqua,1.75,l/ha
Exhaustion Land,2016,p test,12/11/2015,12/11/2015,,,Sprayed Hallmark,40,ml/ha
Exhaustion Land,2016,p test,03/12/2015,03/12/2015,,,Applied TDS Major,5,kg/ha
Exhaustion Land,2016,p test,12/12/2015,12/12/2015,,,Sprayed Hallmark,40,ml/ha
Exhaustion Land,2016,p test,21/03/2016,21/03/2016,,,Applied Sulphate of Ammonia,238,kg/ha
Exhaustion Land,2016,p test,08/04/2016,08/04/2016,,,Sprayed Moddus,150,ml/ha
Exhaustion Land,2016,p test,08/04/2016,08/04/2016,,,Sprayed BASF 3C Chlormequat750,1.25,l/ha
Exhaustion Land,2016,p test,08/04/2016,08/04/2016,,,Sprayed Odin,500,ml/ha
Exhaustion Land,2016,p test,08/04/2016,08/04/2016,,,Sprayed Mirage 40ec,500,ml/ha
Exhaustion Land,2016,p test,08/04/2016,08/04/2016,,,Sprayed Bravo 500,1,l/ha
Exhaustion Land,2016,p test,13/04/2016,13/04/2016,,,Applied Kieserite - all plots,80,kg/ha
Exhaustion Land,2016,p test,05/05/2016,05/05/2016,,,Sprayed Keystone - wheat only,800,ml/ha
Exhaustion Land,2016,p test,05/05/2016,05/05/2016,,,Sprayed Keystone - wheat only,700,ml/ha
Exhaustion Land,2016,p test,24/05/2016,24/05/2016,,,Sprayed Vortex,1.5,l/ha
Exhaustion Land,2016,p test,24/05/2016,24/05/2016,,,Sprayed VortexCorbel,250,ml/ha
Exhaustion Land,2016,p test,09/07/2016,09/07/2016,,,Sprayed Cello,550,ml/ha
Exhaustion Land,2016,p test,09/07/2016,09/07/2016,,,Sprayed Hallmark,50,ml/ha
Exhaustion Land,2016,p test,22/08/2016,22/08/2016,,,Cut Paths using Iseki and Mower,,
Exhaustion Land,2016,p test,23/08/2016,23/08/2016,,,Mopped Up remaining crop,,
Exhaustion Land,2016,p test,26/08/2016,26/08/2016,,,Combined all crop using Tucano,,
Exhaustion Land,2017,all plots,26/09/2016,26/09/2016,,,Topped all stubble,,
Exhaustion Land,2017,all plots,26/09/2016,26/09/2016,,,"Applied TSP to plots 101-104, 081-084, 061-064, 041-044, 021-024, 091-092, 071-072, 051-052, 031-032 and 011-012",75,kg/ha
Exhaustion Land,2017,all plots,26/09/2016,26/09/2016,,,"Applied MOP to plots 103, 083, 063, 043, 023",125,kg/ha
Exhaustion Land,2017,all plots,26/09/2016,26/09/2016,,,"Applied MOP onto plots 104-094, 084-074, 064-054, 044-034 and 024-014",250,kg/ha
Exhaustion Land,2017,all plots,28/09/2016,28/09/2016,,,Ploughed - thrown North,,
Exhaustion Land,2017,all plots,06/10/2016,06/10/2016,,,Cultipressed - all ground and immediate surrounds,,
Exhaustion Land,2017,all plots,10/10/2016,10/10/2016,,,Ring Rolled all new drilling,,
Exhaustion Land,2017,all plots,10/10/2016,10/10/2016,,,Drilled Crusoe Treated w/Redigo Pro + Deter,350,seeds/m2
Exhaustion Land,2017,all plots,10/10/2016,10/10/2016,,,Cultipressed - all sites and surrounds,,
Exhaustion Land,2017,all plots,15/10/2016,15/10/2016,,,Sprayed Liberator,600,ml/ha
Exhaustion Land,2017,all plots,15/10/2016,15/10/2016,,,Sprayed Defy,3,l/ha
Exhaustion Land,2017,all plots,15/10/2016,15/10/2016,,,Sprayed Deploy,400,ml/ha
Exhaustion Land,2017,all plots,02/12/2016,02/12/2016,,,Sprayed Hallmark,50,ml/ha
Exhaustion Land,2017,all plots,21/03/2017,21/03/2017,,,Applied Kieserite,80,kg/ha
Exhaustion Land,2017,all plots,04/04/2017,04/04/2017,,,Applied Nitram,580,kg/ha
Exhaustion Land,2017,all plots,05/04/2017,05/04/2017,,,Sprayed Artemis,1,l/ha
Exhaustion Land,2017,all plots,05/04/2017,05/04/2017,,,Sprayed Claw 500,1,l/ha
Exhaustion Land,2017,all plots,05/04/2017,05/04/2017,,,Sprayed 3C Chlormequat 750,2,l/ha
Exhaustion Land,2017,all plots,27/04/2017,27/04/2017,,,Sprayed keystone,600,ml/ha
Exhaustion Land,2017,all plots,27/04/2017,27/04/2017,,,Sprayed epic,400,ml/ha
Exhaustion Land,2017,all plots,27/04/2017,27/04/2017,,,Sprayed Balear 720sc,700,ml/ha
Exhaustion Land,2017,all plots,05/05/2017,05/05/2017,,,Applied Nitram @ 34.5%N,145,kg/ha
Exhaustion Land,2017,all plots,08/06/2017,08/06/2017,,,Cut paths,,
Exhaustion Land,2017,all plots,19/06/2017,19/06/2017,,,Sprayed Fezan (Tebuconazole),750,ml/ha
Exhaustion Land,2017,all plots,26/06/2017,26/06/2017,,,cut all paths,,
Exhaustion Land,2017,all plots,27/07/2017,27/07/2017,,,cut all paths,,
Exhaustion Land,2017,all plots,01/09/2017,01/09/2017,,,Harvested all plots,,
Exhaustion Land,2017,all plots,02/09/2017,02/09/2017,,,Completed Straw Samples and Weights,,
Exhaustion Land,2017,all plots,06/09/2017,06/09/2017,,,harvested leftover wheat of harvested trials and surrounds,,
Exhaustion Land,2017,all plots,07/09/2017,07/09/2017,,,Baled all remaining commercial swath,,
Exhaustion Land,2017,all plots,,14/03/2017,,,Applied Sulphate of Ammonia (21%N 60%SO3) to all plots,238,kg/ha
,,,,,,,,,
,,,,,,,,,
,,,,,,,,,
