Experiment,year,site,start_date,new_start_date,end_date,new_end_date,operation,Column
LongTermLiming,1962,sawyers,17-Nov-61,17/11/1961,,,ploughed,
LongTermLiming,1962,sawyers,05-Mar-62,05/03/1962,,,Ground chalk applied,
LongTermLiming,1962,sawyers,14-Mar-62,14/03/1962,,,rotary cultivated,
LongTermLiming,1962,sawyers,15-Mar-62,15/03/1962,,,"Superphosphate, muriate of potash applied",
LongTermLiming,1962,sawyers,16-Mar-62,16/03/1962,,,seed drilled at 200 lb per acre,
LongTermLiming,1962,sawyers,11-Apr-62,11/04/1962,,,sprayed with simazine at 1 lb in 40 gallons per acre,
LongTermLiming,1962,sawyers,06-Jul-62,06/07/1962,,,sprayed with demeton methyl at 6 fluid oz in 60 gallons per acre,
LongTermLiming,1962,sawyers,20-Sep-61,20/09/1962,,,combine harvested,
LongTermLiming,1962,sawyers,None,None,,,"variety: Tick 30B. Previous crops: potatoes, fallow 1960, potatoes, fallow 1961",
LongTermLiming,1962,stackyard,2L-Nov-1961,24/11/1961,,,ploughed,
LongTermLiming,1962,stackyard,09-Mar-62,09/03/1962,,,Ground chalk applied,
LongTermLiming,1962,stackyard,15-Mar-62,15/03/1962,,,"Superphosphate, muriate of potash applied",
LongTermLiming,1962,stackyard,19-Mar-62,19/03/1962,,,seed drilled at 200 lb per acre,
LongTermLiming,1962,stackyard,12-Apr-62,12/04/1962,,,sprayed with simazine at 1 lb in 40 gallons per acre,
LongTermLiming,1962,stackyard,12-Jul-62,12/07/1962,,,sprayed with demeton methyl at 6 fluid oz in 60 gallons per acre,
LongTermLiming,1962,stackyard,20-Sep-61,20/09/1962,,,combine harvested,
LongTermLiming,1962,stackyard,None,None,,,variety: Tick 30B.,
LongTermLiming,1962,stackyard,None,None,,,"Previous crops: barley 1960, sugar beet 1961,",
LongTermLiming,1962,all,None,None,,,Samples were taken for counts of pods and beans,
LongTermLiming,1963,sawyers,04-Dec-62,04/12/1962,,,Ground chalk applied at 1 ton per acre to 'C' plots,
LongTermLiming,1963,sawyers,27-Mar-63,27/03/1963,,,ploughed,
LongTermLiming,1963,sawyers,01-Apr-63,01/04/1963,,,Ground chalk applied at 1 ton per acre to 'C' plots,
LongTermLiming,1963,sawyers,03-Apr-63,03/04/1963,,,"Superphosphate, muriate of potash applied",
LongTermLiming,1963,sawyers,18-Apr-63,08/04/1963,,,seed drilled at 200 lb per acre,
LongTermLiming,1963,sawyers,14-Jun-63,14/06/1963,,,sprayed with demeton-methyl at 6 fluid oz in 40 gallons per acre,
LongTermLiming,1963,sawyers,18-Oct-62,18/10/1963,,,combine harvested,
LongTermLiming,1963,sawyers,None,None,,,"variety: Tick 30B. Previous crops: potatoes, fallow 1960, potatoes, fallow 1961",
LongTermLiming,1963,stackyard,19-Oct-62,12/10/1962,,,ploughed,
LongTermLiming,1963,stackyard,19-Oct-62,19/10/1962,,,Ground chalk applied at 0.75 tons per acre to 'B' plots,
LongTermLiming,1963,stackyard,13-Mar-63,13/03/1963,,,"Superphosphate, muriate of potash applied",
LongTermLiming,1963,stackyard,27-Mar-63,27/03/1963,,,seed drilled at 200 lb per acre,
LongTermLiming,1963,stackyard,08-Apr-63,08/04/1963,,,sprayed with simazine at 1 lb in 40 gallons per acre,
LongTermLiming,1963,stackyard,13-Jun-63,13/06/1963,,,sprayed with demeton-methyl at 6 fluid oz in 40 gallons per acre,
LongTermLiming,1963,stackyard,21-Sep-62,21/09/1963,,,combine harvested,
LongTermLiming,1963,stackyard,None,None,,,"variety: Tick 30B. Previous crops: barley 1960, sugar beet 1961",
LongTermLiming,1964,sawyers,14-Nov-63,14/11/1963,,,ploughed,
LongTermLiming,1964,sawyers,15-Feb-64,15/02/1964,,,fertilizers applied,
LongTermLiming,1964,sawyers,06-Mar-64,06/03/1964,,,seed drilled at 200 lb per acre,
LongTermLiming,1964,sawyers,13-Mar-64,13/03/1964,,,sprayed with simazine at 1 lb in 40 gallons per acre,
LongTermLiming,1964,sawyers,25-Aug-64,25/08/1964,,,combine harvested,
LongTermLiming,1964,sawyers,None,None,,,variety: spring Tick,
LongTermLiming,1964,stackyard,01-Nov-63,01/11/1963,,,ploughed,
LongTermLiming,1964,stackyard,08-Nov-63,08/11/1963,,,fertilizers applied,
LongTermLiming,1964,stackyard,09-Nov-63,09/11/1963,,,sprayed with simazine at 1 lb in 40 gallons per acre,
LongTermLiming,1964,stackyard,13-Mar-64,13/03/1964,,,seed drilled at 200 lb per acre,
LongTermLiming,1964,stackyard,06-Apr-64,06/04/1964,,,sprayed with simazine at 1 lb in 40 gallons per acre,
LongTermLiming,1964,stackyard,25-Aug-64,25/08/1964,,,combine harvested,
LongTermLiming,1964,stackyard,None,None,,,variety: spring Tick,
LongTermLiming,1964,stackyard,None,None,,,"The Winter beans failed through bird damage, the spring beans were sown without seedbed Cultivations.",
LongTermLiming,1964,stackyard,None,None,,,On Sawyers sampled were taken at harvest for pod and bean counts,
LongTermLiming,1965,sawyers,18-Sep-64,18/09/1964,,,ploughed,
LongTermLiming,1965,sawyers,01-Mar-65,01/03/1965,,,fertilizers applied,
LongTermLiming,1965,sawyers,17-Mar-65,17/03/1965,,,seed drilled at 156 lb per acre,
LongTermLiming,1965,sawyers,19-May-65,19/05/1965,,,sprayed,
LongTermLiming,1965,sawyers,05-Sep-64,05/09/1964,,,combine harvested,
LongTermLiming,1965,sawyers,None,None,,,variety: Maris Badger,
LongTermLiming,1965,stackyard,ll-Oct-1964,14/10/1964,,,rotary cultivated,
LongTermLiming,1965,stackyard,29-Mar-65,29/03/1965,,,"27, 1964. fertilizers applied, seed drilled at 140 lb",
LongTermLiming,1965,stackyard,ll-May-1965,19/05/1965,,,sprayed,
LongTermLiming,1965,stackyard,28-Aug-65,28/08/1965,,,combine harvested,
LongTermLiming,1965,stackyard,None,None,,,variety: Maris Badger,
LongTermLiming,1966,sawyers,10-Jan-66,10/01/1966,,,ploughed,
LongTermLiming,1966,sawyers,1b-Mar-1966,1b/03/1966,,,"P, K applied, seed drilled at 160 lo",
LongTermLiming,1966,sawyers,20-May-66,20/05/1966,,,sprayed,
LongTermLiming,1966,sawyers,26-Aug-66,26/08/1966,,,combine harvested,
LongTermLiming,1966,sawyers,None,None,,,variety: Maris Badger,
LongTermLiming,1966,stackyard,16-Sep-65,16/09/1965,,,ploughed,
LongTermLiming,1966,stackyard,10-Mar-66,10/03/1966,,,"P, K applied",
LongTermLiming,1966,stackyard,11-Mar-66,11/03/1966,,,"Sulphate of ammonia applied, seed drilled at 150 lb",
LongTermLiming,1966,stackyard,11-May-66,11/05/1966,,,sprayed,
LongTermLiming,1966,stackyard,07-Jun-66,07/06/1966,,,Nitro-chalk' applied by zachine,
LongTermLiming,1966,stackyard,08-Sep-65,08/09/1965,,,combine harvested,
LongTermLiming,1966,stackyard,None,None,,,variety: Maris Badger,
LongTermLiming,1967,sawyers,16-Sep-66,16/09/1966,,,ploughed,
LongTermLiming,1967,sawyers,22-Feb-67,22/02/1967,,,"P, K applied",
LongTermLiming,1967,sawyers,03-Mar-67,03/03/1967,,,seed drilled at 140 lb per acre,
LongTermLiming,1967,sawyers,12-May-67,12/05/1967,,,Weedkiller applied,
LongTermLiming,1967,sawyers,22-Aug-67,22/08/1967,,,combine harvested,
LongTermLiming,1967,sawyers,None,None,,,variety: Maris Badger,
LongTermLiming,1967,stackyard,27-Sep-66,27/09/1966,,,"Aminotriazole, ammonia thiocyanate applied",
LongTermLiming,1967,stackyard,28-Oct-66,28/10/1966,,,ploughed,
LongTermLiming,1967,stackyard,2h-Feb-1967,24/02/1967,,,"P, K applied",
LongTermLiming,1967,stackyard,lh-Mar-1967,04/03/1967,,,"Sulphate of ammonia applied, seed drilled at 140 lb",
LongTermLiming,1967,stackyard,21-Mar-67,21/03/1967,,,Remainder of sulphate of ammonia applied,
LongTermLiming,1967,stackyard,09-May-67,09/05/1967,,,Ioxynil/mecoprop applied,
LongTermLiming,1967,stackyard,21-Aug-67,21/08/1967,,,combine harvested,
LongTermLiming,1967,stackyard,None,None,,,variety: Maris Badger,
LongTermLiming,1968,sawyers,25-Sep-67,25/09/1967,,,ploughed,
LongTermLiming,1968,sawyers,28-Mar-68,28/03/1968,,,Nitro-chalk' applied,
LongTermLiming,1968,sawyers,04-Apr-68,04/04/1968,,,"P, K applied, plots rotary cultivated, potatoes machine late",
LongTermLiming,1968,sawyers,03-May-68,03/05/1968,,,Weedkiller applied,
LongTermLiming,1968,sawyers,19-Jul-68,19/07/1968,,,Fungicide applied,
LongTermLiming,1968,sawyers,05-Aug-68,05/08/1968,,,Fungicide applied,
LongTermLiming,1968,sawyers,19-Jul-68,19/07/1968,,,Insecticide applied,
LongTermLiming,1968,sawyers,30-Aug-68,30/08/1968,,,sprayed with undiluted BOV at 15 gals,
LongTermLiming,1968,sawyers,03-Oct-67,03/10/1967,,,Lifted,
LongTermLiming,1968,stackyard,15-Nov-67,15/11/1967,,,ploughed,
LongTermLiming,1968,stackyard,26-Mar-68,26/03/1968,,,Nitro-chalk' applied,
LongTermLiming,1968,stackyard,28-Mar-68,28/03/1968,,,"P, K applied, plots rotary cultivated",
LongTermLiming,1968,stackyard,29-Mar-68,29/03/1968,,,potatoes machine late,
LongTermLiming,1968,stackyard,03-May-68,03/05/1968,,,Weedkiller applied,
LongTermLiming,1968,stackyard,13-Jun-68,13/06/1968,,,rotary ridged,
LongTermLiming,1968,stackyard,12-Jul-68,12/07/1968,,,Fungicide applied,
LongTermLiming,1968,stackyard,18-Jul-68,18/07/1968,,,Fungicide applied,
LongTermLiming,1968,stackyard,30-Jul-68,30/07/1968,,,Fungicide applied,
LongTermLiming,1968,stackyard,12-Jul-68,12/07/1968,,,Insecticide applied,
LongTermLiming,1968,stackyard,U4-Sept-1967,04/09/1968,,,sprayed with undiluted BOV at 15 gals,
LongTermLiming,1968,stackyard,02-Oct-67,02/10/1967,,,Lifted,
LongTermLiming,1969,sawyers,31-Jan-69,31/01/1969,,,ploughed,
LongTermLiming,1969,sawyers,16-Apr-69,16/04/1969,26-Apr-69,,rotary cultivated,
LongTermLiming,1969,sawyers,23-May-69,23/05/1969,,,rotary cultivated,
LongTermLiming,1969,sawyers,03-Jul-69,03/07/1969,,,rotary cultivated,
LongTermLiming,1969,sawyers,05-Aug-69,05/08/1969,,,Subsoiled 28 inches apart 20 inches deep,
LongTermLiming,1969,sawyers,08-Aug-69,08/08/1969,,,Deep-tine cultivated,
LongTermLiming,1969,stackyard,18-Oct-68,18/10/1968,,,Deep-tine cultivated,
LongTermLiming,1969,stackyard,07-Feb-69,07/02/1969,,,ploughed,
LongTermLiming,1969,stackyard,08-Mar-69,08/03/1969,,,ploughed,
LongTermLiming,1969,stackyard,17-Apr-69,17/04/1969,,,rotary cultivated,
LongTermLiming,1969,stackyard,22-May-69,22/05/1969,,,"l May,",
LongTermLiming,1969,stackyard,17-Jun-69,17/06/1969,,,"l May,",
LongTermLiming,1969,stackyard,28-Jun-69,28/06/1969,,,Deep-tine cultivated,
LongTermLiming,1969,stackyard,01-Jul-69,01/07/1969,,,Subsoiled 56 inches apart inches deep,
LongTermLiming,1970,sawyers,30-Dec-69,30/12/1969,,,ploughed,
LongTermLiming,1970,sawyers,26-Mar-70,26/03/1970,,,"P, K applied",
LongTermLiming,1970,sawyers,28-Mar-70,28/03/1970,,,seed combine drilled at 140 lb,
LongTermLiming,1970,sawyers,18-May-70,18/05/1970,,,Weedkiller applied,
LongTermLiming,1970,sawyers,15-Aug-70,15/08/1970,,,combine harvested,
LongTermLiming,1970,stackyard,30-o-1970,30/o/1970,08-Nov-69,,ploughed,
LongTermLiming,1970,stackyard,25-Mar-70,25/03/1970,,,N applied,
LongTermLiming,1970,stackyard,26-Mar-70,26/03/1970,,,"seed drilled at 135 lb per acre, P, K applied",
LongTermLiming,1970,stackyard,18-May-70,18/05/1970,,,Weedkiller applied,
LongTermLiming,1970,stackyard,19-Aug-70,19/08/1970,,,combine harvested,
LongTermLiming,1971,sawyers,22-Sep-70,22/09/1970,,,paraquat applied,
LongTermLiming,1971,sawyers,28-Oct-70,28/10/1970,,,ploughed,
LongTermLiming,1971,sawyers,03-Mar-71,03/03/1971,,,"P, K applied",
LongTermLiming,1971,sawyers,10-Mar-71,10/03/1971,,,seed combine drilled at 157 kg,
LongTermLiming,1971,sawyers,04-May-71,04/05/1971,,,'Oxytril P' applied,
LongTermLiming,1971,sawyers,16-Aug-71,16/08/1971,,,combine harvested,
LongTermLiming,1971,stackyard,16-Sep-70,16/09/1970,,,paraquat applied,
LongTermLiming,1971,stackyard,28-Oct-70,28/10/1970,,,ploughed,
LongTermLiming,1971,stackyard,17-Mar-71,17/03/1971,,,"N, P, K applied h Mar, seed drilled at 157 kg",
LongTermLiming,1971,stackyard,17-May-71,17/05/1971,,,Weedkiller applied,
LongTermLiming,1971,stackyard,17-Aug-71,17/08/1971,,,combine harvested,
LongTermLiming,1972,sawyers,09-Sep-71,09/09/1971,,,paraquat applied,
LongTermLiming,1972,sawyers,11-Nov-71,11/11/1971,,,ploughed,
LongTermLiming,1972,sawyers,20-Mar-72,20/03/1972,,,"P, K applied, seed combine drilled",
LongTermLiming,1972,sawyers,17-May-72,17/05/1972,,,'Tetroxone' applied,
LongTermLiming,1972,sawyers,03-Jul-72,03/07/1972,,,"plots cut, carted, because the crop hand failed, plots were very weedy., plots rotary cultivated twice",
LongTermLiming,1972,sawyers,2h-Aug-1972,2h/08/1972,,,ll July. combine harvested,
LongTermLiming,1972,stackyard,09-Sep-71,09/09/1971,,,paraquat applied,
LongTermLiming,1972,stackyard,27-Oct-71,27/10/1971,,,ploughed,
LongTermLiming,1972,stackyard,14-Mar-72,14/03/1972,,,"P, K applied",
LongTermLiming,1972,stackyard,15-Mar-72,15/03/1972,,,seed drilled,
LongTermLiming,1972,stackyard,03-Jul-72,03/07/1972,,,"plots cut, carted, because the crop hand failed, plots were very weedy",
LongTermLiming,1972,stackyard,04-Jul-72,04/07/1972,,,plots rotary cultivated three times,
LongTermLiming,1972,stackyard,18-Jul-72,18/07/1972,,,plots rotary cultivated three times,
LongTermLiming,1972,stackyard,31-Jul-72,31/07/1972,,,plots rotary cultivated three times,
LongTermLiming,1972,stackyard,15-Aug-72,15/08/1972,,,combine harvested,
LongTermLiming,1973,sawyers,29-Nov-72,29/11/1972,,,ploughed,
LongTermLiming,1973,sawyers,26-Feb-73,26/02/1973,,,"P, K applied",
LongTermLiming,1973,sawyers,12-Mar-73,12/03/1973,,,"power harrowed, seed sown",
LongTermLiming,1973,sawyers,15-May-73,15/05/1973,,,Weedkiller applied,
LongTermLiming,1973,sawyers,02-Jul-73,02/07/1973,,,Plots without lime rotary cultivated,
LongTermLiming,1973,sawyers,10-Aug-73,10/08/1973,,,combine harvested,
LongTermLiming,1973,stackyard,28-Sep-72,28/09/1972,,,Deep-tine cultivated,
LongTermLiming,1973,stackyard,27-Dec-72,27/12/1972,,,ploughed,
LongTermLiming,1973,stackyard,2B-Feb-1973,28/02/1973,,,"P, K applied",
LongTermLiming,1973,stackyard,08-Mar-73,08/03/1973,,,N applied,
LongTermLiming,1973,stackyard,12-Mar-73,12/03/1973,,,seed sown,
LongTermLiming,1973,stackyard,11-May-73,11/05/1973,,,Weedkiller applied,
LongTermLiming,1973,stackyard,02-Jul-73,02/07/1973,,,Certain plots without lime rotary cultivated,
LongTermLiming,1973,stackyard,13-Aug-73,13/08/1973,,,combine harvested,
LongTermLiming,1974,sawyers,19-Nov-73,19/11/1973,,,ploughed,
LongTermLiming,1974,sawyers,23-Apr-74,23/04/1974,,,Basal N applied,
LongTermLiming,1974,sawyers,24-Apr-74,24/04/1974,,,"Treatment P, K, Mg applied, spike rotary cultivated, potatoes late",
LongTermLiming,1974,sawyers,17-May-74,17/05/1974,,,Weedkiller applied,
LongTermLiming,1974,sawyers,19-Jun-74,19/06/1974,,,Grubbed,
LongTermLiming,1974,sawyers,21-Jun-74,21/06/1974,,,rotary ridged,
LongTermLiming,1974,sawyers,11-Jul-74,11/07/1974,,,Fungicide with insecticide applied,
LongTermLiming,1974,sawyers,02-Aug-74,02/08/1974,,,Fungicide applied,
LongTermLiming,1974,sawyers,10-Sep-73,10/09/1973,,,Haulm mechanically destroyed,
LongTermLiming,1974,sawyers,19-Sep-73,19/09/1973,,,sprayed with undiluted BOV at 225 l,
LongTermLiming,1974,sawyers,30-Oct-73,30/10/1973,,,Lifted,
LongTermLiming,1974,stackyard,13-Sep-73,13/09/1973,,,Aminotriazole plus ammonia thiocyanate applied,
LongTermLiming,1974,stackyard,25-Oct-73,25/10/1973,,,"Subsoiled, tines 140 cm apart 50 cm deep",
LongTermLiming,1974,stackyard,13-Nov-73,13/11/1973,,,ploughed,
LongTermLiming,1974,stackyard,04-Apr-74,04/04/1974,,,spring-tine cultivated,
LongTermLiming,1974,stackyard,16-Apr-74,16/04/1974,,,"Basal N, treatment P, K, Mg applied",
LongTermLiming,1974,stackyard,17-Apr-74,17/04/1974,,,"rotary cultivated, potatoes late",
LongTermLiming,1974,stackyard,15-May-74,15/05/1974,,,Weedkiller applied,
LongTermLiming,1974,stackyard,12-Jun-74,12/06/1974,,,rotary ridged,
LongTermLiming,1974,stackyard,19-Jul-74,19/07/1974,,,Fungicide with insecticide applied,
LongTermLiming,1974,stackyard,07-Aug-74,07/08/1974,,,Fungicide applied,
LongTermLiming,1974,stackyard,12-Sep-73,12/09/1973,,,Haulm mechanically destroyed,
LongTermLiming,1974,stackyard,30-Sep-73,30/09/1973,,,sprayed with undiluted BOV at 170 l. Lifted,
LongTermLiming,1975,sawyers,07-Feb-75,07/02/1975,,,Chisel ploughed,
LongTermLiming,1975,sawyers,11-Mar-75,11/03/1975,,,"Treatment P, K applied",
LongTermLiming,1975,sawyers,25-Mar-75,25/03/1975,,,"rotary cultivated, seed sown, N applied",
LongTermLiming,1975,sawyers,19-May-75,19/05/1975,,,Weedkiller applied,
LongTermLiming,1975,sawyers,18-Aug-75,18/08/1975,,,combine hexvested,
LongTermLiming,1975,stackyard,11-Dec-74,11/12/1974,,,ploughed,
LongTermLiming,1975,stackyard,17-Mar-75,17/03/1975,,,"Treatment P, K applied",
LongTermLiming,1975,stackyard,20-Mar-75,20/03/1975,,,"spring cultivated, seed mown, N applied",
LongTermLiming,1975,stackyard,22-May-75,22/05/1975,,,Weedkiller applied,
LongTermLiming,1975,stackyard,18-Aug-75,18/08/1975,,,combine harvested,
LongTermLiming,1976,sawyers,20-Oct-75,20/10/1975,,,"Weedkiller applied Oct, ploughed",
LongTermLiming,1976,sawyers,11-Mar-76,11/03/1976,,,spring-tine cultivated,
LongTermLiming,1976,sawyers,24-Mar-76,24/03/1976,,,"Treatment P, K, Mg and basal N applied",
LongTermLiming,1976,sawyers,26-Mar-76,26/03/1976,,,"spring cultivated, seed sown",
LongTermLiming,1976,sawyers,14-Jul-76,14/07/1976,,,Harvested green,
LongTermLiming,1976,stackyard,02-Sep-75,02/09/1975,,,"Heavy spring-tine cultivated, rotary cultivated",
LongTermLiming,1976,stackyard,21-Oct-75,21/10/1975,,,ploughed,
LongTermLiming,1976,stackyard,09-Mar-76,09/03/1976,,,spring-tine cultivated,
LongTermLiming,1976,stackyard,26-Mar-76,26/03/1976,,,"Treatment P, K, Mg applied",
LongTermLiming,1976,stackyard,29-Mar-76,29/03/1976,,,Basal N applied,
LongTermLiming,1976,stackyard,30-Mar-76,30/03/1976,,,spring-tine cultivated with crumbler,
LongTermLiming,1976,stackyard,31-Mar-76,31/03/1976,,,"Rolled, seed sown",
LongTermLiming,1976,stackyard,07-Jul-76,07/07/1976,,,Harvested green,
LongTermLiming,1977,sawyers,31-Aug-77,31/08/1977,,,Deep-tine cultivated twice,
LongTermLiming,1977,sawyers,01-Dec-76,01/12/1976,,,ploughed,
LongTermLiming,1977,sawyers,29-Mar-77,29/03/1977,,,"Treatment P, K applied",
LongTermLiming,1977,sawyers,30-Mar-77,30/03/1977,,,Treatment Mg applied,
LongTermLiming,1977,sawyers,04-Apr-77,04/04/1977,,,"power harrowed, seed sown",
LongTermLiming,1977,sawyers,30-May-77,30/05/1977,,,Weedkiller applied,
LongTermLiming,1977,sawyers,05-Sep-76,05/09/1976,,,combine harvested,
LongTermLiming,1977,stackyard,16-Aug-77,16/08/1977,,,power harrowed,
LongTermLiming,1977,stackyard,23-Nov-76,23/11/1976,,,ploughed,
LongTermLiming,1977,stackyard,09-Mar-77,09/03/1977,,,spring-tine cultivated with crumbler attached,
LongTermLiming,1977,stackyard,18-Mar-77,18/03/1977,,,"Treatment P, K and Mg applied",
LongTermLiming,1977,stackyard,31-Mar-77,31/03/1977,,,"spring-tine cultivated with crumbler attached, seed sown",
LongTermLiming,1977,stackyard,30-May-77,30/05/1977,,,Weedkiller applied,
LongTermLiming,1977,stackyard,03-Sep-76,03/09/1976,,,combine harvested,
LongTermLiming,1978,sawyers,20-Nov-77,20/11/1977,,,ploughed,
LongTermLiming,1978,sawyers,07-Apr-78,07/04/1978,,,spring-tine cultivated,
LongTermLiming,1978,sawyers,19-Apr-78,19/04/1978,,,"Treatment P, K, Mg applied, per harrowed, seed sown",
LongTermLiming,1978,sawyers,08-Jun-78,08/06/1978,,,Weedkiller applied,
LongTermLiming,1978,sawyers,08-Sep-77,08/09/1977,,,combine harvested,
LongTermLiming,1978,stackyard,23-Sep-77,23/09/1977,,,paraquat applied,
LongTermLiming,1978,stackyard,30-Sep-77,30/09/1977,,,ploughed,
LongTermLiming,1978,stackyard,09-Mar-78,09/03/1978,,,spring-tine cultivated,
LongTermLiming,1978,stackyard,13-Mar-78,13/03/1978,,,"P, K, Mg applied, spring cultivated wíth crumbler attached",
LongTermLiming,1978,stackyard,15-Mar-78,15/03/1978,,,seed sown,
LongTermLiming,1978,stackyard,03-Apr-78,03/04/1978,,,"spring-tine cultivated with crumbler attached, seed resown because of bird damage",
LongTermLiming,1978,stackyard,15-May-78,15/05/1978,,,"Weedkiller, Fungicide applied",
LongTermLiming,1978,stackyard,23-Aug-78,23/08/1978,,,combine harvested,
LongTermLiming,1979,sawyers,24-Oct-78,24/10/1978,,,Weedkiller applied,
LongTermLiming,1979,sawyers,29-Nov-78,29/11/1978,,,Test chalk applied,
LongTermLiming,1979,sawyers,21-Dec-78,21/12/1978,,,ploughed,
LongTermLiming,1979,sawyers,12-Jun-79,12/06/1979,,,rotary cultivated,
LongTermLiming,1979,sawyers,03-Jul-79,03/07/1979,,,Deep-tine cultivated,
LongTermLiming,1979,stackyard,14-Sep-78,14/09/1978,,,Weedkiller applied,
LongTermLiming,1979,stackyard,21-Nov-78,21/11/1978,,,Test chalk applied,
LongTermLiming,1979,stackyard,22-Nov-78,22/11/1978,,,ploughed,
LongTermLiming,1979,stackyard,17-Apr-79,17/04/1979,,,spring-tine cultivated with crumbler attached,
LongTermLiming,1979,stackyard,06-Jun-79,06/06/1979,,,rotary cultivated,
LongTermLiming,1979,stackyard,04-Jul-79,04/07/1979,,,rotary cultivated twice,
LongTermLiming,1979,stackyard,16-Aug-79,16/08/1979,,,rotary cultivated twice,
LongTermLiming,1979,stackyard,21-Aug-79,21/08/1979,,,Deep-tine cultivated,
LongTermLiming,1979,stackyard,11-Sep-78,11/09/1978,,,Heavy spring-tine cultivated,
LongTermLiming,1980,sawyers,04-Dec-79,04/12/1979,,,ploughed,
LongTermLiming,1980,sawyers,21-Apr-80,21/04/1980,,,Heavy spring-tine cultivated,
LongTermLiming,1980,sawyers,22-May-80,22/05/1980,,,spring-tine cultivated,
LongTermLiming,1980,sawyers,19-Jun-80,19/06/1980,,,rotary cultivated,
LongTermLiming,1980,sawyers,04-Aug-80,04/08/1980,,,rotary harrowed,
LongTermLiming,1980,stackyard,11-Sep-79,11/09/1979,,,Heavy spring-tine cultivated,
LongTermLiming,1980,stackyard,03-Mar-80,03/03/1980,,,Heavy spring-tine cultivated,
LongTermLiming,1980,stackyard,07-Aug-80,07/08/1980,,,Heavy spring-tine cultivated,
LongTermLiming,1980,stackyard,29-Nov-79,29/11/1979,,,ploughed,
LongTermLiming,1980,stackyard,29-Jul-80,29/07/1980,,,rotary cultivated,
LongTermLiming,1981,sawyers,01-Dec-80,01/12/1980,,,"Basal K, Mg applied",
LongTermLiming,1981,sawyers,08-Dec-80,08/12/1980,,,"P treatments applied, ploughed",
LongTermLiming,1981,sawyers,13-Apr-81,13/04/1981,,,"rotary harrowed, seed sown",
LongTermLiming,1981,sawyers,01-Jun-81,01/06/1981,,,Weedkiller applied,
LongTermLiming,1981,sawyers,10-Sep-80,10/09/1980,,,combine harvested,
LongTermLiming,1981,stackyard,13-Nov-80,13/11/1980,,,ploughed,
LongTermLiming,1981,stackyard,12-Dec-80,12/12/1980,,,ploughed,
LongTermLiming,1981,stackyard,08-Dec-80,08/12/1980,,,"Basal K, Mg applied",
LongTermLiming,1981,stackyard,06-Apr-81,06/04/1981,,,"N applied, heavy spring cut cultivated",
LongTermLiming,1981,stackyard,08-Apr-81,08/04/1981,,,spring-tine cultivated with crumbler attached,
LongTermLiming,1981,stackyard,09-Apr-81,09/04/1981,,,"rotary cut cultivated, seed sown",
LongTermLiming,1981,stackyard,01-Jun-81,01/06/1981,,,"Weedkiller, Fungicide applied",
LongTermLiming,1981,stackyard,03-Sep-80,03/09/1980,,,combine harvested,
LongTermLiming,1982,sawyers,03-Dec-81,03/12/1981,07-Dec-81,,Ground chalk applied,
LongTermLiming,1982,sawyers,03-Feb-82,03/02/1982,,,ploughed,
LongTermLiming,1982,sawyers,05-Apr-82,05/04/1982,,,spring-tine cultivated,
LongTermLiming,1982,sawyers,14-Apr-82,14/04/1982,,,"P, K, Mg applied, seed sown",
LongTermLiming,1982,sawyers,26-May-82,26/05/1982,,,Weedkiller applied,
LongTermLiming,1982,stackyard,25-Nov-81,25/11/1981,,,Ground chalk applied,
LongTermLiming,1982,stackyard,26-Feb-82,26/02/1982,,,ploughed,
LongTermLiming,1982,stackyard,24-Mar-82,24/03/1982,,,"P, K applied",
LongTermLiming,1982,stackyard,25-Mar-82,25/03/1982,,,"Mg, N applied, heavy spring-tine cultivated",
LongTermLiming,1982,stackyard,29-Mar-82,29/03/1982,,,"spring-tine cultivated with crumbler attached, seed sown",
LongTermLiming,1982,stackyard,26-May-82,26/05/1982,,,Weedkiller applied,
LongTermLiming,1982,stackyard,20-Aug-82,20/08/1982,,,combine harvested,
LongTermLiming,1983,sawyers,26-Nov-82,26/11/1982,,,Ground chalk treatments applied,
LongTermLiming,1983,sawyers,01-Dec-82,01/12/1982,,,ploughed,
LongTermLiming,1983,sawyers,11-May-83,11/05/1983,,,"P treatments, N, K, Mg applied",
LongTermLiming,1983,sawyers,23-May-83,23/05/1983,,,"rotary harrowed, potatoes late",
LongTermLiming,1983,sawyers,26-May-83,26/05/1983,,,rotary ridged,
LongTermLiming,1983,sawyers,07-Jun-83,07/06/1983,,,Weedkiller applied,
LongTermLiming,1983,sawyers,22-Jun-83,22/06/1983,,,Mancozeb applied,
LongTermLiming,1983,sawyers,25-Aug-83,25/08/1983,,,Mancozeb applied,
LongTermLiming,1983,sawyers,09-Sep-82,09/09/1982,,,Mancozeb applied,
LongTermLiming,1983,sawyers,01-Jul-83,01/07/1983,,,Fentin hydroxide applied with insecticide,
LongTermLiming,1983,sawyers,08-Jul-83,08/07/1983,,,Fentin hydroxide applied with insecticide,
LongTermLiming,1983,sawyers,18-Jul-83,18/07/1983,,,Fentin hydroxide applied with insecticide,
LongTermLiming,1983,sawyers,28-Jul-83,28/07/1983,,,Fentin hydroxide applied with insecticide,
LongTermLiming,1983,sawyers,11-Aug-83,11/08/1983,,,Fentin hydroxide applied,
LongTermLiming,1983,sawyers,11-Oct-82,11/10/1982,,,Haulm mechanically destroyed,
LongTermLiming,1983,sawyers,19-Oct-82,19/10/1982,,,Haulm desiccant applied,
LongTermLiming,1983,sawyers,28-Oct-82,28/10/1982,,,Lifted,
LongTermLiming,1983,stackyard,12-Sep-82,12/09/1982,,,glyphosate applied,
LongTermLiming,1983,stackyard,08-Oct-82,08/10/1982,,,ploughed,
LongTermLiming,1983,stackyard,04-Nov-82,04/11/1982,,,Ground chalk treatments applied,
LongTermLiming,1983,stackyard,23-Dec-82,23/12/1982,,,ploughed,
LongTermLiming,1983,stackyard,21-Mar-83,21/03/1983,,,Heavy spring-tine cultivated,
LongTermLiming,1983,stackyard,22-Mar-83,22/03/1983,,,"P treatments, N, K, Mg applied",
LongTermLiming,1983,stackyard,28-Mar-83,28/03/1983,,,Heavy spring-tine cultivated,
LongTermLiming,1983,stackyard,11-May-83,11/05/1983,,,Heavy spring-tine cultivated,
LongTermLiming,1983,stackyard,11-May-83,11/05/1983,,,"rotary cultivated, potatoes late",
LongTermLiming,1983,stackyard,07-Jun-83,07/06/1983,,,"rotary ridged, weedkíller applied",
LongTermLiming,1983,stackyard,22-Jun-83,22/06/1983,,,Mancozeb applied with insecticide,
LongTermLiming,1983,stackyard,08-Jul-83,08/07/1983,,,Mancozeb applied with insecticide,
LongTermLiming,1983,stackyard,18-Jul-83,18/07/1983,,,Mancozeb applied with insecticide,
LongTermLiming,1983,stackyard,01-Jul-83,01/07/1983,,,Mancozeb applied,
LongTermLiming,1983,stackyard,29-Jul-83,29/07/1983,,,Fentin hydroxide applied with insecticide,
LongTermLiming,1983,stackyard,11-Aug-83,11/08/1983,,,Fentin hydroxide applied with insecticide,
LongTermLiming,1983,stackyard,26-Aug-83,26/08/1983,,,Fentin hydroxide applied with insecticide,
LongTermLiming,1983,stackyard,09-Sep-82,09/09/1982,,,Fentin hydroxide applied,
LongTermLiming,1983,stackyard,05-Oct-82,05/10/1982,,,Haulm mechanically destroyed,
LongTermLiming,1983,stackyard,17-Oct-82,17/10/1982,,,Haulm desiccant applied,
LongTermLiming,1983,stackyard,07-Nov-82,07/11/1982,,,Lifted,
LongTermLiming,1984,sawyers,11-Nov-83,11/11/1983,,,Heavy spring-tine cultivated,
LongTermLiming,1984,sawyers,27-Apr-84,27/04/1984,,,"twice,",
LongTermLiming,1984,sawyers,09-May-84,09/05/1984,,,"twice,",
LongTermLiming,1984,sawyers,27-Apr-84,27/04/1984,,,rotary cultivated,
LongTermLiming,1984,sawyers,15-Jun-84,15/06/1984,,,rotary cultivated,
LongTermLiming,1984,sawyers,12-Jul-84,12/07/1984,,,rotary cultivated,
LongTermLiming,1984,sawyers,13-Jul-84,13/07/1984,,,spring-tine cultivated,
LongTermLiming,1984,stackyard,16-Jan-84,16/01/1984,,,Deep-tine cultivated,
LongTermLiming,1984,stackyard,15-May-84,15/05/1984,,,Heavy spring-tine cultivated,
LongTermLiming,1984,stackyard,10-Jul-84,10/07/1984,,,cultivated with thistle bar,
LongTermLiming,1984,stackyard,10-Aug-84,10/08/1984,,,cultivated with thistle bar,
LongTermLiming,1984,stackyard,25-Jul-84,25/07/1984,,,rotary cultivated,
LongTermLiming,1985,sawyers,03-Jan-85,03/01/1985,,,ploughed,
LongTermLiming,1985,sawyers,18-Mar-85,18/03/1985,,,"NX applied, spring cultivated, rotary harrowed, seed sown",
LongTermLiming,1985,sawyers,16-May-85,16/05/1985,,,Weedkillers with Fungicide applied,
LongTermLiming,1985,sawyers,23-Aug-85,23/08/1985,,,combine harvested,
LongTermLiming,1985,stackyard,13-Mar-85,13/03/1985,,,ploughed,
LongTermLiming,1985,stackyard,18-Mar-85,18/03/1985,,,"spring cultivated, NK applied, harrowed, seed sown",
LongTermLiming,1985,stackyard,16-May-85,16/05/1985,,,Weedkiller applied,
LongTermLiming,1985,stackyard,28-Aug-85,28/08/1985,,,combine harvested,
LongTermLiming,1986,sawyers,23-Sep-85,23/09/1985,,,Weedkiller applied,
LongTermLiming,1986,sawyers,08-Oct-85,08/10/1985,,,ploughed,
LongTermLiming,1986,sawyers,23-Oct-85,23/10/1985,,,"Rolled, disced, rotary harrowed, seed sown",
LongTermLiming,1986,sawyers,30-Apr-86,30/04/1986,,,N applied,
LongTermLiming,1986,sawyers,10-Sep-85,10/09/1985,,,combine harvested,
LongTermLiming,1986,stackyard,09-Oct-85,09/10/1985,,,ploughed,
LongTermLiming,1986,stackyard,22-Oct-85,22/10/1985,,,"Rolled, per harrowed, seed sown",
LongTermLiming,1986,stackyard,30-Apr-86,30/04/1986,,,N applied,
LongTermLiming,1986,stackyard,19-May-86,19/05/1986,,,Weedkiller applied,
LongTermLiming,1986,stackyard,07-Sep-85,07/09/1985,,,combine harvested,
LongTermLiming,1987,sawyers,13-Nov-86,13/11/1986,,,Chalk treatments applied,
LongTermLiming,1987,sawyers,14-Nov-86,14/11/1986,,,ploughed,
LongTermLiming,1987,sawyers,31-Mar-87,31/03/1987,,,"spring cultivated, rotary harrowed, seed sown, harrowed",
LongTermLiming,1987,sawyers,13-Apr-87,13/04/1987,,,Weedkiller applied,
LongTermLiming,1987,sawyers,09-Jul-87,09/07/1987,,,Fungicide and insecticide applied,
LongTermLiming,1987,sawyers,17-Nov-86,17/11/1986,,,combine harvested,
LongTermLiming,1987,stackyard,16-Sep-86,16/09/1986,,,glyphosate applied,
LongTermLiming,1987,stackyard,13-Nov-86,13/11/1986,,,Chalk treatments applied,
LongTermLiming,1987,stackyard,28-Nov-86,28/11/1986,,,ploughed,
LongTermLiming,1987,stackyard,06-Apr-87,06/04/1987,,,"Spike harrowed with crumbler attached, seed sown",
LongTermLiming,1987,stackyard,13-Apr-87,13/04/1987,,,"Harrowed, terbutryne and terbuthylazine applied",
LongTermLiming,1987,stackyard,08-May-87,08/05/1987,,,Deltamethrin applied,
LongTermLiming,1987,stackyard,13-Jul-87,13/07/1987,,,"Benomyl, pirimicarb applied",
LongTermLiming,1987,stackyard,18-Nov-86,18/11/1986,,,combine harvested,
LongTermLiming,1988,sawyers,14-Dec-87,14/12/1987,,,"P treatments, K, Mg applied",
LongTermLiming,1988,sawyers,15-Dec-87,15/12/1987,,,ploughed,
LongTermLiming,1988,sawyers,05-Apr-88,05/04/1988,,,Heavy spring-tine cultivated,
LongTermLiming,1988,sawyers,07-Apr-88,07/04/1988,,,N applied,
LongTermLiming,1988,sawyers,12-Apr-88,12/04/1988,,,"Weedkiller applied, spring cultivated twice",
LongTermLiming,1988,sawyers,13-Apr-88,13/04/1988,,,"rotary harrowed, seed sown, harrowed",
LongTermLiming,1988,sawyers,19-Sep-87,19/09/1987,,,desiccant applied,
LongTermLiming,1988,sawyers,24-Oct-87,24/10/1987,,,combine harvested,
LongTermLiming,1988,stackyard,10-Feb-88,10/02/1988,,,"P treatments, K, Mg applied",
LongTermLiming,1988,stackyard,23-Feb-88,23/02/1988,,,ploughed,
LongTermLiming,1988,stackyard,05-Apr-88,05/04/1988,,,Heavy spring-tine cultivated,
LongTermLiming,1988,stackyard,22-Apr-88,22/04/1988,,,"N applied, spike harrowed with crumbler attached, trifluralin applied, spike harrowed with crumbler attached, seed sown",
LongTermLiming,1988,stackyard,05-May-88,05/05/1988,,,Linuron applied,
LongTermLiming,1988,stackyard,21-Sep-87,21/09/1987,,,desiccant applied,
LongTermLiming,1988,stackyard,01-Nov-87,01/11/1987,,,combine harvested,
LongTermLiming,1989,sawyers,20-Dec-88,20/12/1988,,,ploughed,
LongTermLiming,1989,sawyers,29-Mar-89,29/03/1989,,,"Heavy spring-tine cultivated, rotary harrowed",
LongTermLiming,1989,sawyers,30-Mar-89,30/03/1989,,,"rotary harrowed, seed sown, 3 harrowed, rolled",
LongTermLiming,1989,sawyers,31-Mar-89,31/03/1989,,,Weedkiller applied,
LongTermLiming,1989,sawyers,10-May-89,10/05/1989,,,Deltamethrin applied,
LongTermLiming,1989,sawyers,31-May-89,31/05/1989,,,Deltamethrin applied,
LongTermLiming,1989,sawyers,14-Jun-89,14/06/1989,,,Pirimicarb applied,
LongTermLiming,1989,sawyers,14-Jul-89,14/07/1989,,,"Benomyl, fenpropimorph applied",
LongTermLiming,1989,sawyers,14-Aug-89,14/08/1989,,,combine harvested,
LongTermLiming,1989,stackyard,14-Dec-88,14/12/1988,,,ploughed,
LongTermLiming,1989,stackyard,28-Mar-89,28/03/1989,,,spring-tine cultivated,
LongTermLiming,1989,stackyard,31-Mar-89,31/03/1989,,,"rotary harrowed, seed sown",
LongTermLiming,1989,stackyard,21-Apr-89,21/04/1989,,,"Simazine, trietazine applied",
LongTermLiming,1989,stackyard,22-May-89,22/05/1989,,,Deltamethrin applied,
LongTermLiming,1989,stackyard,07-Jun-89,07/06/1989,,,and,
LongTermLiming,1989,stackyard,07-Jun-89,07/06/1989,,,Alloxydim-sodium applied,
LongTermLiming,1989,stackyard,22-Jun-89,22/06/1989,,,Pirimicarb applied,
LongTermLiming,1989,stackyard,12-Jul-89,12/07/1989,,,"Benomyl, fenpropimorph applied",
LongTermLiming,1989,stackyard,22-Aug-89,22/08/1989,,,combine harvested,
LongTermLiming,1990,sawyers,23-Aug-90,23/08/1990,,,"Tine cultivated with vibrating tines 60 cm apart, 45 cm deep",
LongTermLiming,1990,sawyers,24-Nov-89,24/11/1989,,,ploughed,
LongTermLiming,1990,sawyers,05-Mar-90,05/03/1990,,,spring-tine cultivated,
LongTermLiming,1990,sawyers,06-Mar-90,06/03/1990,,,"rotary harrowed, glyphosate applied, rotary harrowed, seed sown, harrowed, rolled",
LongTermLiming,1990,sawyers,12-Mar-90,12/03/1990,,,"Simazine, trietazine applied",
LongTermLiming,1990,sawyers,17-May-90,17/05/1990,,,Deltamethrin applied,
LongTermLiming,1990,sawyers,05-Jun-90,05/06/1990,,,Pirimicarb applied,
LongTermLiming,1990,sawyers,15-Aug-90,15/08/1990,,,combine harvested,
LongTermLiming,1990,stackyard,01-Sep-89,01/09/1989,,,glyphosate applied,
LongTermLiming,1990,stackyard,05-Jan-90,05/01/1990,,,ploughed,
LongTermLiming,1990,stackyard,05-Mar-90,05/03/1990,,,"glyphosate applied, per harrowed with crumbler attached, seed sown",
LongTermLiming,1990,stackyard,13-Mar-90,13/03/1990,,,"Simazine, trietazine applied",
LongTermLiming,1990,stackyard,25-May-90,25/05/1990,,,paraquat applied,
LongTermLiming,1991,sawyers,23-Aug-91,23/08/1990,,,"N, K applied",
LongTermLiming,1991,sawyers,28-Aug-91,28/08/1990,,,ploughed,
LongTermLiming,1991,sawyers,29-Aug-91,29/08/1990,,,rolled,
LongTermLiming,1991,sawyers,30-Aug-91,30/08/1990,,,rotary harrowed,
LongTermLiming,1991,sawyers,31-Aug-91,31/08/1990,,,"rotary harrowed, seed sown, harrowed, rolled, metazachlor applied",
LongTermLiming,1991,sawyers,27-Sep-90,27/09/1990,,,Irrigated,
LongTermLiming,1991,sawyers,07-Nov-90,07/11/1990,,,Deltamethrin applied,
LongTermLiming,1991,sawyers,03-Dec-90,03/12/1990,,,"Prochloraz, Mg applied",
LongTermLiming,1991,sawyers,17-Dec-90,17/12/1990,,,Clopyralid applied,
LongTermLiming,1991,sawyers,04-Mar-91,04/03/1991,,,N applied,
LongTermLiming,1991,sawyers,12-Apr-91,12/04/1991,,,sections deltamethrin applied,
LongTermLiming,1991,sawyers,23-Apr-91,23/04/1991,,,sections prochloraz and Mn applied,
LongTermLiming,1991,sawyers,30-Jul-91,30/07/1991,,,desiccant with wetting agent applied,
LongTermLiming,1991,sawyers,07-Aug-91,07/08/1991,,,combine harvested,
LongTermLiming,1991,stackyard,15-Aug-91,15/08/1991,,,disced,
LongTermLiming,1991,stackyard,21-Aug-91,21/08/1991,,,"Subsoiled with tines 1.5m apart, 0.4 m deep",
LongTermLiming,1991,stackyard,22-Aug-91,22/08/1991,,,"ploughed, rolled",
LongTermLiming,1991,stackyard,28-Aug-91,28/08/1990,,,"N, K applied",
LongTermLiming,1991,stackyard,30-Aug-91,30/08/1991,,,"rotary harrowed with crumbler attached, seed sown",
LongTermLiming,1991,stackyard,01-Nov-90,01/11/1990,,,"Weedkillers, adjuvant applied",
LongTermLiming,1991,stackyard,15-Nov-90,15/11/1990,,,Deltamethrin applied,
LongTermLiming,1991,stackyard,03-Dec-90,03/12/1990,,,Mg applied,
LongTermLiming,1991,stackyard,15-Mar-91,15/03/1991,,,N applied,
LongTermLiming,1991,stackyard,12-Apr-91,12/04/1991,,,sections deltamethrin applied with Fungicide,
LongTermLiming,1991,stackyard,09-May-91,09/05/1991,,,Mn applied,
LongTermLiming,1991,stackyard,01-Aug-91,01/08/1991,,,desiccant with wetting agent applied,
LongTermLiming,1991,stackyard,13-Aug-91,13/08/1991,,,combine harvested,
LongTermLiming,1992,sawyers,25-Aug-91,25/08/1991,,,"Deep-tine cultivated with vibrating tines 60 cm apart, 45 cm deep.",B
LongTermLiming,1992,sawyers,26-Aug-91,26/08/1991,,,"ploughed, rolled",B
LongTermLiming,1992,sawyers,04-Sep-91,04/09/1991,,,rotary harrowed,B
LongTermLiming,1992,sawyers,05-Sep-91,05/09/1991,,,"rotary harrowed, Libravo, dressed Hydraguard and Rovral WP, drilled at 6.1 kg, rolled.",B
LongTermLiming,1992,sawyers,06-Sep-91,06/09/1991,,,Butisan S at 2.5 l in 200 l,B
LongTermLiming,1992,sawyers,24-Oct-91,24/10/1991,,,NK as (25:0:16) at 200 kg.,B
LongTermLiming,1992,sawyers,02-Dec-91,02/12/1991,,,Vytel Liquid carted Magnesium at 2.0 l in 200 l,B
LongTermLiming,1992,sawyers,05-Mar-92,05/03/1992,,,SULPHUR 30: 30 kg S as gypsum.,T
LongTermLiming,1992,sawyers,05-Mar-92,05/03/1992,,,34.5% N at 220 kg.,B
LongTermLiming,1992,stackyard,13-Apr-92,13/04/1992,,,ploughed cropped failed.,B
LongTermLiming,1992,stackyard,03-Sep-91,03/09/1991,,,ploughed,B
LongTermLiming,1992,stackyard,06-Sep-91,06/09/1991,,,"rotary cultivated, Libravo, dressed Hydraguard and Rovral WP, drilled at 6.0 kg, rolled. S",B
LongTermLiming,1992,stackyard,29-Oct-91,29/10/1991,,,NK as (25:0:16) at 200 kg.,B
LongTermLiming,1992,stackyard,15-Jan-92,15/01/1992,,,Benazalox at 1.25 kg in 200 l,B
LongTermLiming,1992,stackyard,05-Mar-92,05/03/1992,,,SULPHUR 30: 30 kg S as gypsum.,T
LongTermLiming,1992,stackyard,06-Mar-92,06/03/1992,,,34.5% N at 220 kg.,B
LongTermLiming,1992,stackyard,13-May-92,13/05/1992,,,ploughed cropped failed.,
LongTermLiming,1992,stackyard,,,,,Flowering to crop failed no yields were taken.,B
LongTermLiming,1993,sawyers,29-Sep-92,29/09/1992,,,ploughed,B
LongTermLiming,1993,sawyers,07-Oct-92,07/10/1992,,,"rotary harrowed, CH 304/70, cultivated with rhizobium, drilled at 100 kg.",B
LongTermLiming,1993,sawyers,13-Oct-92,13/10/1992,,,Opogard 500 FW at 2.8 l in 200 l,B
LongTermLiming,1993,sawyers,16-Apr-93,16/04/1993,,,SULPHUR 30: 30 kg S as gypsum.,T
LongTermLiming,1993,sawyers,22-Jun-93,22/06/1993,,,per Dimethoate 40 at 1.7 1 in 200 l,B
LongTermLiming,1993,sawyers,02-Jul-93,02/07/1993,,,Mistral at 1.0 ll in 200 l : B : Sportak 45 at 1.1 1 in 200 l,B
LongTermLiming,1993,sawyers,06-Sep-93,06/09/1993,,,Stefes Diquat at 3.0 l with Vassgro Spreader at 0.30 1 in 260 1.,B
LongTermLiming,1993,stackyard,10-Oct-93,10/10/1993,,,combine harvested,B
LongTermLiming,1993,stackyard,02-Oct-92,02/10/1992,,,"rotary harrowed, CH 304/70, cultivated with rhizobium, drilled at 100 kg.",B
LongTermLiming,1993,stackyard,12-Oct-92,12/10/1992,,,Opogard S00 FW at 1.8 1 and Scythe at 3.0 l in 200 l,B
LongTermLiming,1993,stackyard,22-Mar-93,22/03/1993,,,ploughed cropped failed.,B
LongTermLiming,1993,stackyard,08-Jul-93,08/07/1993,,,rotary cultivated,
LongTermLiming,1993,stackyard,,,,,At Rothamsted plant sampled were taken in ear June from transects across plots for a failed study of the relation between soil pH grain and plant growth. Harvested grain sampled were taken for sulphur analysis.,
LongTermLiming,1993,stackyard,,,,,At Woburn the crop failed and no yields were taken.,
LongTermLiming,1993,stackyard,,,,,"At Rothamsted, most CHALK 0 plots failed. They have been omitted from the analysis.",
LongTermLiming,1994,sawyers,16-Oct-93,16/10/1993,,,ploughed,B
LongTermLiming,1994,sawyers,19-Oct-93,19/10/1993,,,disced,B
LongTermLiming,1994,sawyers,20-Oct-93,20/10/1993,,,"spring cultivated, CH304/70 drilled at 40 seed per m^.",B
LongTermLiming,1994,sawyers,26-Oct-93,26/10/1993,,,Opogard 500 FW at 2.8 l in 200 l,B
LongTermLiming,1994,sawyers,16-Feb-94,16/02/1994,,,Atlas Simazine at 1.0 l in 200 l,B
LongTermLiming,1994,sawyers,13-Jun-94,13/06/1994,,,SULPHUR 30: 30 kg S as gypsum.,T
LongTermLiming,1994,stackyard,06-Sep-94,06/09/1994,,,Barclay Gallup at 4.0 l in 200 l,B
LongTermLiming,1994,stackyard,16-Sep-93,16/09/1993,,,ploughed,B
LongTermLiming,1994,stackyard,24-Sep-93,24/09/1993,,,"rotary harrowed, CH304/70 drilled at 40 seed per m^.",B
LongTermLiming,1994,stackyard,18-Feb-94,18/02/1994,,,Atlas Simazine at 1.0 l in 200 l,B
LongTermLiming,1994,stackyard,10-Mar-94,10/03/1994,,,SULPHUR 30: 30 kg S as gypsum.,T
LongTermLiming,1994,stackyard,09-May-94,09/05/1994,,,Sportak 45 at 1.5 l in 200 l,
LongTermLiming,1994,stackyard,,,,,"Due to poor Winter survival at Rothamsted and to excessive grazing damage at Woburn, both crops were abandoned in summer and no yields were taken. ",B
LongTermLiming,1995,sawyers,06-Sep-94,06/09/1994,,,Barclay Gallup at 4.0 l in 200 l,B
LongTermLiming,1995,sawyers,12-Sep-94,12/09/1994,,,topped.,B
LongTermLiming,1995,sawyers,14-Sep-94,14/09/1994,,,ploughed,B
LongTermLiming,1995,sawyers,29-Sep-94,29/09/1994,,,"disced, heavy spring cultivated.",B
LongTermLiming,1995,sawyers,30-Sep-94,30/09/1994,,,"rotary harrowed, Genesis, dressed Rappor, drilled at 380 seed per m.",B
LongTermLiming,1995,sawyers,24-Nov-94,24/11/1994,,,Alpha Isoproturon 500 at 2.5 l with Stomp 400 at 2.5 l in 200 l,B
LongTermLiming,1995,sawyers,13-Apr-95,13/04/1995,,,34.5% N at 435 kg.,B
LongTermLiming,1995,sawyers,01-May-95,01/05/1995,,,SULPHUR 30: Gypsum (17.5% S) at 171 kg.,T
LongTermLiming,1995,sawyers,10-May-95,10/05/1995,,,Halo at 2.0 l in 200 l,B
LongTermLiming,1995,sawyers,16-Jun-95,16/06/1995,,,Halo at 2.0 l with Patrol at 0.5 l in 300 l,B
LongTermLiming,1995,stackyard,02-Aug-95,02/08/1995,,,combine harvested,B
LongTermLiming,1995,stackyard,23-Sep-94,23/09/1994,,,ploughed,B
LongTermLiming,1995,stackyard,30-Sep-94,30/09/1994,,,"rotary harrowed, Genesis, dressed Rappor, drilled at 300 seed per m"". Rolled.",B
LongTermLiming,1995,stackyard,28-Nov-94,28/11/1994,,,Panther at 2.0 l with Dec at 0.20 1 in 200 l,B
LongTermLiming,1995,stackyard,13-Mar-95,13/03/1995,,,SULPHUR 30: Gypsum (17.5% S) at 171 kg.,T
LongTermLiming,1995,stackyard,15-Mar-95,15/03/1995,,,34.5% N at 116 kg.,B
LongTermLiming,1995,stackyard,21-Apr-95,21/04/1995,,,34.5% N at 348 kg.,B
LongTermLiming,1995,stackyard,28-Apr-95,28/04/1995,,,Halo at 2.0 l in 200 l,B
LongTermLiming,1995,stackyard,01-Jun-95,01/06/1995,,,Cyclone at 1.0 l with Mallard at 0.3 l in 200 l,B
LongTermLiming,1995,stackyard,30-Jun-95,30/06/1995,,,Pirimicarb 50 DG at 280 g in 300 l,B
LongTermLiming,1995,stackyard,04-Aug-95,04/08/1995,,,combine harvested,
LongTermLiming,1995,stackyard,,,,,"At Rothamsted, CHALK 0 plots failed, and have been omitted from the analyses.",
LongTermLiming,1996,sawyers,10-Aug-95,10/08/1995,,,Straw baled,B
LongTermLiming,1996,sawyers,22-Aug-95,22/08/1995,,,Sub-soiled.,B
LongTermLiming,1996,sawyers,25-Sep-95,25/09/1995,,,ploughed,B
LongTermLiming,1996,sawyers,28-Sep-95,28/09/1995,,,"rotary harrowed, Hereward, dressed Panoctine, drilled at 380 seed per m?.",B
LongTermLiming,1996,sawyers,11-Mar-96,11/03/1996,,,34.5% N at 116 kg.,B
LongTermLiming,1996,sawyers,09-Apr-96,09/04/1996,,,SULPHUR 30: Gypsum (17.5% S) at 171 kg.,T
LongTermLiming,1996,sawyers,15-Apr-96,15/04/1996,,,34.5% N at 463 kg.,B
LongTermLiming,1996,sawyers,26-Apr-96,26/04/1996,,,Ally at 30 g with Cheetah per at 1.25 l and Barclay Holdup at 2.3 l in 200 l,B
LongTermLiming,1996,sawyers,13-Jun-96,13/06/1996,,,Alto 100 SL at 0.6 l with Mallard 750 EC at 0.4 l in 300 l,B
LongTermLiming,1996,stackyard,09-Aug-96,09/08/1996,,,combine harvested,B
LongTermLiming,1996,stackyard,25-Aug-95,25/08/1995,,,Sub-soiled.,B
LongTermLiming,1996,stackyard,19-Sep-95,19/09/1995,,,ploughed,B
LongTermLiming,1996,stackyard,23-Sep-95,23/09/1995,,,rolled,B
LongTermLiming,1996,stackyard,03-Oct-95,03/10/1995,,,"rotary harrowed, Hereward, dressed Sibutol, drilled at 375 seed per m^.",B
LongTermLiming,1996,stackyard,13-Nov-95,13/11/1995,,,Panther at 2.0 l in 200 l,B
LongTermLiming,1996,stackyard,13-Mar-96,13/03/1996,,,34.5% N at 116 kg.,B
LongTermLiming,1996,stackyard,19-Mar-96,19/03/1996,,,SULPHUR 30: Gypsum (17.5% S) at 171 kg.,T
LongTermLiming,1996,stackyard,16-Apr-96,16/04/1996,,,34.5% N at 348 kg.,B
LongTermLiming,1996,stackyard,30-Apr-96,30/04/1996,,,Halo at 1.5 l in 200 l,B
LongTermLiming,1996,stackyard,06-Jun-96,06/06/1996,,,Silvacur at 1.0 l in 300 l,B
LongTermLiming,1996,stackyard,19-Aug-96,19/08/1996,,,combine harvested,
LongTermLiming,1996,stackyard,,,,,"At Rothamsted, most CHALK 0 plots failed. They have been omitted from the analysis.",
