Experiment,year,site,record_type,new_start_date,new_end_date,operation,operation_type,plot,amount,rate,method
LongTermLiming,1962,sawyers,,17/11/1961,,ploughed,tillage process,,,,
LongTermLiming,1962,sawyers,,05/03/1962,,Ground chalk applied,liming process,,,,
LongTermLiming,1962,sawyers,,14/03/1962,,rotary cultivated,tillage process,,,,
LongTermLiming,1962,sawyers,,15/03/1962,,"Superphosphate, muriate of potash applied",,,,,
LongTermLiming,1962,sawyers,,16/03/1962,,seed drilled,seeding process,,200,lb/acre,
LongTermLiming,1962,sawyers,,11/04/1962,,simazine at 1 lb in 40 gallons per acre,,,,,sprayed
LongTermLiming,1962,sawyers,,06/07/1962,,demeton methyl at 6 fluid oz in 60 gallons per acre,,,,,sprayed
LongTermLiming,1962,sawyers,,20/09/1962,,combine harvested,harvesting process,,,,
LongTermLiming,1962,sawyers,variety,,,"Tick 30B. Previous crops: potatoes, fallow 1960, potatoes, fallow 1961",comment,,,,
LongTermLiming,1962,stackyard,,24/11/1961,,ploughed,tillage process,,,,
LongTermLiming,1962,stackyard,,09/03/1962,,Ground chalk applied,liming process,,,,
LongTermLiming,1962,stackyard,,15/03/1962,,"Superphosphate, muriate of potash applied",,,,,
LongTermLiming,1962,stackyard,,19/03/1962,,seed drilled,seeding process,,200,lb/acre,
LongTermLiming,1962,stackyard,,12/04/1962,,simazine at 1 lb in 40 gallons per acre,,,,,sprayed
LongTermLiming,1962,stackyard,,12/07/1962,,demeton methyl at 6 fluid oz in 60 gallons per acre,,,,,sprayed
LongTermLiming,1962,stackyard,,20/09/1962,,combine harvested,harvesting process,,,,
LongTermLiming,1962,stackyard,variety,,,Tick 30B.,,,,,
LongTermLiming,1962,stackyard,note,,,"Previous crops: barley 1960, sugar beet 1961,",comment,,,,
LongTermLiming,1962,all,note,,,Samples were taken for counts of pods and beans,comment,,,,
LongTermLiming,1963,sawyers,,04/12/1962,,Ground chalk applied at 1 ton per acre to 'C' plots,liming process,,,,
LongTermLiming,1963,sawyers,,27/03/1963,,ploughed,tillage process,,,,
LongTermLiming,1963,sawyers,,01/04/1963,,Ground chalk applied at 1 ton per acre to 'C' plots,liming process,,,,
LongTermLiming,1963,sawyers,,03/04/1963,,"Superphosphate, muriate of potash applied",,,,,
LongTermLiming,1963,sawyers,,08/04/1963,,seed drilled,seeding process,,200,lb/acre,
LongTermLiming,1963,sawyers,,14/06/1963,,demeton-methyl at 6 fluid oz in 40 gallons per acre,,,,,sprayed
LongTermLiming,1963,sawyers,,18/10/1963,,combine harvested,harvesting process,,,,
LongTermLiming,1963,sawyers,variety,,,"Tick 30B. Previous crops: potatoes, fallow 1960, potatoes, fallow 1961",comment,,,,
LongTermLiming,1963,stackyard,,12/10/1962,,ploughed,tillage process,,,,
LongTermLiming,1963,stackyard,,19/10/1962,,Ground chalk applied at 0.75 tons per acre to 'B' plots,liming process,,,,
LongTermLiming,1963,stackyard,,13/03/1963,,"Superphosphate, muriate of potash applied",,,,,
LongTermLiming,1963,stackyard,,27/03/1963,,seed drilled,seeding process,,200,lb/acre,
LongTermLiming,1963,stackyard,,08/04/1963,,simazine at 1 lb in 40 gallons per acre,,,,,sprayed
LongTermLiming,1963,stackyard,,13/06/1963,,demeton-methyl at 6 fluid oz in 40 gallons per acre,,,,,sprayed
LongTermLiming,1963,stackyard,,21/09/1963,,combine harvested,harvesting process,,,,
LongTermLiming,1963,stackyard,variety,,,"Tick 30B. Previous crops: barley 1960, sugar beet 1961",comment,,,,
LongTermLiming,1964,sawyers,,14/11/1963,,ploughed,tillage process,,,,
LongTermLiming,1964,sawyers,,15/02/1964,,fertilizers applied,,,,,
LongTermLiming,1964,sawyers,,06/03/1964,,seed drilled,seeding process,,200,lb/acre,
LongTermLiming,1964,sawyers,,13/03/1964,,simazine at 1 lb in 40 gallons per acre,,,,,sprayed
LongTermLiming,1964,sawyers,,25/08/1964,,combine harvested,harvesting process,,,,
LongTermLiming,1964,sawyers,variety,,,spring Tick,,,,,
LongTermLiming,1964,stackyard,,01/11/1963,,ploughed,tillage process,,,,
LongTermLiming,1964,stackyard,,08/11/1963,,fertilizers applied,,,,,
LongTermLiming,1964,stackyard,,09/11/1963,,simazine at 1 lb in 40 gallons per acre,,,,,sprayed
LongTermLiming,1964,stackyard,,13/03/1964,,seed drilled,seeding process,,200,lb/acre,
LongTermLiming,1964,stackyard,,06/04/1964,,simazine at 1 lb in 40 gallons per acre,,,,,sprayed
LongTermLiming,1964,stackyard,,25/08/1964,,combine harvested,harvesting process,,,,
LongTermLiming,1964,stackyard,variety,,,spring Tick,,,,,
LongTermLiming,1964,stackyard,note,,,"The Winter beans failed through bird damage, the spring beans were sown without seedbed Cultivations.",comment,,,,
LongTermLiming,1964,stackyard,note,,,On Sawyers sampled were taken at harvest for pod and bean counts,comment,,,,
LongTermLiming,1965,sawyers,,18/09/1964,,ploughed,tillage process,,,,
LongTermLiming,1965,sawyers,,01/03/1965,,fertilizers applied,,,,,
LongTermLiming,1965,sawyers,,17/03/1965,,seed drilled,seeding process,,156,lb/acre,
LongTermLiming,1965,sawyers,,19/05/1965,,sprayed,,,,,
LongTermLiming,1965,sawyers,,05/09/1965,,combine harvested,harvesting process,,,,
LongTermLiming,1965,sawyers,variety,,,Maris Badger,,,,,
LongTermLiming,1965,stackyard,,14/10/1964,,rotary cultivated,tillage process,,,,
LongTermLiming,1965,stackyard,,29/03/1965,,fertilizers applied,,,,,
LongTermLiming,1965,stackyard,,29/03/1965,,seed drilled,seeding process,,140,lb/acre,
LongTermLiming,1965,stackyard,,27/10/1964,,rotary cultivated,tillage process,,,,
LongTermLiming,1965,stackyard,,11/05/1965,,sprayed,,,,,
LongTermLiming,1965,stackyard,,28/08/1965,,combine harvested,harvesting process,,,,
LongTermLiming,1965,stackyard,variety,,,Maris Badger,,,,,
LongTermLiming,1966,sawyers,,10/01/1966,,ploughed,tillage process,,,,
LongTermLiming,1966,sawyers,,10/03/1966,,"P, K applied",,,,,
LongTermLiming,1966,sawyers,,10/03/1966,,seed drilled,seeding process,,160,lb/acre,
LongTermLiming,1966,sawyers,,20/05/1966,,sprayed,,,,,
LongTermLiming,1966,sawyers,,26/08/1966,,combine harvested,harvesting process,,,,
LongTermLiming,1966,sawyers,variety,,,Maris Badger,,,,,
LongTermLiming,1966,stackyard,,16/09/1965,,ploughed,tillage process,,,,
LongTermLiming,1966,stackyard,,10/03/1966,,"P, K applied",,,,,
LongTermLiming,1966,stackyard,,11/03/1966,,Sulphate of ammonia applied,,,,,
LongTermLiming,1966,stackyard,,11/03/1966,,seed drilled,seeding process,,140,lb/acre,
LongTermLiming,1966,stackyard,,11/05/1966,,sprayed,,,,,
LongTermLiming,1966,stackyard,,07/06/1966,,Nitro-chalk applied by machine,liming process,,,,
LongTermLiming,1966,stackyard,,08/09/1966,,combine harvested,harvesting process,,,,
LongTermLiming,1966,stackyard,variety,,,Maris Badger,,,,,
LongTermLiming,1967,sawyers,,16/09/1966,,ploughed,tillage process,,,,
LongTermLiming,1967,sawyers,,22/02/1967,,"P, K applied",,,,,
LongTermLiming,1967,sawyers,,03/03/1967,,seed drilled,seeding process,,140,lb/acre,
LongTermLiming,1967,sawyers,,12/05/1967,,weedkiller applied,,,,,
LongTermLiming,1967,sawyers,,22/08/1967,,combine harvested,harvesting process,,,,
LongTermLiming,1967,sawyers,variety,,,Maris Badger,,,,,
LongTermLiming,1967,stackyard,,27/09/1966,,"Aminotriazole, ammonium thiocyanate applied",,,,,
LongTermLiming,1967,stackyard,,28/10/1966,,ploughed,tillage process,,,,
LongTermLiming,1967,stackyard,,24/02/1967,,"P, K applied",,,,,
LongTermLiming,1967,stackyard,,04/03/1967,,Sulphate of ammonia applied,,,,,
LongTermLiming,1967,stackyard,,04/03/1967,,seed drilled,seeding process,,140,lb/acre,
LongTermLiming,1967,stackyard,,21/03/1967,,Remainder of sulphate of ammonia applied,,,,,
LongTermLiming,1967,stackyard,,09/05/1967,,"Ioxynil, mecoprop applied",,,,,
LongTermLiming,1967,stackyard,,31/05/1967,,"Ioxynil, mecoprop applied",,,,,
LongTermLiming,1967,stackyard,,21/08/1967,,combine harvested,harvesting process,,,,
LongTermLiming,1967,stackyard,variety,,,Maris Badger,,,,,
LongTermLiming,1968,sawyers,,25/09/1967,,ploughed,tillage process,,,,
LongTermLiming,1968,sawyers,,28/03/1968,,Nitro-chalk applied,liming process,,,,
LongTermLiming,1968,sawyers,,04/04/1968,,"P, K applied",,,,,
LongTermLiming,1968,sawyers,,04/04/1968,,rotary cultivated,tillage process,,,,
LongTermLiming,1968,sawyers,,04/04/1968,,potatoes machine planted,,,,,
LongTermLiming,1968,sawyers,,03/05/1968,,weedkiller applied,,,,,
LongTermLiming,1968,sawyers,,04/07/1968,,Fungicide applied,,,,,
LongTermLiming,1968,sawyers,,19/07/1968,,Fungicide applied,,,,,
LongTermLiming,1968,sawyers,,05/08/1968,,Fungicide applied,,,,,
LongTermLiming,1968,sawyers,,19/07/1968,,Insecticide applied,,,,,
LongTermLiming,1968,sawyers,,30/08/1968,,undiluted BOV at 15 gals,,,,,sprayed
LongTermLiming,1968,sawyers,,03/10/1968,,Lifted,,,,,
LongTermLiming,1968,sawyers,,variety,,Majestic,,,,,
LongTermLiming,1968,stackyard,,15/11/1967,,ploughed,tillage process,,,,
LongTermLiming,1968,stackyard,,26/03/1968,,Nitro-chalk applied,liming process,,,,
LongTermLiming,1968,stackyard,,28/03/1968,,"P, K applied",,,,,
LongTermLiming,1968,stackyard,,28/03/1968,,rotary cultivated,tillage process,,,,
LongTermLiming,1968,stackyard,,29/03/1968,,potatoes machine planted,,,,,
LongTermLiming,1968,stackyard,,03/05/1968,,weedkiller applied,,,,,
LongTermLiming,1968,stackyard,,13/06/1968,,rotary ridged,,,,,
LongTermLiming,1968,stackyard,,12/07/1968,,Fungicide applied,,,,,
LongTermLiming,1968,stackyard,,18/07/1968,,Fungicide applied,,,,,
LongTermLiming,1968,stackyard,,30/07/1968,,Fungicide applied,,,,,
LongTermLiming,1968,stackyard,,12/07/1968,,Insecticide applied,,,,,
LongTermLiming,1968,stackyard,,04/09/1968,,undiluted BOV at 15 gals,,,,,sprayed
LongTermLiming,1968,stackyard,,02/10/1968,,Lifted,,,,,
LongTermLiming,1968,stackyard,,variety,,Majestic,,,,,
LongTermLiming,1969,sawyers,,31/01/1969,,ploughed,tillage process,,,,
LongTermLiming,1969,sawyers,,16/04/1969,26/04/1969,rotary cultivated,tillage process,,,,
LongTermLiming,1969,sawyers,,23/05/1969,,rotary cultivated,tillage process,,,,
LongTermLiming,1969,sawyers,,03/07/1969,,rotary cultivated,tillage process,,,,
LongTermLiming,1969,sawyers,,05/08/1969,,Subsoiled 28 inches apart 20 inches deep,,,,,
LongTermLiming,1969,sawyers,,08/08/1969,,Deep-tine cultivated,tillage process,,,,
LongTermLiming,1969,sawyers,,variety,,Fallow,,,,,
LongTermLiming,1969,stackyard,,18/10/1968,,Deep-tine cultivated,tillage process,,,,
LongTermLiming,1969,stackyard,,07/02/1969,,ploughed,tillage process,,,,
LongTermLiming,1969,stackyard,,08/03/1969,,ploughed,tillage process,,,,
LongTermLiming,1969,stackyard,,17/04/1969,,rotary cultivated,tillage process,,,,
LongTermLiming,1969,stackyard,,01/05/1969,,rotary cultivated,tillage process,,,,
LongTermLiming,1969,stackyard,,22/05/1969,,rotary cultivated,tillage process,,,,
LongTermLiming,1969,stackyard,,17/06/1969,,rotary cultivated,tillage process,,,,
LongTermLiming,1969,stackyard,,28/06/1969,,Deep-tine cultivated,tillage process,,,,
LongTermLiming,1969,stackyard,,01/07/1969,,Subsoiled 56 inches apart 20-22 inches deep,,,,,
LongTermLiming,1969,stackyard,,variety,,Fallow,,,,,
LongTermLiming,1970,sawyers,,30/12/1969,,ploughed,tillage process,,,,
LongTermLiming,1970,sawyers,,26/03/1970,,"P, K applied",,,,,
LongTermLiming,1970,sawyers,,28/03/1970,,seed combine drilled,seeding process,,140,lb/acre,
LongTermLiming,1970,sawyers,,18/05/1970,,weedkiller applied,,,,,
LongTermLiming,1970,sawyers,,15/08/1970,,combine harvested,harvesting process,,,,
LongTermLiming,1970,sawyers,,variety,,Julia,,,,,
LongTermLiming,1970,stackyard,,30/10/1969,08/11/1969,ploughed,tillage process,,,,
LongTermLiming,1970,stackyard,,25/03/1970,,N applied,,,,,
LongTermLiming,1970,stackyard,,26/03/1970,,"P, K applied",,,,,
LongTermLiming,1970,stackyard,,26/03/1970,,seed drilled,seeding process,,135,lb/acre,
LongTermLiming,1970,stackyard,,18/05/1970,,weedkiller applied,,,,,
LongTermLiming,1970,stackyard,,19/08/1970,,combine harvested,harvesting process,,,,
LongTermLiming,1970,stackyard,,variety,,Julia,,,,,
LongTermLiming,1971,sawyers,,22/09/1970,,paraquat applied,,,,,
LongTermLiming,1971,sawyers,,28/10/1970,,ploughed,tillage process,,,,
LongTermLiming,1971,sawyers,,03/03/1971,,"P, K applied",,,,,
LongTermLiming,1971,sawyers,,10/03/1971,,seed combine drilled,seeding process,,157,kg/ha,
LongTermLiming,1971,sawyers,,04/05/1971,,'Oxytril P' applied,,,,,
LongTermLiming,1971,sawyers,,17/08/1971,,combine harvested,harvesting process,,,,
LongTermLiming,1971,stackyard,,16/09/1970,,paraquat applied,,,,,
LongTermLiming,1971,stackyard,,28/10/1970,,ploughed,tillage process,,,,
LongTermLiming,1971,stackyard,,04/03/1971,,"N, P, K applied",,,,,
LongTermLiming,1971,stackyard,,17/03/1971,,seed drilled,seeding process,,157,kg/ha,
LongTermLiming,1971,stackyard,,17/05/1971,,weedkiller applied,,,,,
LongTermLiming,1971,stackyard,,17/08/1971,,combine harvested,harvesting process,,,,
LongTermLiming,1971,stackyard,,variety,,Julia,,,,,
LongTermLiming,1972,sawyers,,09/09/1971,,paraquat applied,,,,,
LongTermLiming,1972,sawyers,,11/11/1971,,ploughed,tillage process,,,,
LongTermLiming,1972,sawyers,,20/03/1972,,"P, K applied",,,,,
LongTermLiming,1972,sawyers,,20/03/1972,,seed combine drilled,seeding process,,,,
LongTermLiming,1972,sawyers,,17/05/1972,,'Tetroxone' applied,,,,,
LongTermLiming,1972,sawyers,,03/07/1972,,"CA0 plots cut and carted, because the crop had failed and plots were very weedy.",,CA0,,,
LongTermLiming,1972,sawyers,,03/07/1972,,rotary cultivated,tillage process,CA0,,,
LongTermLiming,1972,sawyers,,11/07/1972,,rotary cultivated,tillage process,CA0,,,
LongTermLiming,1972,sawyers,,24/08/1972,,combine harvested,harvesting process,,,,
LongTermLiming,1972,stackyard,,09/09/1971,,paraquat applied,,,,,
LongTermLiming,1972,stackyard,,27/10/1971,,ploughed,tillage process,,,,
LongTermLiming,1972,stackyard,,14/03/1972,,"P, K applied",,,,,
LongTermLiming,1972,stackyard,,15/03/1972,,seed drilled,seeding process,,,,
LongTermLiming,1972,stackyard,,03/07/1972,,"CA0 plots cut and carted, because the crop had failed and plots were very weedy.",,CA0,,,
LongTermLiming,1972,stackyard,,04/07/1972,,rotary cultivated,tillage process,CA0,,,
LongTermLiming,1972,stackyard,,18/07/1972,,rotary cultivated,tillage process,CA0,,,
LongTermLiming,1972,stackyard,,31/07/1972,,rotary cultivated,tillage process,CA0,,,
LongTermLiming,1972,stackyard,,15/08/1972,,combine harvested,harvesting process,,,,
LongTermLiming,1973,sawyers,,29/11/1972,,ploughed,tillage process,,,,
LongTermLiming,1973,sawyers,,26/02/1973,,"P, K applied",,,,,
LongTermLiming,1973,sawyers,,12/03/1973,,power harrowed,tillage process,,,,
LongTermLiming,1973,sawyers,,12/03/1973,,seed sown,seeding process,,,,
LongTermLiming,1973,sawyers,,15/05/1973,,weedkiller applied,,,,,
LongTermLiming,1973,sawyers,,02/07/1973,,rotary cultivated,tillage process,unlimed,,,
LongTermLiming,1973,sawyers,,10/08/1973,,combine harvested,harvesting process,,,,
LongTermLiming,1973,stackyard,,28/09/1972,,Deep-tine cultivated,tillage process,,,,
LongTermLiming,1973,stackyard,,27/12/1972,,ploughed,tillage process,,,,
LongTermLiming,1973,stackyard,,28/02/1973,,"P, K applied",,,,,
LongTermLiming,1973,stackyard,,08/03/1973,,N applied,,,,,
LongTermLiming,1973,stackyard,,12/03/1973,,seed sown,seeding process,,,,
LongTermLiming,1973,stackyard,,11/05/1973,,weedkiller applied,,,,,
LongTermLiming,1973,stackyard,,02/07/1973,,rotary cultivated,tillage process,certain plots without lime,,,
LongTermLiming,1973,stackyard,,13/08/1973,,combine harvested,harvesting process,,,,
LongTermLiming,1973,stackyard,note,,,"Plots which had received no lime grew little crop and became very weedy. Yields were taken from combinations of no lime with P and K together (both blocks) and with P alone (one block only), the remaining plots with no lime were cut green in July and rotary cultivated",comment,,,,
LongTermLiming,1973,sawyers,note,,,"Plots which had received no lime grew little crop and became very weedy. These plots were cut green in July, no yields, and rotary cultivated",comment,,,,
LongTermLiming,1974,sawyers,,19/11/1973,,ploughed,tillage process,,,,
LongTermLiming,1974,sawyers,,23/04/1974,,basal N applied,,,,,
LongTermLiming,1974,sawyers,,24/04/1974,,"treatment P, K, Mg applied",,,,,
LongTermLiming,1974,sawyers,,24/04/1974,,spike rotary cultivated,tillage process,,,,
LongTermLiming,1974,sawyers,,24/04/1974,,potatoes planted,,,,,
LongTermLiming,1974,sawyers,,17/05/1974,,weedkiller applied,,,,,
LongTermLiming,1974,sawyers,,19/06/1974,,Grubbed,,,,,
LongTermLiming,1974,sawyers,,21/06/1974,,rotary ridged,,,,,
LongTermLiming,1974,sawyers,,11/07/1974,,Fungicide with insecticide applied,,,,,
LongTermLiming,1974,sawyers,,02/08/1974,,Fungicide applied,,,,,
LongTermLiming,1974,sawyers,,10/09/1974,,Haulm mechanically destroyed,,,,,
LongTermLiming,1974,sawyers,,19/09/1974,,undiluted BOV at 225 l,,,,,sprayed
LongTermLiming,1974,sawyers,,30/10/1974,,Lifted,,,,,
LongTermLiming,1974,stackyard,,13/09/1973,,"Aminotriazole, ammonium thiocyanate applied",,,,,
LongTermLiming,1974,stackyard,,25/10/1973,,"Subsoiled, tines 140 cm apart 50 cm deep",,,,,
LongTermLiming,1974,stackyard,,13/11/1973,,ploughed,tillage process,,,,
LongTermLiming,1974,stackyard,,04/04/1974,,spring-tine cultivated,tillage process,,,,
LongTermLiming,1974,stackyard,,16/04/1974,,basal N applied,,,,,
LongTermLiming,1974,stackyard,,16/04/1974,,"treatment P, K, Mg applied",,,,,
LongTermLiming,1974,stackyard,,17/04/1974,,rotary cultivated,tillage process,,,,
LongTermLiming,1974,stackyard,,17/04/1974,,potatoes planted,,,,,
LongTermLiming,1974,stackyard,,15/05/1974,,weedkiller applied,,,,,
LongTermLiming,1974,stackyard,,12/06/1974,,rotary ridged,,,,,
LongTermLiming,1974,stackyard,,19/07/1974,,Fungicide with insecticide applied,,,,,
LongTermLiming,1974,stackyard,,07/08/1974,,Fungicide applied,,,,,
LongTermLiming,1974,stackyard,,12/09/1974,,Haulm mechanically destroyed,,,,,
LongTermLiming,1974,stackyard,,30/09/1973,,undiluted BOV at 170 l,,,,,sprayed
LongTermLiming,1974,stackyard,,30/09/1973,,Lifted,,,,,
LongTermLiming,1974,sawyers,note,,,"Leaf samples were taken in July for N, P, K Ca and Mg analysis",comment,,,,
LongTermLiming,1974,stackyard,note,,,"Leaf samples were taken in July for N, P, K Ca and Mg analysis",comment,,,,
LongTermLiming,1974,sawyers,note,,,Photographs were taken and growth scores made in June,comment,,,,
LongTermLiming,1974,stackyard,note,,,Photographs were taken and growth scores made in June,comment,,,,
LongTermLiming,1974,sawyers,note,,,"Estimated values were used in the analysis for yields from one plot, LIME - 20, P2O5 - 125, K2O - 0, because there were both visual and analytical evidence that K residues from an unknown source affected growth over most of the plot area",comment,,,,
LongTermLiming,1974,stackyard,note,,,"An anomalous yield from one sub plot LIME - 12, P2O5, K2O - 188, MG -112, was treated as missing. An estimated value was used in analysis",comment,,,,
LongTermLiming,1975,sawyers,,07/02/1975,,Chisel ploughed,tillage process,,,,
LongTermLiming,1975,sawyers,,11/03/1975,,"Treatment P, K applied",,,,,
LongTermLiming,1975,sawyers,,25/03/1975,,rotary cultivated,tillage process,,,,
LongTermLiming,1975,sawyers,,25/03/1975,,seed sown,seeding process,,,,
LongTermLiming,1975,sawyers,,25/03/1975,,N applied,,,,,
LongTermLiming,1975,sawyers,,19/05/1975,,weedkiller applied,,,,,
LongTermLiming,1975,sawyers,,18/08/1975,,combine harvested,harvesting process,,,,
LongTermLiming,1975,stackyard,,11/12/1974,,ploughed,tillage process,,,,
LongTermLiming,1975,stackyard,,17/03/1975,,"Treatment P, K applied",,,,,
LongTermLiming,1975,stackyard,,20/03/1975,,spring-tine cultivated,tillage process,,,,
LongTermLiming,1975,stackyard,,20/03/1975,,seed sown,seeding process,,,,
LongTermLiming,1975,stackyard,,20/03/1975,,N applied,,,,,
LongTermLiming,1975,stackyard,,22/05/1975,,weedkiller applied,,,,,
LongTermLiming,1975,stackyard,,18/08/1975,,combine harvested,harvesting process,,,,
LongTermLiming,1975,sawyers,note,,,Photographs were taken and growth scores made in May,comment,,,,
LongTermLiming,1975,stackyard,note,,,Photographs were taken and growth scores made in May,comment,,,,
LongTermLiming,1976,sawyers,,07/10/1975,,weedkiller applied,,,,,
LongTermLiming,1976,sawyers,,20/10/1975,,ploughed,tillage process,,,,
LongTermLiming,1976,sawyers,,11/03/1976,,spring-tine cultivated,tillage process,,,,
LongTermLiming,1976,sawyers,,24/03/1976,,"treatment P, K, Mg applied",,,,,
LongTermLiming,1976,sawyers,,24/03/1976,,basal N applied,,,,,
LongTermLiming,1976,sawyers,,26/03/1976,,spring-tine cultivated,tillage process,,,,
LongTermLiming,1976,sawyers,,26/03/1976,,seed sown,seeding process,,,,
LongTermLiming,1976,sawyers,,14/07/1976,,Harvested green,harvesting process,,,,
LongTermLiming,1976,stackyard,,02/09/1975,,heavy spring-tine cultivated,tillage process,,,,
LongTermLiming,1976,stackyard,,02/09/1975,,rotary cultivated,tillage process,,,,
LongTermLiming,1976,stackyard,,21/10/1975,,ploughed,tillage process,,,,
LongTermLiming,1976,stackyard,,09/03/1976,,spring-tine cultivated,tillage process,,,,
LongTermLiming,1976,stackyard,,26/03/1976,,"treatment P, K, Mg applied",,,,,
LongTermLiming,1976,stackyard,,29/03/1976,,basal N applied,,,,,
LongTermLiming,1976,stackyard,,30/03/1976,,spring-tine cultivated with crumbler,tillage process,,,,
LongTermLiming,1976,stackyard,,31/03/1976,,rolled,,,,,
LongTermLiming,1976,stackyard,,31/03/1976,,seed sown,seeding process,,,,
LongTermLiming,1976,sawyers,note,,,Photographs were taken and growth scores made in July,comment,,,,
LongTermLiming,1976,stackyard,note,,,Photographs were taken and growth scores made in July,comment,,,,
LongTermLiming,1976,stackyard,,07/07/1976,,Harvested green,harvesting process,,,,
LongTermLiming,1977,sawyers,,31/08/1976,,Deep-tine cultivated twice,tillage process,,,,
LongTermLiming,1977,sawyers,,11/12/1976,,ploughed,tillage process,,,,
LongTermLiming,1977,sawyers,,29/03/1977,,"Treatment P, K applied",,,,,
LongTermLiming,1977,sawyers,,30/03/1977,,Treatment Mg applied,,,,,
LongTermLiming,1977,sawyers,,04/04/1977,,power harrowed,tillage process,,,,
LongTermLiming,1977,sawyers,,04/04/1977,,seed sown,seeding process,,,,
LongTermLiming,1977,sawyers,,30/05/1977,,weedkiller applied,,,,,
LongTermLiming,1977,sawyers,,05/09/1977,,combine harvested,harvesting process,,,,
LongTermLiming,1977,stackyard,,16/08/1976,,power harrowed,tillage process,,,,
LongTermLiming,1977,stackyard,,23/11/1976,,ploughed,tillage process,,,,
LongTermLiming,1977,stackyard,,09/03/1977,,spring-tine cultivated with crumbler attached,tillage process,,,,
LongTermLiming,1977,stackyard,,18/03/1977,,"treatment P, K, Mg applied",,,,,
LongTermLiming,1977,stackyard,,31/03/1977,,spring-tine cultivated with crumbler attached,tillage process,,,,
LongTermLiming,1977,stackyard,,31/03/1977,,seed sown,seeding process,,,,
LongTermLiming,1977,stackyard,,30/05/1977,,weedkiller applied,,,,,
LongTermLiming,1977,stackyard,,03/09/1977,,combine harvested,harvesting process,,,,
LongTermLiming,1978,sawyers,,20/11/1977,,ploughed,tillage process,,,,
LongTermLiming,1978,sawyers,,07/04/1978,,spring-tine cultivated,tillage process,,,,
LongTermLiming,1978,sawyers,,19/04/1978,,"treatment P, K, Mg applied",,,,,
LongTermLiming,1978,sawyers,,19/04/1978,,power harrowed,tillage process,,,,
LongTermLiming,1978,sawyers,,19/04/1978,,seed sown,seeding process,,,,
LongTermLiming,1978,sawyers,,08/06/1978,,weedkiller applied,,,,,
LongTermLiming,1978,sawyers,,08/09/1978,,combine harvested,harvesting process,,,,
LongTermLiming,1978,stackyard,,23/09/1977,,paraquat applied,,,,,
LongTermLiming,1978,stackyard,,30/09/1977,,ploughed,tillage process,,,,
LongTermLiming,1978,stackyard,,09/03/1978,,spring-tine cultivated,tillage process,,,,
LongTermLiming,1978,stackyard,,13/03/1978,,"P, K, Mg applied",,,,,
LongTermLiming,1978,stackyard,,13/03/1978,,spring-tine cultivated with crumbler attached,tillage process,,,,
LongTermLiming,1978,stackyard,,15/03/1978,,seed sown,seeding process,,,,
LongTermLiming,1978,stackyard,,03/04/1978,,spring-tine cultivated with crumbler attached,tillage process,,,,
LongTermLiming,1978,stackyard,,03/04/1978,,seed resown because of bird damage,seeding process,,,,
LongTermLiming,1978,stackyard,,15/05/1978,,weedkiller applied,,,,,
LongTermLiming,1978,stackyard,,15/05/1978,,Fungicide applied,,,,,
LongTermLiming,1978,stackyard,,23/08/1978,,combine harvested,harvesting process,,,,
LongTermLiming,1978,stackyard,note,,,"Measurable yields were obtained from treatment LIME 0 only in combinations with P2O5 63 and K2O 126, two replicates",comment,,,,
LongTermLiming,1978,sawyers,note,,,"Measurable yields were obtained from treatment LIME 0 only in combinations with P2O5 63 and K2O 126, one replicate",comment,,,,
LongTermLiming,1978,sawyers,note,,,"No measureable yields were obtained from one of the replicates of certain combinations of LIME 5 with the other treatments. Combinations affected were all those of P2O5 0 with K2O and 126 and MG 0 and 112 and also the single combination P2O5 63, K2O 0, MG 0.",comment,,,,
LongTermLiming,1979,sawyers,,24/10/1978,,weedkiller applied,,,,,
LongTermLiming,1979,sawyers,,29/11/1978,,Test chalk applied,liming process,,,,
LongTermLiming,1979,sawyers,,21/12/1978,,ploughed,tillage process,,,,
LongTermLiming,1979,sawyers,,12/06/1979,,rotary cultivated,tillage process,,,,
LongTermLiming,1979,sawyers,,03/07/1979,,Deep-tine cultivated,tillage process,,,,
LongTermLiming,1979,stackyard,,14/09/1978,,weedkiller applied,,,,,
LongTermLiming,1979,stackyard,,21/11/1978,,Test chalk applied,liming process,,,,
LongTermLiming,1979,stackyard,,22/11/1978,,ploughed,tillage process,,,,
LongTermLiming,1979,stackyard,,17/04/1979,,spring-tine cultivated with crumbler attached,tillage process,,,,
LongTermLiming,1979,stackyard,,06/06/1979,,rotary cultivated,tillage process,,,,
LongTermLiming,1979,stackyard,,04/07/1979,,rotary cultivated,tillage process,,,,
LongTermLiming,1979,stackyard,,16/08/1979,,rotary cultivated,tillage process,,,,
LongTermLiming,1979,stackyard,,21/08/1979,,Deep-tine cultivated,tillage process,,,,
LongTermLiming,1979,stackyard,,11/09/1979,,heavy spring-tine cultivated,tillage process,,,,
LongTermLiming,1980,sawyers,,04/12/1979,,ploughed,tillage process,,,,
LongTermLiming,1980,sawyers,,21/04/1980,,heavy spring-tine cultivated,tillage process,,,,
LongTermLiming,1980,sawyers,,22/05/1980,,spring-tine cultivated,tillage process,,,,
LongTermLiming,1980,sawyers,,19/06/1980,,rotary cultivated,tillage process,,,,
LongTermLiming,1980,sawyers,,04/08/1980,,rotary harrowed,tillage process,,,,
LongTermLiming,1980,stackyard,,11/09/1979,,heavy spring-tine cultivated,tillage process,,,,
LongTermLiming,1980,stackyard,,03/03/1980,,heavy spring-tine cultivated,tillage process,,,,
LongTermLiming,1980,stackyard,,07/08/1980,,heavy spring-tine cultivated,tillage process,,,,
LongTermLiming,1980,stackyard,,29/11/1979,,ploughed,tillage process,,,,
LongTermLiming,1980,stackyard,,29/07/1980,,rotary cultivated,tillage process,,,,
LongTermLiming,1981,sawyers,,01/12/1980,,"Basal K, Mg applied",,,,,
LongTermLiming,1981,sawyers,,08/12/1980,,P treatments applied,,,,,
LongTermLiming,1981,sawyers,,08/12/1980,,ploughed,tillage process,,,,
LongTermLiming,1981,sawyers,,13/04/1981,,rotary harrowed,tillage process,,,,
LongTermLiming,1981,sawyers,,13/04/1981,,seed sown,seeding process,,,,
LongTermLiming,1981,sawyers,,01/06/1981,,weedkiller applied,,,,,
LongTermLiming,1981,sawyers,,10/09/1981,,combine harvested,harvesting process,,,,
LongTermLiming,1981,stackyard,,13/11/1980,,ploughed,tillage process,,,,
LongTermLiming,1981,stackyard,,12/12/1980,,ploughed,tillage process,,,,
LongTermLiming,1981,stackyard,,08/12/1980,,"Basal K, Mg applied",,,,,
LongTermLiming,1981,stackyard,,06/04/1981,,N applied,,,,,
LongTermLiming,1981,stackyard,,06/04/1981,,heavy spring-tine cultivated,tillage process,,,,
LongTermLiming,1981,stackyard,,08/04/1981,,spring-tine cultivated with crumbler attached,tillage process,,,,
LongTermLiming,1981,stackyard,,09/04/1981,,rotary cultivated,tillage process,,,,
LongTermLiming,1981,stackyard,,09/04/1981,,seed sown,seeding process,,,,
LongTermLiming,1981,stackyard,,01/06/1981,,weedkiller applied,,,,,
LongTermLiming,1981,stackyard,,01/06/1981,,Fungicide applied,,,,,
LongTermLiming,1981,stackyard,,03/09/1981,,combine harvested,harvesting process,,,,
LongTermLiming,1982,sawyers,,03/12/1981,07/12/1981,Ground chalk applied,liming process,,,,
LongTermLiming,1982,sawyers,,03/02/1982,,ploughed,tillage process,,,,
LongTermLiming,1982,sawyers,,05/04/1982,,spring-tine cultivated,tillage process,,,,
LongTermLiming,1982,sawyers,,14/04/1982,,"P, K, Mg applied",,,,,
LongTermLiming,1982,sawyers,,14/04/1982,,seed sown,seeding process,,,,
LongTermLiming,1982,sawyers,,26/05/1982,,weedkiller applied,,,,,
LongTermLiming,1982,sawyers,,26/08/1982,27/08/1982,combine harvested,harvesting process,,,,
LongTermLiming,1982,stackyard,,25/11/1981,,Ground chalk applied,liming process,,,,
LongTermLiming,1982,stackyard,,26/02/1982,,ploughed,tillage process,,,,
LongTermLiming,1982,stackyard,,24/03/1982,,"P, K applied",,,,,
LongTermLiming,1982,stackyard,,25/03/1982,,Mg applied,,,,,
LongTermLiming,1982,stackyard,,25/03/1982,,N applied,,,,,
LongTermLiming,1982,stackyard,,25/03/1982,,heavy spring-tine cultivated,tillage process,,,,
LongTermLiming,1982,stackyard,,29/03/1982,,spring-tine cultivated with crumbler attached,tillage process,,,,
LongTermLiming,1982,stackyard,,29/03/1982,,seed sown,seeding process,,,,
LongTermLiming,1982,stackyard,,26/05/1982,,weedkiller applied,,,,,
LongTermLiming,1982,stackyard,,20/08/1982,,combine harvested,harvesting process,,,,
LongTermLiming,1983,sawyers,,26/11/1982,,Ground chalk treatments applied,liming process,,,,
LongTermLiming,1983,sawyers,,01/12/1982,,ploughed,tillage process,,,,
LongTermLiming,1983,sawyers,,11/05/1983,,"P treatments, N, K, Mg applied",,,,,
LongTermLiming,1983,sawyers,,23/05/1983,,rotary harrowed,tillage process,,,,
LongTermLiming,1983,sawyers,,23/05/1983,,potatoes planted,,,,,
LongTermLiming,1983,sawyers,,26/05/1983,,rotary ridged,,,,,
LongTermLiming,1983,sawyers,,07/06/1983,,weedkiller applied,,,,,
LongTermLiming,1983,sawyers,,22/06/1983,,Mancozeb applied,,,,,
LongTermLiming,1983,sawyers,,25/08/1983,,Mancozeb applied,,,,,
LongTermLiming,1983,sawyers,,09/09/1982,,Mancozeb applied,,,,,
LongTermLiming,1983,sawyers,,01/07/1983,,Fentin hydroxide applied with insecticide,,,,,
LongTermLiming,1983,sawyers,,08/07/1983,,Fentin hydroxide applied with insecticide,,,,,
LongTermLiming,1983,sawyers,,18/07/1983,,Fentin hydroxide applied with insecticide,,,,,
LongTermLiming,1983,sawyers,,28/07/1983,,Fentin hydroxide applied with insecticide,,,,,
LongTermLiming,1983,sawyers,,11/08/1983,,Fentin hydroxide applied,,,,,
LongTermLiming,1983,sawyers,,11/10/1983,,Haulm mechanically destroyed,,,,,
LongTermLiming,1983,sawyers,,19/10/1983,,Haulm desiccant applied,,,,,
LongTermLiming,1983,sawyers,,28/10/1983,,Lifted,,,,,
LongTermLiming,1983,stackyard,,12/09/1982,,glyphosate applied,,,,,
LongTermLiming,1983,stackyard,,08/10/1982,,ploughed,tillage process,,,,
LongTermLiming,1983,stackyard,,04/11/1982,,Ground chalk treatments applied,liming process,,,,
LongTermLiming,1983,stackyard,,23/12/1982,,ploughed,tillage process,,,,
LongTermLiming,1983,stackyard,,21/03/1983,,heavy spring-tine cultivated,tillage process,,,,
LongTermLiming,1983,stackyard,,22/03/1983,,"P treatments, N, K, Mg applied",,,,,
LongTermLiming,1983,stackyard,,28/03/1983,,heavy spring-tine cultivated,tillage process,,,,
LongTermLiming,1983,stackyard,,11/05/1983,,heavy spring-tine cultivated,tillage process,,,,
LongTermLiming,1983,stackyard,,11/05/1983,,rotary cultivated,tillage process,,,,
LongTermLiming,1983,stackyard,,11/05/1983,,potatoes planted,,,,,
LongTermLiming,1983,stackyard,,07/06/1983,,rotary ridged,,,,,
LongTermLiming,1983,stackyard,,07/06/1983,,weedkiller applied,,,,,
LongTermLiming,1983,stackyard,,22/06/1983,,Mancozeb applied with insecticide,,,,,
LongTermLiming,1983,stackyard,,08/07/1983,,Mancozeb applied with insecticide,,,,,
LongTermLiming,1983,stackyard,,18/07/1983,,Mancozeb applied with insecticide,,,,,
LongTermLiming,1983,stackyard,,01/07/1983,,Mancozeb applied,,,,,
LongTermLiming,1983,stackyard,,29/07/1983,,Fentin hydroxide applied with insecticide,,,,,
LongTermLiming,1983,stackyard,,11/08/1983,,Fentin hydroxide applied with insecticide,,,,,
LongTermLiming,1983,stackyard,,26/08/1983,,Fentin hydroxide applied with insecticide,,,,,
LongTermLiming,1983,stackyard,,09/09/1983,,Fentin hydroxide applied,,,,,
LongTermLiming,1983,stackyard,,05/10/1983,,Haulm mechanically destroyed,,,,,
LongTermLiming,1983,stackyard,,17/10/1983,,Haulm desiccant applied,,,,,
LongTermLiming,1983,stackyard,,07/11/1983,,Lifted,,,,,
LongTermLiming,1983,sawyers,note,,,soil samples were taken after harvest for chemical analyses,comment,,,,
LongTermLiming,1983,stackyard,note,,,soil samples were taken after harvest for chemical analyses,comment,,,,
LongTermLiming,1984,sawyers,,11/11/1983,,heavy spring-tine cultivated,tillage process,,,,
LongTermLiming,1984,sawyers,,27/04/1984,,heavy spring-tine cultivated,tillage process,,,,
LongTermLiming,1984,sawyers,,09/05/1984,,heavy spring-tine cultivated,tillage process,,,,
LongTermLiming,1984,sawyers,,27/04/1984,,rotary cultivated,tillage process,,,,
LongTermLiming,1984,sawyers,,15/06/1984,,rotary cultivated,tillage process,,,,
LongTermLiming,1984,sawyers,,12/07/1984,,rotary cultivated,tillage process,,,,
LongTermLiming,1984,sawyers,,13/07/1984,,spring-tine cultivated,tillage process,,,,
LongTermLiming,1984,stackyard,,16/01/1984,,Deep-tine cultivated,tillage process,,,,
LongTermLiming,1984,stackyard,,15/05/1984,,heavy spring-tine cultivated,tillage process,,,,
LongTermLiming,1984,stackyard,,10/07/1984,,cultivated with thistle bar,tillage process,,,,
LongTermLiming,1984,stackyard,,10/08/1984,,cultivated with thistle bar,tillage process,,,,
LongTermLiming,1984,stackyard,,25/07/1984,,rotary cultivated,tillage process,,,,
LongTermLiming,1985,sawyers,,03/01/1985,,ploughed,tillage process,,,,
LongTermLiming,1985,sawyers,,18/03/1985,,"N,K applied",,,,,
LongTermLiming,1985,sawyers,,18/03/1985,,spring-tine cultivated,tillage process,,,,
LongTermLiming,1985,sawyers,,18/03/1985,,rotary harrowed,tillage process,,,,
LongTermLiming,1985,sawyers,,18/03/1985,,seed sown,seeding process,,,,
LongTermLiming,1985,sawyers,,16/05/1985,,weedkiller applied,,,,,
LongTermLiming,1985,sawyers,,16/05/1985,,Fungicide applied,,,,,
LongTermLiming,1985,sawyers,,23/08/1985,,combine harvested,harvesting process,,,,
LongTermLiming,1985,stackyard,,13/03/1985,,ploughed,tillage process,,,,
LongTermLiming,1985,stackyard,,18/03/1985,,"N,K applied",,,,,
LongTermLiming,1985,stackyard,,18/03/1985,,spring-tine cultivated,tillage process,,,,
LongTermLiming,1985,stackyard,,18/03/1985,,harrowed,tillage process,,,,
LongTermLiming,1985,stackyard,,18/03/1985,,seed sown,seeding process,,,,
LongTermLiming,1985,stackyard,,16/05/1985,,weedkiller applied,,,,,
LongTermLiming,1985,stackyard,,28/08/1985,,combine harvested,harvesting process,,,,
LongTermLiming,1985,sawyers,note,,,Plots with treatment CHALK 0 gave no measurable yield,comment,,,,
LongTermLiming,1986,sawyers,,23/09/1985,,weedkiller applied,,,,,
LongTermLiming,1986,sawyers,,08/10/1985,,ploughed,tillage process,,,,
LongTermLiming,1986,sawyers,,23/10/1985,,rolled,,,,,
LongTermLiming,1986,sawyers,,23/10/1985,,disced,,,,,
LongTermLiming,1986,sawyers,,23/10/1985,,rotary harrowed,tillage process,,,,
LongTermLiming,1986,sawyers,,23/10/1985,,seed sown,seeding process,,,,
LongTermLiming,1986,sawyers,,30/04/1986,,N applied,,,,,
LongTermLiming,1986,sawyers,,10/09/1986,,combine harvested,harvesting process,,,,
LongTermLiming,1986,stackyard,,09/10/1985,,ploughed,tillage process,,,,
LongTermLiming,1986,stackyard,,22/10/1985,,rolled,,,,,
LongTermLiming,1986,stackyard,,22/10/1985,,power harrowed,tillage process,,,,
LongTermLiming,1986,stackyard,,22/10/1985,,seed sown,seeding process,,,,
LongTermLiming,1986,stackyard,,30/04/1986,,N applied,,,,,
LongTermLiming,1986,stackyard,,19/05/1986,,weedkiller applied,,,,,
LongTermLiming,1986,stackyard,,07/09/1986,,combine harvested,harvesting process,,,,
LongTermLiming,1987,sawyers,,13/11/1986,,Chalk treatments applied,liming process,,,,
LongTermLiming,1987,sawyers,,14/11/1986,,ploughed,tillage process,,,,
LongTermLiming,1987,sawyers,,31/03/1987,,spring-tine cultivated,tillage process,,,,
LongTermLiming,1987,sawyers,,31/03/1987,,rotary harrowed,tillage process,,,,
LongTermLiming,1987,sawyers,,31/03/1987,,seed sown,seeding process,,,,
LongTermLiming,1987,sawyers,,31/03/1987,,harrowed,tillage process,,,,
LongTermLiming,1987,sawyers,,13/04/1987,,weedkiller applied,,,,,
LongTermLiming,1987,sawyers,,09/07/1987,,Fungicide and insecticide applied,,,,,
LongTermLiming,1987,sawyers,,17/11/1987,,combine harvested,harvesting process,,,,
LongTermLiming,1987,stackyard,,16/09/1986,,glyphosate applied,,,,,
LongTermLiming,1987,stackyard,,13/11/1986,,Chalk treatments applied,liming process,,,,
LongTermLiming,1987,stackyard,,28/11/1986,,ploughed,tillage process,,,,
LongTermLiming,1987,stackyard,,06/04/1987,,Spike harrowed with crumbler attached,tillage process,,,,
LongTermLiming,1987,stackyard,,06/04/1987,,seed sown,seeding process,,,,
LongTermLiming,1987,stackyard,,13/04/1987,,harrowed,tillage process,,,,
LongTermLiming,1987,stackyard,,13/04/1987,,terbutryne and terbuthylazine applied,,,,,
LongTermLiming,1987,stackyard,,08/05/1987,,deltamethrin applied,,,,,
LongTermLiming,1987,stackyard,,13/07/1987,,"Benomyl, pirimicarb applied",,,,,
LongTermLiming,1987,stackyard,,18/11/1987,,combine harvested,harvesting process,,,,
LongTermLiming,1988,sawyers,,14/12/1987,,P treatments applied,,,,,
LongTermLiming,1988,sawyers,,14/12/1987,,K applied,,,,,
LongTermLiming,1988,sawyers,,14/12/1987,,Mg applied,,,,,
LongTermLiming,1988,sawyers,,15/12/1987,,ploughed,tillage process,,,,
LongTermLiming,1988,sawyers,,05/04/1988,,heavy spring-tine cultivated,tillage process,,,,
LongTermLiming,1988,sawyers,,07/04/1988,,N applied,,,,,
LongTermLiming,1988,sawyers,,12/04/1988,,weedkiller applied,,,,,
LongTermLiming,1988,sawyers,,12/04/1988,,spring cultivated twice,tillage process,,,,
LongTermLiming,1988,sawyers,,13/04/1988,,rotary harrowed,tillage process,,,,
LongTermLiming,1988,sawyers,,13/04/1988,,seed sown,seeding process,,,,
LongTermLiming,1988,sawyers,,13/04/1988,,harrowed,tillage process,,,,
LongTermLiming,1988,sawyers,,19/09/1988,,desiccant applied,,,,,
LongTermLiming,1988,sawyers,,24/10/1988,,combine harvested,harvesting process,,,,
LongTermLiming,1988,stackyard,,10/02/1988,,P treatments applied,,,,,
LongTermLiming,1988,stackyard,,10/02/1988,,K applied,,,,,
LongTermLiming,1988,stackyard,,10/02/1988,,Mg applied,,,,,
LongTermLiming,1988,stackyard,,23/02/1988,,ploughed,tillage process,,,,
LongTermLiming,1988,stackyard,,05/04/1988,,heavy spring-tine cultivated,tillage process,,,,
LongTermLiming,1988,stackyard,,22/04/1988,,N applied,,,,,
LongTermLiming,1988,stackyard,,22/04/1988,,spike harrowed with crumbler attached twice,tillage process,,,,
LongTermLiming,1988,stackyard,,22/04/1988,,trifluralin applied,,,,,
LongTermLiming,1988,stackyard,,22/04/1988,,seed sown,seeding process,,,,
LongTermLiming,1988,stackyard,,05/05/1988,,Linuron applied,,,,,
LongTermLiming,1988,stackyard,,21/09/1988,,desiccant applied,,,,,
LongTermLiming,1988,stackyard,,01/11/1988,,combine harvested,harvesting process,,,,
LongTermLiming,1988,sawyers,note,,,Treatment combinations with CHALK 0 did not give a measurable yield,comment,,,,
LongTermLiming,1989,sawyers,,20/12/1988,,ploughed,tillage process,,,,
LongTermLiming,1989,sawyers,,29/03/1989,,heavy spring-tine cultivated,tillage process,,,,
LongTermLiming,1989,sawyers,,29/03/1989,,rotary harrowed,tillage process,,,,
LongTermLiming,1989,sawyers,,30/03/1989,,rotary harrowed,tillage process,,,,
LongTermLiming,1989,sawyers,,30/03/1989,,seed sown,seeding process,,,,
LongTermLiming,1989,sawyers,,30/03/1989,,harrowed,tillage process,,,,
LongTermLiming,1989,sawyers,,30/03/1989,,rolled,,,,,
LongTermLiming,1989,sawyers,,31/03/1989,,weedkiller applied,,,,,
LongTermLiming,1989,sawyers,,10/05/1989,,deltamethrin applied,,,,,
LongTermLiming,1989,sawyers,,31/05/1989,,deltamethrin applied,,,,,
LongTermLiming,1989,sawyers,,14/06/1989,,Pirimicarb applied,,,,,
LongTermLiming,1989,sawyers,,14/07/1989,,Benomyl applied,,,,,
LongTermLiming,1989,sawyers,,14/07/1989,,fenpropimorph applied,,,,,
LongTermLiming,1989,sawyers,,14/08/1989,,combine harvested,harvesting process,,,,
LongTermLiming,1989,stackyard,,14/12/1988,,ploughed,tillage process,,,,
LongTermLiming,1989,stackyard,,28/03/1989,,spring-tine cultivated,tillage process,,,,
LongTermLiming,1989,stackyard,,31/03/1989,,rotary harrowed,tillage process,,,,
LongTermLiming,1989,stackyard,,31/03/1989,,seed sown,seeding process,,,,
LongTermLiming,1989,stackyard,,21/04/1989,,Simazine applied,,,,,
LongTermLiming,1989,stackyard,,21/04/1989,,trietazine applied,,,,,
LongTermLiming,1989,stackyard,,22/05/1989,,deltamethrin applied,,,,,
LongTermLiming,1989,stackyard,,07/06/1989,,deltamethrin applied,,,,,
LongTermLiming,1989,stackyard,,07/06/1989,,Alloxydim-sodium applied,,,,,
LongTermLiming,1989,stackyard,,22/06/1989,,Pirimicarb applied,,,,,
LongTermLiming,1989,stackyard,,12/07/1989,,Benomyl applied,,,,,
LongTermLiming,1989,stackyard,,12/07/1989,,fenpropimorph applied,,,,,
LongTermLiming,1989,stackyard,,22/08/1989,,combine harvested,harvesting process,,,,
LongTermLiming,1989,stackyard,note,,,Establishment counts were made and components of yield were measured at maturity,comment,,,,
LongTermLiming,1989,sawyers,note,,,Establishment counts were made and components of yield were measured at maturity,comment,,,,
LongTermLiming,1989,sawyers,note,,,"Soils were sampled for pH, P, K, and Mg",comment,,,,
LongTermLiming,1989,stackyard,note,,,Most CHALK 0 plots failed and yields of the rest of these plots were negligible,comment,,,,
LongTermLiming,1989,sawyers,note,,,Most CHALK 0 plots failed and yields of the rest of these plots were negligible,comment,,,,
LongTermLiming,1989,stackyard,note,,,"Soils were sampled for pH, P, K, and Mg",comment,,,,
LongTermLiming,1990,sawyers,,23/08/1989,,"Tine cultivated with vibrating tines 60 cm apart, 45 cm deep",tillage process,,,,
LongTermLiming,1990,sawyers,,24/11/1989,,ploughed,tillage process,,,,
LongTermLiming,1990,sawyers,,05/03/1990,,spring-tine cultivated,tillage process,,,,
LongTermLiming,1990,sawyers,,06/03/1990,,rotary harrowed twice,tillage process,,,,
LongTermLiming,1990,sawyers,,06/03/1990,,phorate applied,,,,,
LongTermLiming,1990,sawyers,,06/03/1990,,seed sown,seeding process,,,,
LongTermLiming,1990,sawyers,,06/03/1990,,harrowed,tillage process,,,,
LongTermLiming,1990,sawyers,,06/03/1990,,rolled,,,,,
LongTermLiming,1990,sawyers,,12/03/1990,,Simazine applied,,,,,
LongTermLiming,1990,sawyers,,12/03/1990,,trietazine applied,,,,,
LongTermLiming,1990,sawyers,,02/05/1990,,deltamethrin applied,,,,,
LongTermLiming,1990,sawyers,,17/05/1990,,deltamethrin applied,,,,,
LongTermLiming,1990,sawyers,,05/06/1990,,Pirimicarb applied,,,,,
LongTermLiming,1990,sawyers,,15/08/1990,,combine harvested,harvesting process,,,,
LongTermLiming,1990,stackyard,,01/09/1989,,glyphosate applied,,,,,
LongTermLiming,1990,stackyard,,05/01/1990,,ploughed,tillage process,,,,
LongTermLiming,1990,stackyard,,05/03/1990,,phorate applied,,,,,
LongTermLiming,1990,stackyard,,05/03/1990,,power harrowed with crumbler attached,tillage process,,,,
LongTermLiming,1990,stackyard,,05/03/1990,,seed sown,seeding process,,,,
LongTermLiming,1990,stackyard,,13/03/1990,,Simazine applied,,,,,
LongTermLiming,1990,stackyard,,13/03/1990,,trietazine applied,,,,,
LongTermLiming,1990,stackyard,,25/05/1990,,paraquat applied,,,,,
LongTermLiming,1990,stackyard,note,,,The crop established poorly as a result of bird damage. The few remaining plants were destroyed with weedkiller in May,comment,,,,
LongTermLiming,1990,sawyers,note,,,Leaf samples were taken just after pod set to measure nutrient contents,comment,,,,
LongTermLiming,1990,sawyers,note,,,The components of yield were measured at maturity,comment,,,,
LongTermLiming,1990,sawyers,note,,,Most CHALK 0 plots failed and yields of the rest of these plots were negligible,comment,,,,
LongTermLiming,1991,sawyers,,23/08/1990,,N applied,,,,,
LongTermLiming,1991,sawyers,,23/08/1990,,K applied,,,,,
LongTermLiming,1991,sawyers,,28/08/1990,,ploughed,tillage process,,,,
LongTermLiming,1991,sawyers,,29/08/1990,,rolled,,,,,
LongTermLiming,1991,sawyers,,30/08/1990,,rotary harrowed,tillage process,,,,
LongTermLiming,1991,sawyers,,31/08/1990,,rotary harrowed,tillage process,,,,
LongTermLiming,1991,sawyers,,31/08/1990,,seed sown,seeding process,,,,
LongTermLiming,1991,sawyers,,31/08/1990,,harrowed,tillage process,,,,
LongTermLiming,1991,sawyers,,31/08/1990,,rolled,,,,,
LongTermLiming,1991,sawyers,,31/08/1990,,metazachlor applied,,,,,
LongTermLiming,1991,sawyers,,21/09/1990,,Irrigated,,,,,
LongTermLiming,1991,sawyers,,27/09/1990,,Irrigated,,,,,
LongTermLiming,1991,sawyers,,07/11/1990,,deltamethrin applied,,,,,
LongTermLiming,1991,sawyers,,03/12/1990,,prochloraz applied,,,,,
LongTermLiming,1991,sawyers,,03/12/1990,,Mg applied,,,,,
LongTermLiming,1991,sawyers,,17/12/1990,,Clopyralid applied,,,,,
LongTermLiming,1991,sawyers,,04/03/1991,,N applied,,,,,
LongTermLiming,1991,sawyers,,12/04/1991,,deltamethrin applied,,,,,
LongTermLiming,1991,sawyers,,23/04/1991,,prochloraz applied,,,,,
LongTermLiming,1991,sawyers,,23/04/1991,,Mn applied,,,,,
LongTermLiming,1991,sawyers,,30/07/1991,,desiccant with wetting agent applied,,,,,
LongTermLiming,1991,sawyers,,07/08/1991,,combine harvested,harvesting process,,,,
LongTermLiming,1991,stackyard,,15/08/1990,,disced,,,,,
LongTermLiming,1991,stackyard,,21/08/1990,,"Subsoiled with tines 1.5m apart, 0.4 m deep",,,,,
LongTermLiming,1991,stackyard,,22/08/1990,,ploughed,tillage process,,,,
LongTermLiming,1991,stackyard,,22/08/1990,,rolled,,,,,
LongTermLiming,1991,stackyard,,28/08/1990,,N applied,,,,,
LongTermLiming,1991,stackyard,,28/08/1990,,K applied,,,,,
LongTermLiming,1991,stackyard,,30/08/1990,,rotary harrowed with crumbler attached,tillage process,,,,
LongTermLiming,1991,stackyard,,30/08/1990,,seed sown,seeding process,,,,
LongTermLiming,1991,stackyard,,01/11/1990,,"Weedkillers, adjuvant applied",,,,,
LongTermLiming,1991,stackyard,,15/11/1990,,deltamethrin applied,,,,,
LongTermLiming,1991,stackyard,,03/12/1990,,Mg applied,,,,,
LongTermLiming,1991,stackyard,,15/03/1991,,N applied,,,,,
LongTermLiming,1991,stackyard,,12/04/1991,,sections deltamethrin applied with Fungicide,,,,,
LongTermLiming,1991,stackyard,,09/05/1991,,Mn applied,,,,,
LongTermLiming,1991,stackyard,,01/08/1991,,desiccant with wetting agent applied,,,,,
LongTermLiming,1991,stackyard,,13/08/1991,,combine harvested,harvesting process,,,,
LongTermLiming,1992,sawyers,,25/08/1991,,"Deep-tine cultivated with vibrating tines 60 cm apart, 45 cm deep.",tillage process,,,,
LongTermLiming,1992,sawyers,,26/08/1991,,ploughed,tillage process,,,,
LongTermLiming,1992,sawyers,,26/08/1991,,rolled,,,,,
LongTermLiming,1992,sawyers,,04/09/1991,,rotary harrowed,tillage process,,,,
LongTermLiming,1992,sawyers,,05/09/1991,,rotary harrowed,tillage process,,,,
LongTermLiming,1992,sawyers,,05/09/1991,,"Libravo, dressed Hydraguard and Rovral WP, drilled",seeding process,,6.1,kg/ha,
LongTermLiming,1992,sawyers,,05/09/1991,,rolled,,,,,
LongTermLiming,1992,sawyers,,06/09/1991,,Butisan S at 2.5 l in 200 l,,,,,
LongTermLiming,1992,sawyers,,24/10/1991,,NK as (25:0:16) at 200 kg.,,,,,
LongTermLiming,1992,sawyers,,02/12/1991,,Vytel Liquid carted Magnesium at 2.0 l in 200 l,,,,,
LongTermLiming,1992,sawyers,,05/03/1992,,SULPHUR 30: 30 kg S as gypsum.,,,,,
LongTermLiming,1992,sawyers,,05/03/1992,,34.5% N at 220 kg.,,,,,
LongTermLiming,1992,stackyard,,13/04/1992,,ploughed cropped failed.,tillage process,,,,
LongTermLiming,1992,stackyard,,03/09/1991,,ploughed,tillage process,,,,
LongTermLiming,1992,stackyard,,06/09/1991,,rotary cultivated,tillage process,,,,
LongTermLiming,1992,stackyard,,06/09/1991,,"Libravo, dressed Hydraguard and Rovral WP, drilled",seeding process,,6,kg/ha,
LongTermLiming,1992,stackyard,,06/09/1991,,rolled,,,,,
LongTermLiming,1992,stackyard,,29/10/1991,,NK as (25:0:16) at 200 kg.,,,,,
LongTermLiming,1992,stackyard,,15/01/1992,,Benazalox at 1.25 kg in 200 l,,,,,
LongTermLiming,1992,stackyard,,05/03/1992,,SULPHUR 30: 30 kg S as gypsum.,,,,,
LongTermLiming,1992,stackyard,,06/03/1992,,34.5% N at 220 kg.,,,,,
LongTermLiming,1992,stackyard,,13/05/1992,,ploughed cropped failed.,tillage process,,,,
LongTermLiming,1992,sawyers,note,,,Owing to crop failure no yields were taken.,comment,,,,
LongTermLiming,1992,stackyard,note,,,Owing to crop failure no yields were taken.,comment,,,,
LongTermLiming,1993,sawyers,,29/09/1992,,ploughed,tillage process,,,,
LongTermLiming,1993,sawyers,,07/10/1992,,rotary harrowed,tillage process,,,,
LongTermLiming,1993,sawyers,,07/10/1992,,"CH 304/70, cultivated with rhizobium",tillage process,,100,kg/ha,
LongTermLiming,1993,sawyers,,13/10/1992,,Opogard 500 FW at 2.8 l in 200 l,,,,,
LongTermLiming,1993,sawyers,,16/04/1993,,SULPHUR 30: 30 kg S as gypsum.,,,,,
LongTermLiming,1993,sawyers,,22/06/1993,,Power Dimethoate 40 at 1.7 l in 200 l,,,,,
LongTermLiming,1993,sawyers,,02/07/1993,,Mistral at 1.0 l in 200 l,,,,,
LongTermLiming,1993,sawyers,,02/07/1993,,Sportak 45 at 1.1 l in 200 l,,,,,
LongTermLiming,1993,sawyers,,06/09/1993,,Stefes Diquat at 3.0 l with Vassgro Spreader at 0.30 l in 260 l,,,,,
LongTermLiming,1993,sawyers,,10/10/1993,,combine harvested,harvesting process,,,,
LongTermLiming,1993,stackyard,,02/10/1992,,rotary harrowed,tillage process,,,,
LongTermLiming,1993,stackyard,,02/10/1992,,"CH 304/70, cultivated with rhizobium",tillage process,,100,kg/ha,
LongTermLiming,1993,stackyard,,12/10/1992,,Opogard S00 FW at 1.8 1 and Scythe at 3.0 l in 200 l,,,,,
LongTermLiming,1993,stackyard,,22/03/1993,,ploughed cropped failed.,tillage process,,,,
LongTermLiming,1993,stackyard,,08/07/1993,,rotary cultivated,tillage process,,,,
LongTermLiming,1993,sawyers,note,,,Plant samples were taken in early June from transects across plots for a detailed study of the relation between soil pH grain and plant growth. Harvested grain sampled were taken for sulphur analysis.,comment,,,,
LongTermLiming,1993,stackyard,note,,,The crop failed and no yields were taken.,comment,,,,
LongTermLiming,1993,sawyers,note,,,Most CHALK 0 plots failed. They have been omitted from the analysis.,comment,,,,
LongTermLiming,1994,sawyers,,16/10/1993,,ploughed,tillage process,,,,
LongTermLiming,1994,sawyers,,19/10/1993,,disced,,,,,
LongTermLiming,1994,sawyers,,20/10/1993,,spring-tine cultivated,tillage process,,,,
LongTermLiming,1994,sawyers,,20/10/1993,,CH304/70 drilled,seeding process,,40,seed/m2,
LongTermLiming,1994,sawyers,,26/10/1993,,Opogard 500 FW at 2.8 l in 200 l,,,,,
LongTermLiming,1994,sawyers,,16/02/1994,,Atlas Simazine at 1.0 l in 200 l,,,,,
LongTermLiming,1994,sawyers,,13/06/1994,,SULPHUR 30: 30 kg S as gypsum.,,,,,
LongTermLiming,1994,sawyers,,06/09/1994,,Barclay Gallup at 4.0 l in 200 l,,,,,
LongTermLiming,1994,stackyard,,16/09/1993,,ploughed,tillage process,,,,
LongTermLiming,1994,stackyard,,24/09/1993,,rotary harrowed,tillage process,,,,
LongTermLiming,1994,stackyard,,24/09/1993,,CH304/70 drilled,seeding process,,40,seed/m2,
LongTermLiming,1994,stackyard,,18/02/1994,,Atlas Simazine at 1.0 l in 200 l,,,,,
LongTermLiming,1994,stackyard,,10/03/1994,,SULPHUR 30: 30 kg S as gypsum.,,,,,
LongTermLiming,1994,stackyard,,09/05/1994,,Sportak 45 at 1.5 l in 200 l,,,,,
LongTermLiming,1994,sawyers,note,,,Due to poor Winter survival the crop was abandoned in summer and no yields were taken. ,comment,,,,
LongTermLiming,1994,stackyard,note,,,Due to excessive grazing damage the crop was abandoned in summer and no yields were taken. ,comment,,,,
LongTermLiming,1995,sawyers,,06/09/1994,,Barclay Gallup at 4.0 l in 200 l,,,,,
LongTermLiming,1995,sawyers,,12/09/1994,,topped.,,,,,
LongTermLiming,1995,sawyers,,14/09/1994,,ploughed,tillage process,,,,
LongTermLiming,1995,sawyers,,29/09/1994,,disced,,,,,
LongTermLiming,1995,sawyers,,29/09/1994,,heavy spring-tine cultivated,tillage process,,,,
LongTermLiming,1995,sawyers,,30/09/1994,,rotary harrowed,tillage process,,,,
LongTermLiming,1995,sawyers,,30/09/1994,,"Genesis, dressed Rappor, drilled",seeding process,,380,seed/m2,
LongTermLiming,1995,sawyers,,24/11/1994,,Alpha Isoproturon 500 at 2.5 l with Stomp 400 at 2.5 l in 200 l,,,,,
LongTermLiming,1995,sawyers,,13/04/1995,,34.5% N at 435 kg.,,,,,
LongTermLiming,1995,sawyers,,01/05/1995,,SULPHUR 30: Gypsum (17.5% S) at 171 kg.,,,,,
LongTermLiming,1995,sawyers,,10/05/1995,,Halo at 2.0 l in 200 l,,,,,
LongTermLiming,1995,sawyers,,16/06/1995,,Halo at 2.0 l with Patrol at 0.5 l in 300 l,,,,,
LongTermLiming,1995,stackyard,,02/08/1995,,combine harvested,harvesting process,,,,
LongTermLiming,1995,stackyard,,23/09/1994,,ploughed,tillage process,,,,
LongTermLiming,1995,stackyard,,30/09/1994,,rotary harrowed,tillage process,,,,
LongTermLiming,1995,stackyard,,30/09/1994,,"Genesis, dressed Rappor, drilled",seeding process,,300,seed/m2,
LongTermLiming,1995,stackyard,,30/09/1994,,rolled,,,,,
LongTermLiming,1995,stackyard,,28/11/1994,,Panther at 2.0 l with Decis at 0.20 l in 200 l,,,,,
LongTermLiming,1995,stackyard,,13/03/1995,,SULPHUR 30: Gypsum (17.5% S) at 171 kg.,,,,,
LongTermLiming,1995,stackyard,,15/03/1995,,34.5% N at 116 kg.,,,,,
LongTermLiming,1995,stackyard,,21/04/1995,,34.5% N at 348 kg.,,,,,
LongTermLiming,1995,stackyard,,28/04/1995,,Halo at 2.0 l in 200 l,,,,,
LongTermLiming,1995,stackyard,,01/06/1995,,Cyclone at 1.0 l with Mallard at 0.3 l in 200 l,,,,,
LongTermLiming,1995,stackyard,,30/06/1995,,Pirimicarb 50 DG at 280 g in 300 l,,,,,
LongTermLiming,1995,stackyard,,04/08/1995,,combine harvested,harvesting process,,,,
LongTermLiming,1995,sawyers,note,,,"CHALK 0 plots failed, and have been omitted from the analyses.",comment,,,,
LongTermLiming,1996,sawyers,,10/08/1995,,Straw baled,,,,,
LongTermLiming,1996,sawyers,,22/08/1995,,Sub-soiled.,,,,,
LongTermLiming,1996,sawyers,,25/09/1995,,ploughed,tillage process,,,,
LongTermLiming,1996,sawyers,,28/09/1995,,rotary harrowed,tillage process,,,,
LongTermLiming,1996,sawyers,,28/09/1995,,"Hereward, dressed Panoctine, drilled",seeding process,,380,seed/m2,
LongTermLiming,1996,sawyers,,11/03/1996,,34.5% N at 116 kg.,,,,,
LongTermLiming,1996,sawyers,,09/04/1996,,SULPHUR 30: Gypsum (17.5% S) at 171 kg.,,,,,
LongTermLiming,1996,sawyers,,15/04/1996,,34.5% N at 463 kg.,,,,,
LongTermLiming,1996,sawyers,,26/04/1996,,Ally at 30 g with Cheetah per at 1.25 l and Barclay Holdup at 2.3 l in 200 l,,,,,
LongTermLiming,1996,sawyers,,13/06/1996,,Alto 100 SL at 0.6 l with Mallard 750 EC at 0.4 l in 300 l,,,,,
LongTermLiming,1996,stackyard,,09/08/1996,,combine harvested,harvesting process,,,,
LongTermLiming,1996,stackyard,,25/08/1995,,Sub-soiled.,,,,,
LongTermLiming,1996,stackyard,,19/09/1995,,ploughed,tillage process,,,,
LongTermLiming,1996,stackyard,,23/09/1995,,rolled,,,,,
LongTermLiming,1996,stackyard,,03/10/1995,,rotary harrowed,tillage process,,,,
LongTermLiming,1996,stackyard,,03/10/1995,,"Hereward, dressed Sibutol, drilled",seeding process,,375,seed/m2,
LongTermLiming,1996,stackyard,,13/11/1995,,Panther at 2.0 l in 200 l,,,,,
LongTermLiming,1996,stackyard,,13/03/1996,,34.5% N at 116 kg.,,,,,
LongTermLiming,1996,stackyard,,19/03/1996,,SULPHUR 30: Gypsum (17.5% S) at 171 kg.,,,,,
LongTermLiming,1996,stackyard,,16/04/1996,,34.5% N at 348 kg.,,,,,
LongTermLiming,1996,stackyard,,30/04/1996,,Halo at 1.5 l in 200 l,,,,,
LongTermLiming,1996,stackyard,,06/06/1996,,Silvacur at 1.0 l in 300 l,,,,,
LongTermLiming,1996,stackyard,,19/08/1996,,combine harvested,harvesting process,,,,
LongTermLiming,1996,sawyers,note,,,Most CHALK 0 plots failed. They have been omitted from the analysis.,comment,,,,
LongTermLiming,1963,sawyers,,18/04/1963,,simazine at 1 lb in 40 gallons per acre,,,,,sprayed
LongTermLiming,1963,stackyard,,19/10/1962,,Ground chalk applied at 1.5 tons per acre to 'C' plots,liming process,,,,
LongTermLiming,1964,stackyard,,08/11/1963,,seed drilled,seeding process,,200,lb/acre,
