experiment,year,crop,application_type,application,amount,water,sections,orig_application
RBK1,1969,winter wheat,weedkiller,Paraquat,0.75 lb ion,20 gals,except 6 (following fallow) and 8 (no weedkiller).,"paraquat at 0,75 1b ion in 20 gals to all sections except 6 (following fallow) and 8 (no weedkiller)."
RBK1,1969,winter wheat,Prebane,"Terbutryne and related triazines, as Prebane’ at 4 1b in 25 gals",,,except 8,"Terbutryne and related triazines, ('Prebane’ at 4 1b in 25 gals) to all sections except 8"
RBK1,1969,winter wheat,weedkiller,"MCPA, mecoprop and Dicamba as 'Banlene Plus' at 4 pints in 20 gals",,,"except 8,","MCPA, mecoprop and Dicamba as 'Banlene Plus' at 4 pints in 20 gals to all sections except 8,"
RBK1,1969,potatoes,weedkiller,Paraquat,0.75 lb ion,20 gals,,"paraquat at 0,75 1b ion in 20 gels."
RBK1,1969,potatoes,weedkiller,Paraquat,0.375 1b ion,37 gals.,,paraquat at 0.375 1b ion plus linuron at 0.75 lb in 37 gals.
RBK1,1969,potatoes,weedkiller,Linuron,0.75 lb,37 gals.,,paraquat at 0.375 1b ion plus linuron at 0.75 lb in 37 gals.
RBK1,1969,potatoes,fungicide,mancozeb at 1.2 1b in 37 gals,,,,"mancozeb at 1.2 1b in 37 gals on 3 occasions,"
RBK1,1969,potatoes,insecticide,demeton-s-methyl at 3.5 oz,,,,demeton-s-methyl at 3.5 oz applied with sections applications of mancozeb
RBK1,1969,spring beans,insecticide,demeton-s-methyl at 3.5 oz in 37 gals,,,,demeton-s-methyl at 3.5 oz in 37 gals not weedkiller.
RBK1,1969,fallow,weedkiller,Paraquat,0.75 lb ion,20 gals,,paraquat at 0.75 lb ion in 20 gals.
RBK1,1969,sections 00,note,"Methyl bromide sub-plots:- No further soil fumigation was carried out for 1969, residual effects of the applications in autumn 1967 being tested.",,,,"Methyl bromide sub-plots:- No further soil fumigation was carried out for 1969, residual effects of the applications in autumn 1967 being tested."
RBK1,1970,winter wheat,Prebane,Terbutryne and related triazines as Prebane at 4 lb ín 20 gals,,,except 8 (no weedkiller).,Terbutryne and related triazines ('Prebane' at 4 lb ín 20 gals) to all sections except 8 (no weedkiller).
RBK1,1970,winter wheat,weedkiller,"MCPA, mecoprop and Dicamba as 'Banlene Plus' at 4 pints in 20 gals",,,"except 8,","MCPA, mecoprop and Dicamba as 'Banlene Plus' at 4 pints in 20 gals to all sections except 8,"
RBK1,1970,potatoes,weedkiller,Paraquat,0.375 lb,"20 gals,",,"paraquat at 0.375 1b icon plus linuron at 1 1b in 20 gals,"
RBK1,1970,potatoes,weedkiller,Linuron,1 1b,"20 gals,",,"paraquat at 0.375 1b icon plus linuron at 1 1b in 20 gals,"
RBK1,1970,potatoes,fungicide,mancozeb at 1.2 1b in 40 gals,,,,mancozeb at 1.2 1b in 40 gals on 2 occasions.
RBK1,1970,potatoes,insecticide,demeton-s-methyl at 3.5 oz,,,,demeton-s-methyl at 3.5 oz with the first applicationf of mancozeb
RBK1,1970,spring beans:,insecticide,"demeton-s-methyl at 3.5 oz in 4O gals,",,,,"demeton-s-methyl at 3.5 oz in 4O gals,"
RBK1,1970,sections 00,note,"Methyl bromide sub-plots: No yields were taken, This investigation has now ceased,",,,,"Methyl bromide sub-plots: No yields were taken, This investigation has new ceased,"
RBK1,1971,winter wheat,weedkiller,Paraquat,0.84 kg ion,225 l,sections 0 only,paraquat at 0.84 kg ion in 225 l to sections 0 only.
RBK1,1971,winter wheat,Prebane,Terbutryne and related triazines as Prebane at 4.48 kg in 225 l,,,,"Terbutryne and related triazines ('Prebane' at 4.48 kg in 225 l),"
RBK1,1971,winter wheat,weedkiller,"MCPA, mecoprop and Dicamba as 'Banlene Plus' at 5.6 l in 220 l",,,except 8.,"MCPA, mecoprop and Dicamba 'Banlene Plus' at 5.6 l in 225 l) to all sections except 8."
RBK1,1971,potatoes,weedkiller,Paraquat,"0,56 kg ion",225 l,,"paraquat at 0,56 kg ion in 225 l"
RBK1,1971,potatoes,weedkiller,Linuron,0.84 kg,"427 l,",,"Linuron at 0.84 kg plus paraquat at 0.42 kg ion in 427 l,"
RBK1,1971,potatoes,weedkiller,Paraquat,0.42 kg ion,"427 l,",,"Linuron at 0.84 kg plus paraquat at 0.42 kg ion in 427 l,"
RBK1,1971,potatoes,fungicide,mancozeb at 1.34 kg in 438 1,,,,mancozeb at 1.34 kg in 438 1 on 2 occasions
RBK1,1971,spring beans,weedkiller,Paraquat,"0,56 kg ion",225 l,,"paraquat at 0,56 kg ion in 225 l"
RBK1,1971,spring beans,insecticide,"demeton-s-methyl at 245 g in 438 1,",,,,"demeton-s-methyl at 245 g in 438 1,"
RBK1,1972,winter wheat,weedkiller,aminotriazole at l.5 kg plus ammonium thiocyanate at 4.2 kg in 220 l,,,not applied to sections 6,"aminotriazole at l.5 kg plus ammonium thiocyanate at 4.2 kg in 220 l not applied to sections 6, first wheat crop after fallow"
RBK1,1972,winter wheat,Prebane,Terbutryne and related triazines as 'Prebane' at 4.5 kg in 220 l,,,,Terbutryne and related triazines 'Prebane' at 4.5 kg in 220 l.
RBK1,1972,winter wheat,weedkiller,Dicamba with mecoprop and MCPA as 'Banlene Plus' at 5.6 l in 220 l,,,,"MCPA, mecoprop and Dicamba 'Banlene Plus' at 5.6 l in 220 l"
RBK1,1972,potatoes,weedkiller,"aminotriazole at 4,5 kg plus ammonium thiocyanate at 4,2 kg in 220 1.",,,,"aminotriazole at 4,5 kg plus ammonium thiocyanate at 4,2 kg in 220 1."
RBK1,1972,potatoes,weedkiller,Linuron,"0,84 kg",440 l,,"Linuron at 0,84 kg plus paraquat at 0.42 kg ion in 440 l"
RBK1,1972,potatoes,weedkiller,Paraquat,0.42 kg ion,440 l,,"Linuron at 0,84 kg plus paraquat at 0.42 kg ion in 440 l"
RBK1,1972,potatoes,fungicide,mancozeb at 1.4 kg in 440,,,,"mancozeb at 1.4 kg in 440 on 3 occasions,"
RBK1,1972,potatoes,insecticide,demeton-s-methyl at 0.25 kg,,,,demeton-s-methyl at 0.25 kg applied with the mancozeb on the sections occasion
RBK1,1972,potatoes,insecticide,"phorate at 1.1 kg applied as granules,",,,,"phorate at 1.1 kg applied as granules,"
RBK1,1972,potatoes,insecticide,demeton-s-methyl at 0.25 kg in 440 1 applied to ends of plots.,,,,demeton-s-methyl at 0.25 kg in 440 1 applied to ends of plots.
RBK1,1973,winter wheat,Prebane,Terbutryne and related triazines as 'Prebane' at 4.5 kg in 220 l,,,,"Terbutryne and related triazines ('Prebane' at 4,5 kg in 220 1)."
RBK1,1973,winter wheat,weedkiller,"Dicamba, mecoprop and MCPA Tetralex Plus' at 9.1 1 in 290 1).",,,,"Dicamba, mecoprop and MCPA Tetralex Plus' at 9.1 1 in 290 1)."
RBK1,1973,potatoes,weedkiller,Linuron,"3,8 kg","450 1,",,"Linuron at 3,8 kg plus paraquat at 0.42 kg ion in 450 1,"
RBK1,1973,potatoes,weedkiller,Paraquat,0.42 kg ion,"450 1,",,"Linuron at 3,8 kg plus paraquat at 0.42 kg ion in 450 1,"
RBK1,1973,potatoes,fungicide,mancozeb at 1.35 kg in 370 l,,,,"mancozeb at 1.35 kg in 370 1 on two occasions,"
RBK1,1973,potatoes,insecticide,demeton-s-methyl at 0.25 kg,,,,demeton-s-methyl at 0.25 kg applied with the mancozeb on the first occasion
RBK1,1973,spring beans,insecticide,demeton-s-methyl at 0.25 kg in 370 1.,,,,demeton-s-methyl at 0.25 kg in 370 1.
RBK1,1974,winter wheat,weedkiller,aminotriazole plus ammonium thiocyanate as Weedazol at 22.5 1 in 220 1.,,,sections 0 and 9,sections 0 and 9: aminotriazole plus ammonium thiocyanate ('Weedazol' at 22.5 1 in 220 1).
RBK1,1974,winter wheat,Prebane,Terbutryne and related triazines as 'Prebane' at 4.5 kg in 220 l,,,"sections 0,1, 3, 4, 5 and 9","sections 0,1, 3, 4, 5 and 9 Terbutryne and related triazines ('Prebane' at 4.5 kg in 220 1)."
RBK1,1974,winter wheat,weedkiller,Dicamba with mecoprop and MCPA as 'Banlene Plus' at 5.6 l in 220 l,,,,Dicamba with mecoprop and MCPA as 'Banlene Plus' at 5.6 l in 220 l
RBK1,1974,potatoes,insecticide,demeton-s-methyl at 0.25 kg,,,,demeton-s-methyl at 0.25 kg applied with mancozeb on first occasion
RBK1,1974,potatoes,weedkiller,Linuron,1.2 kg,450 l.,,Linuron at 1.2 kg plus paraquat at 0.42 ion in 450 l.
RBK1,1974,potatoes,weedkiller,Paraquat,0.42 ion,450 l.,,Linuron at 1.2 kg plus paraquat at 0.42 ion in 450 l.
RBK1,1974,potatoes,fungicide,Mancozeb at 1.3 kg in 450 l,,,,"Mancozeb at 1.3 kg in 450 l, on two occasions"
RBK1,1974,spring beans,insecticide,demeton-s-methyl at 0.25 kg in 450 l,,,,demeton-s-methyl at 0.25 kg in 450 l
RBK1,1975,winter wheat,weedkiller,ioxynil with mecoprop 'Actril C' at 7.7 1 in 220 1),,,"except sections 8,","ioxynil with mecoprop 'Actril C' at 7.7 1 in 220 1) except sections 8,"
RBK1,1975,potatoes,weedkiller,Linuron,1.1 kg,450 1.,,Linuron at 1.1 kg plus paraquat at 0.42 kg ion in 450 1.
RBK1,1975,potatoes,weedkiller,Paraquat,0.42 kg ion,450 1.,,Linuron at 1.1 kg plus paraquat at 0.42 kg ion in 450 1.
RBK1,1975,potatoes,fungicide,mancozeb at 1.3 kg,,,,mancozeb at 1.3 kg applied with demeton-s-methyl on second occasion.
RBK1,1975,potatoes,insecticide,demeton-s-methyl at 0.25 kg in 450 1 on two occasions.,,,,demeton-s-methyl at 0.25 kg in 450 1 on two occasions.
RBK1,1975,beans,insecticide,demeton-s-methyl at 0.25 kg in 450 l,,,,demeton-s-methyl at 0.25 kg in 450 l
RBK1,1976,winter wheat,manures,chalk at 3.1 t,,,section 1,section 1: Chalk at 3.1 t.
RBK1,1976,winter wheat,weedkiller,glyphosate at 1.7 kg in 220 l,,,"Sections 0, 1 and 9","Sections 0, 1 and 9: glyphosate at 1.7 kg in 220 l"
RBK1,1976,winter wheat,Prebane,Terbutryne and related triazines as 'Prebane' at 4.5 kg in 220 l,,,"Sections 0, 1, 5, 6, 7 and 9","Sections 0, 1, 5, 6, 7 and 9: Terbutryne and related triazines ('Prebane' at 4.5 kg in 220 l)"
RBK1,1976,winter wheat,weedkiller,Dicamba with mecoprop and MCPA as 'Banlene Plus' at 5.6 l in 220 l,,,,Dicamba with mecoprop and MCPA as 'Banlene Plus' at 5.6 l in 220 l
RBK1,1976,winter wheat,insecticide,Pirimicarb at 0.14 kg in 220 l.,,,,Pirimicarb at 0.14 kg in 220 l.
RBK1,1976,winter wheat,insecticide,Dimethoate at 0.11 kg in 220 l,,,Section 9 only,Section 9 only: Dimethoate at 0.11 kg in 220 l
RBK1,1976,potatoes,manures,chalk at 3.1 taken,,,,chalk at 3.1 taken
RBK1,1976,potatoes,weedkiller,Linuron,1.2 kg,220 l,,linuron at 1.2 kg plus paraquat at 0.42 kg ion in 220 l
RBK1,1976,potatoes,weedkiller,Paraquat,0.42 kg ion,220 l,,linuron at 1.2 kg plus paraquat at 0.42 kg ion in 220 l
RBK1,1976,potatoes,fungicide,Mancozeb at 1.3 kg in 450 l,,,,Mancozeb at 1.3 kg in 450 l
RBK1,1976,potatoes,insecticide,Pirimicarb at 0.14 kg in 450 l,,,,Pirimicarb at 0.14 kg in 450 l
RBK1,1976,fallow,manures,chalk at 3.1 t,,,,chalk at 3.1 t
RBK1,1977,winter wheat,manures,chalk at 2.9 t,,,sections 8 and 9,sections 8 and 9: Chalk at 2.9 t.
RBK1,1977,winter wheat,weedkiller,Diquat at 0.59 kg ion in 450 1.,,,sections 4,sections 4: Diquat at 0.59 kg ion in 450 1.
RBK1,1977,winter wheat,weedkiller,glyphosate at 1.7 kg in 220 l,,,"Sections 0, 1 and 9","Sections 0, 1 and 9: glyphosate at 1.7 kg in 220 l"
RBK1,1977,winter wheat,weedkiller,ioxynil at 0.53 kg with mecoprop at 1.6 kg in 220 1 applied in spring.,,,"sections 0, 1, 3,4, 5 and 9","sections 0, 1, 3,4, 5 and 9: ioxynil at 0.53 kg with mecoprop at 1.6 kg in 220 1 applied in spring."
RBK1,1977,winter wheat,insecticide,primicarb at 0.14 kg in 280 1.,,,,primicarb at 0.14 kg in 280 1.
RBK1,1977,potatoes,manures,chalk at 2.9 t,,,,Chalk at 2.9 t
RBK1,1977,potatoes,weedkiller,Linuron,1.3 kg,340 1.,,Linuron at 1.3 kg plus paraquat at 0.42 kg ion in 340 1.
RBK1,1977,potatoes,weedkiller,Paraquat,0.42 kg ion,340 1.,,Linuron at 1.3 kg plus paraquat at 0.42 kg ion in 340 1.
RBK1,1977,potatoes,fungicide,mancozeb at 1.3 kg in 340 1.,,,,mancozeb at 1.3 kg in 340 1.
RBK1,1977,potatoes,insecticide,primicarb at 0.14 kg applied with the Fungicide.,,,,primicarb at 0.14 kg applied with the Fungicide.
RBK1,1977,beans,insecticide,primicarb at 0.14 kg in 280 1.,,,,primicarb at 0.14 kg in 280 1.
RBK1,1977,fallow,manures,chalk at 2.9 t,,,,Chalk at 2.9 t
RBK1,1978,winter wheat,manures,chalk at 2.9 t,,,sections 0,sections 0: Chalk at 2.9 t.
RBK1,1978,winter wheat,weedkiller,Terbutryne at 2.8 kg in 220 1.,,,,Terbutryne at 2.8 kg in 220 1.
RBK1,1978,winter wheat,weedkiller,Dicamba with mecoprop and MCPA as 'Banlene Plus' at 4.9 1 in 220 l,,,,Dicamba with mecoprop and MCPA 'Banlene Plus' at 4.9 1 in 220 l
RBK1,1978,winter wheat,insecticide,Omethoate at 0.65 kg in 220 1.,,,sections 6 only,sections 6 only): Omethoate at 0.65 kg in 220 1.
RBK1,1978,potatoes,manures,chalk at 2.9 t,,,,Chalk at 2.9 t
RBK1,1978,potatoes,weedkiller,Paraquat,0.84 kg ion,220 1.,,paraquat at 0.84 kg ion in 220 1.
RBK1,1978,potatoes,weedkiller,Linuron,1.1 kg,220 l.,,Linuron at 1.1 kg in 220 l.
RBK1,1978,potatoes,fungicide,mancozeb at 1.3 kg in 220 l.,,,,mancozeb at 1.3 kg in 220 l.
RBK1,1978,potatoes,fungicide,Fentin acetate and maneb as Fennite A at 1.7 kg in 220 1.,,,,Fentin acetate and maneb ('Fennite A' at 1.7 kg in 220 1).
RBK1,1978,potatoes,insecticide,primicarb at 0.14 kg in 220 1.,,,,primicarb at 0.14 kg in 220 1.
RBK1,1978,beans,insecticide,primicarb at 0.14 kg in 220 1.,,,,primicarb at 0.14 kg in 220 1.
RBK1,1978,beans,desiccant,Diquat at 0.59 kg ion with 'Agral' (a wetting agent) at 0.28 kg in 220 1.,,,,Diquat at 0.59 kg ion with 'Agral' (a wetting agent) at 0.28 kg in 220 1.
RBK1,1978,fallow,manures,chalk at 2.9 t,,,,Chalk at 2.9 t
RBK1,1978,fallow,weedkiller,Paraquat,0.84 kg ion,220 l,,paraquat at 0.84 kg ion in 220 l
RBK1,1979,winter wheat,manures,chalk at 2.9 t,,,sections 1 only,sections 1 only: Chalk at 2.9 t.
RBK1,1979,winter wheat,weedkiller,glyphosate at 1.5 kg in 220 l,,,"0, 1, 6 and 9 only","glyphosate at 1.5 kg in 220 1 applied to sections 0, 1, 6 and 9 only)."
RBK1,1979,winter wheat,weedkiller,chlortoluron at 3.6 kg in 220 1,,,except 8.,chlortoluron at 3.6 kg in 220 1 to all wheat sections except 8.
RBK1,1979,winter wheat,weedkiller,Dicamba with mecoprop and MCPA as 'Banlene Plus' at 4.2 kg in 220 1,,,except 8.,Dicamba with mecoprop and MCPA Banlene Plus' at 4.2 kg in 220 1) to all wheat sections except 8.
RBK1,1979,winter wheat,fungicide,triadimefon at 0.13 kg in 220 1l.,,,,triadimefon at 0.13 kg in 220 1l.
RBK1,1979,potatoes,insecticide,pirimicarb at 0.14 kg,,,,pirimicarb at 0.14 kg
RBK1,1979,potatoes,weedkiller,Paraquat,0.42 kg,220 l,,paraquat at 0.42 kg in 220 l with linuron at 1.1 kg in 220 l
RBK1,1979,potatoes,weedkiller,Linuron,1.1 kg,220 l,,paraquat at 0.42 kg in 220 l with linuron at 1.1 kg in 220 l
RBK1,1979,potatoes,fungicide,Mancozeb at 1.4 kg in 220 l,,,,Mancozeb at 1.4 kg in 220 l applied on 5 occassions with insecticide on the first three
RBK1,1979,fallow,weedkiller,glyphosate at 1.5 kg in 220 1.,,,,glyphosate at 1.5 kg in 220 1.
RBK1,1979,fallow,manures,chalk at 2.9 t,,,sections 2 and 3,sections 2 and 3 chalk at 2.9 t
RBK1,1980,wheat,manures,chalk at 2.9 t,,,"sections 6, 8 and 9 only","sections 6, 8 and 9 only: Chalk at 2.9 t."
RBK1,1980,wheat,weedkiller,chlortoluron at 5.6 kg in 220 1.,,,not sections 8,not sections 8) chlortoluron at 5.6 kg in 220 1.
RBK1,1980,wheat,weedkiller,Dicamba with mecoprop and MCPA as 'Banlene Plus' at 5.0 1 in 250 l.,,,,Dicamba with mecoprop and MCPA as 'Banlene Plus' at 5.0 1 in 250 l.
RBK1,1980,wheat,fungicide,triadimefon at 0.13 kg in 250 1.,,,,triadimefon at 0.13 kg in 250 1.
RBK1,1980,wheat,insecticide,demeton-s-methyl at 0.24 kg in 250 1.,,,,demeton-s-methyl at 0.24 kg in 250 1.
RBK1,1980,wheat,insecticide,Omethoate as 'Folimat' at 1.1 l in 220 1 (,,,3 only),Omethoate (to sections 3 only) as 'Folimat' at 1.1 l in 220 1
RBK1,1980,potatoes,weedkiller,Linuron,1.1 kg,900 l.,,Linuron at 1.1 kg in 900 l.
RBK1,1980,potatoes,fungicide,mancozeb at 1.4 kg in 250 1,,,,"mancozeb at 1.4 kg in 250 1 applied on six occasions, with primicarb on the . first five."
RBK1,1980,potatoes,insecticide,"phorate at 1.7 kg, at planting.",,,,"phorate at 1.7 kg, at planting."
RBK1,1980,potatoes,insecticide,pirimicarb at 0.14 kg,,,,pirimicarb at 0.14 kg
RBK1,1980,fallow,manures,chalk at 2.9 t,,,sections 7,sections 7: Chalk at 2.9 t
RBK1,1981,wheat,manures,chalk at 2.9 t,,,sections 0 and 5 only,sections 0 and 5 only: Chalk at 2.9 t.
RBK1,1981,wheat,weedkiller,chlortoluron at 5.6 l in 250 l,,,not applied to sections 8,not applied to sections 8): chlortoluron at 5.6 l in 250 l
RBK1,1981,wheat,weedkiller,mecoprop with bromoxynil and ioxynil as 'Brittox' at 3.7 1) in 250 1.,,,,mecoprop with bromoxynil and ioxynil as 'Brittox' at 3.7 1) in 250 1.
RBK1,1981,wheat,weedkiller,glyphosate at 1.5 1 in 250 1.,,,sections 9 only,sections 9 only: glyphosate at 1.5 1 in 250 1.
RBK1,1981,wheat,fungicide,Prochloraz at 0.4 l in 250 l.,,,,Prochloraz at 0.4 l in 250 l.
RBK1,1981,wheat,fungicide,Prochloraz at 0.4 l with maneb at 1.2 kg and zineb at 0.13 kg in 250 l ,,,"sections 0,1,2,3 and plots 01,21,22 and 03 of sections 5 and 6","Prochloraz at 0.4 1 with mancozeb at 1.2 kg and zineb at 0.13 kg in 250 1 applied on two occasions; to sections 0,1,2,3 and plots 01,21,22 and 03 of sections 5 and 6 on the first and second occasions and to remaining wheat on the second occasion only. Rain was believed to have washed off the first applications"
RBK1,1981,,note, Rain was believed to have washed off the first applications,,,,
RBK1,1981,wheat,fungicide,Prochloraz at 0.4 l with maneb at 1.2 kg and zineb at 0.13 kg in 250 l ,,,all wheat,
RBK1,1981,potatoes,weedkiller,Linuron,1.1 kg,250 l,,Linuron at 1.1 kg and paraquat as 0.6 kg ion in 250 l
RBK1,1981,potatoes,weedkiller,Paraquat,0.6 kg ion,250 l,,Linuron at 1.1 kg and paraquat as 0.6 kg ion in 250 l
RBK1,1981,potatoes,fungicide,Mancozeb at 1.4 kg in 250 l,,,,Mancozeb at 1.4 kg in 250 l applied on five occasions with primicarb
RBK1,1981,potatoes,insecticide,pirimicarb at 0.14 kg,,,,pirimicarb at 0.14 kg
RBK1,1981,potatoes,desiccant,BOV at 170 l,,,,BOV at 170 l
RBK1,1981,fallow,manures,chalk at 2.9 t,,,section 4,Chalk at 2.9 t to section 4
RBK1,1982,wheat,manures,chalk at 2.9 t,,,sections 1 and 3 only,sections 1 and 3 only: Chalk at 2.9 t.
RBK1,1982,wheat,weedkiller,chlortoluron at 5.6 l in 250 l,,,not applied to sections 8,not applied to sections 8): chlortoluron at 5.6 l in 250 l
RBK1,1982,wheat,weedkiller,"mecoprop, bromoxynil and ioxynil as 'Brittox' at 3.5 1) in 250 1.",,,,"mecoprop, bromoxynil and ioxynil as 'Brittox' at 3.5 1) in 250 1."
RBK1,1982,wheat,weedkiller,glyphosate at 1.4 kg in 250 1.,,,"Plots 03, 05 and 06, sections 0,1,5,6 and 7 and plot 05, sections 9","Plots 03, 05 and 06, sections 0,1,5,6 and 7 and plot 05, sections 9: glyphosate at 1.4 kg in 250 1."
RBK1,1982,wheat,fungicide,"propiconazole at 0.12 kg in 250 l applied twice, with the insecticide on the second occasion.",,,,"propiconazole at 0.12 kg in 250 l applied twice, with the insecticide on the second occasion."
RBK1,1982,wheat,insecticide,pirimicarb at 0.14 kg,,,,pirimicarb at 0.14 kg
RBK1,1982,potatoes,weedkiller,Linuron,1.1 kg,350 l,,linuron at 1.1 kg and paraquat at 0.5 kg ion in 350 l
RBK1,1982,potatoes,weedkiller,Paraquat,0.5 kg ion,350 l,,linuron at 1.1 kg and paraquat at 0.5 kg ion in 350 l
RBK1,1982,potatoes,fungicide,mancozeb at 1.4 kg in 250 l,,,,"mancozeb at 1.4 kg in 250 l on three occasions, with the insecticide on the first two"
RBK1,1982,potatoes,fungicide,ofurace at 0.12 kg and maneb at 1.2 kg in 250 l,,,,ofurace at 0.12 kg and maneb at 1.2 kg in 250 l
RBK1,1982,potatoes,insecticide,pirimicarb at 0.14 kg,,,,pirimicarb at 0.14 kg
RBK1,1982,potatoes,desiccant,BOV at 220 l,,,,BOV at 220 l
RBK1,1982,fallow,manures,chalk at 2.9 t,,,,Chalk at 2.9 t
RBK1,1983,wheat,manures,chalk at 2.9 t,,,"sections 6, 8 and 9 only","sections 6, 8 and 9 only: Chalk at 2.9 t."
RBK1,1983,wheat,weedkiller,"mecoprop, bromoxynil and ioxynil as 'Brittox' at 3.5 1) with isoproturón at 2.1 kg in 250 1.",,,not applied to sections 8,"not applied to sections 8): mecoprop, bromoxynil and ioxynil as 'Brittox' at 3.5 1) with isoproturón at 2.1 kg in 250 1."
RBK1,1983,wheat,fungicide,"propiconazole at 0.12 kg on two occasions, in 500 1 on the first and in 250 1",,,,"propiconazole at 0.12 kg on two occasions, in 500 1 on the first and in 250 1 on the sections."
RBK1,1983,potatoes,weedkiller,Linuron,1.6 1,500 1.,,Linuron at 1.6 1 and paraquat at 0.56 kg ion in 500 1.
RBK1,1983,potatoes,weedkiller,Paraquat,0.56 kg ion,500 1.,,Linuron at 1.6 1 and paraquat at 0.56 kg ion in 500 1.
RBK1,1983,potatoes,fungicide,mancozeb at 1.4 kg in 250 1.,,,,mancozeb at 1.4 kg in 250 1.
RBK1,1983,potatoes,fungicide,Fentin hydroxide at 0.28 kg in 250 1 on five occasions with the insecticide on the first four.,,,,Fentin hydroxide at 0.28 kg in 250 1 on five occasions with the insecticide on the first four.
RBK1,1983,potatoes,insecticide,pirimicarb at 0.14 kg,,,,pirimicarb at 0.14 kg
RBK1,1983,fallow,manures,chalk at 2.9 t,,,,Chalk at 2.9 t
RBK1,1984,wheat,manures,chalk at 2.9 t,,,sections 0 and 5 only,sections 0 and 5 only: Chalk at 2.9 t.
RBK1,1984,wheat,weedkiller,chlortoluron at 3.5 kg in 250 1.,,,not applied to sections 8,not applied to sections 8): chlortoluron at 3.5 kg in 250 1.
RBK1,1984,wheat,weedkiller,Cyanazine at 0.30 1 and mecoprop at 2.0 1 in 250 1.,,,,Cyanazine at 0.30 1 and mecoprop at 2.0 1 in 250 1.
RBK1,1984,wheat,fungicide,propiconazole at 0.25 kg in 250 1.,,,,propiconazole at 0.25 kg in 250 1.
RBK1,1984,wheat,insecticide,primicarb at 0.14 kg in 500 1,,,,primicarb at 0.14 kg in 500 1
RBK1,1984,potatoes,weedkiller,Linuron,1.3 kg,500 l,,Linuron at 1.3 kg and paraquat at 0.50 kg ion in 500 l
RBK1,1984,potatoes,weedkiller,Paraquat,0.50 kg ion,500 l,,Linuron at 1.3 kg and paraquat at 0.50 kg ion in 500 l
RBK1,1984,potatoes,fungicide,Fentin hydroxide at 0.28 kg on seix occasions the first in 250 l and the remainder in 200 l. applied with the insecticide on the first and third occasions,,,,Fentin hydroxide at 0.28 kg on seix occasions the first in 250 l and the remainder in 200 l. applied with the insecticide on the first and third occasions
RBK1,1984,potatoes,insecticide,pirimicarb at 0.14 kg,,,,pirimicarb at 0.14 kg
RBK1,1984,fallow,manures,chalk at 2.9 t,,,,Chalk at 2.9 t
RBK1,1985,wheat,manures,chalk at 2.9 t,,,"sections 1, 2 and 3 only","sections 1, 2 and 3 only: Chalk at 2.9 t."
RBK1,1985,wheat,weedkiller,"Isoproturon at 2.0 kg with mecoprop at 1.6 kg, bromoxynil at 0.20 kg and ioxynil at 0.20 kg in 200 1.",,,not applied to sections 8,"not applied to sections 8): Isoproturon at 2.0 kg with mecoprop at 1.6 kg, bromoxynil at 0.20 kg and ioxynil at 0.20 kg in 200 1."
RBK1,1985,wheat,fungicide,Prochloraz at 0.40 kg and carbendazim at 0.15 kg in 200 l with the growth regulator,,,not applied to sections 6,not applied to sections 6): Prochloraz at 0.40 kg and carbendazim at 0.15 kg in 200 l with the growth regulator
RBK1,1985,wheat,fungicide,Fenpropimorph at 0.75 kg with captafol at 1.3 kg in 200 l.,,,,Fenpropimorph at 0.75 kg with captafol at 1.3 kg in 200 l.
RBK1,1985,wheat,fungicide,propiconazole at 0.12 kg with carbendazim and maneb as 'Septal' at 2.5 kg in 200 l,,,,propiconazole at 0.12 kg with carbendazim and maneb as 'Septal' at 2.5 kg in 200 l
RBK1,1985,wheat,insecticide,primicarb at 0.14 kg in 200 1.,,,not applied to sections 6,not applied to sections 6): primicarb at 0.14 kg in 200 1.
RBK1,1985,wheat,growth regulator,Chlormequat at 1.3 kg.,,,not applied to sections 6,not applied to sections 6): Chlormequat at 1.3 kg.
RBK1,1985,potatoes,weedkiller,Linuron,1.3 kg,500 1.,,Linuron at 1.3 kg with paraquat at 0.50 kg ion in 500 1.
RBK1,1985,potatoes,weedkiller,Paraquat,0.50 kg ion,500 1.,,Linuron at 1.3 kg with paraquat at 0.50 kg ion in 500 1.
RBK1,1985,potatoes,fungicide,mancozeb at 1.4 kg in 200 l,,,,"mancozeb at 1.4 kg in 200 1 on four occasions, with the insecticide on the second and third occasions."
RBK1,1985,potatoes,fungicide,Fentin hydroxide at 0.28 kg in 200 l,,,,Fentin hydroxide at 0.28 kg in 200 l
RBK1,1985,potatoes,insecticide,primicarb at 0.14 kg on two occasions.,,,,primicarb at 0.14 kg on two occasions.
RBK1,1985,potatoes,desiccant,Diquat at 0.80 kg ion in 500 l,,,,Diquat at 0.80 kg ion in 500 l
RBK1,1986,wheat,manures,chalk at 2.9 t,,,"sections 6, 7, 8 and 9 only","sections 6, 7, 8 and 9 only: Chalk at 2.9 t."
RBK1,1986,wheat,weedkiller,"Isoproturon at 2.0 kg with clopyralid at 0.07 kg, bromoxynil octanoate at 0.34 kg and mecoprop at 2.5 kg in 200 1.",,,not applied to sections 8,"not applied to sections 8): Isoproturon at 2.0 kg with clopyralid at 0.07 kg, bromoxynil octanoate at 0.34 kg and mecoprop at 2.5 kg in 200 1."
RBK1,1986,wheat,fungicide,Prochloraz at 0.40 kg and carbendazim at 0.15 kg in 200 l with the growth regulator,,,not applied to sections 6,not applied to sections 6): Prochloraz at 0.40 kg and carbendazim at 0.15 kg in 200 l with the growth regulator
RBK1,1986,wheat,fungicide,Fenpropimorph at 0.75 kg with captafol at 1.4 kg in 200 1.,,,,Fenpropimorph at 0.75 kg with captafol at 1.4 kg in 200 1.
RBK1,1986,wheat,fungicide,propiconazole at 0.12 kg with carbendazim and maneb as 'Septal' at 2.5 kg in 200 l,,,,propiconazole at 0.12 kg with carbendazim and maneb as 'Septal' at 2.5 kg in 200 l
RBK1,1986,wheat,insecticide,Chlorfenvinphos at 1.0 kg in 200 1.,,,(to sections 4 only,(to sections 4 only): Chlorfenvinphos at 1.0 kg in 200 1.
RBK1,1986,wheat,growth regulator,Chlormequat chloride at 1.3 kg.,,,not applied to sections 6,not applied to sections 6): Chlormequat chloride at 1.3 kg.
RBK1,1986,potatoes,weedkiller,Linuron,1.3 kg,500 1.,,Linuron at 1.3 kg in 500 1.
RBK1,1986,potatoes,fungicide,"mancozeb at 1.4 kg on four occasions, in 200 1 on the first and second occasion and applied with the insecticide in 500 1 and 200 1 on the third and fourth occasion respectively.",,,,"mancozeb at 1.4 kg on four occasions, in 200 1 on the first and second occasion and applied with the insecticide in 500 1 and 200 1 on the third and fourth occasion respectively."
RBK1,1986,potatoes,insecticide,primicarb at 0.14 kg on two occasions.,,,,primicarb at 0.14 kg on two occasions.
RBK1,1986,potatoes,desiccant,Diquat at 0.80 kg ion in 500 l,,,,Diquat at 0.80 kg ion in 500 l
RBK1,1987,wheat,manures,chalk at 2.9 t,,,"sections 0, 4 and 5 only","Chalk at 2.9 t sections 0, 4 and 5 only)."
RBK1,1987,wheat,weedkiller,Methabenzthiazuron at 3.2 kg in 200 l.,,,not applied to sections 8,not applied to sections 8): Methabenzthiazuron at 3.2 kg in 200 l.
RBK1,1987,wheat,weedkiller,"Clopyralid at 0.07 kg, bromoxynil at 0,34 kg and mecoprop at 2.5 kg in 200 1.",,,,"Clopyralid at 0.07 kg, bromoxynil at 0,34 kg and mecoprop at 2.5 kg in 200 1."
RBK1,1987,wheat,fungicide,Prochloraz at 0.40 kg and carbendazim at 0.15 kg in 200 l with the growth regulator,,,not applied to sections 6,not applied to sections 6): Prochloraz at 0.40 kg and carbendazim at 0.15 kg in 200 l with the growth regulator
RBK1,1987,wheat,fungicide,Chlorothalonil at 1.0 kg with fenpropimorph at 0.75 kg in 200 l,,,,Chlorothalonil at 1.0 kg with fenpropimorph at 0.75 kg in 200 l
RBK1,1987,wheat,fungicide,propiconazole at 0.12 kg with carbendazim at 0.25 kg and maneb at 1.6 kg in 200 l,,,,propiconazole at 0.12 kg with carbendazim at 0.25 kg and maneb at 1.6 kg in 200 l
RBK1,1987,wheat,growth regulator,Chlormequat chloride at 1.3 kg.,,,not applied to sections 6,not applied to sections 6): Chlormequat chloride at 1.3 kg.
RBK1,1987,potatoes,weedkiller,Linuron,1.6 kg,500 1.,,Linuron at 1.6 kg in 500 1.
RBK1,1987,potatoes,fungicide,mancozeb at 1.4 kg 200 1,,,,"mancozeb at 1.4 kg on four occasions in 200 1, applied with the insecticide on the second."
RBK1,1987,potatoes,fungicide,Fentin hydroxide at 0.28 kg in 200 l,,,,Fentin hydroxide at 0.28 kg in 200 l
RBK1,1987,potatoes,insecticide,pirimicarb at 0.14 kg,,,,pirimicarb at 0.14 kg
RBK1,1987,potatoes,desiccant,Diquat at 0.80 kg ion in 500 l,,,,Diquat at 0.80 kg ion in 500 l
RBK1,1987,fallow,weedkiller,glyphosate at 1.4 kg in 200 1 on two occasions.,,,,glyphosate at 1.4 kg in 200 1 on two occasions.
RBK1,1988,wheat,weedkiller,Fluroxypyr at 0.20 kg with clopyralid at 0.07 kg and bromoxynil at 0.34 kg in 200 1.,,,,Fluroxypyr at 0.20 kg with clopyralid at 0.07 kg and bromoxynil at 0.34 kg in 200 1.
RBK1,1988,wheat,weedkiller,Diclofop-methyl at 1.1 kg with fluroxypyr at 0.15 kg in 260 1.,,,,Diclofop-methyl at 1.1 kg with fluroxypyr at 0.15 kg in 260 1.
RBK1,1988,wheat,fungicide,Prochloraz at 0.40 kg and carbendazim at 0.15 kg in 200 l with the growth regulator,,,not applied to sections 6,not applied to sections 6): Prochloraz at 0.40 kg and carbendazim at 0.15 kg in 260 1 applied with the growth regulator.
RBK1,1988,wheat,fungicide,propiconazole at 0.12 kg and Tridemorph at 0.25 kg with the primicarb in 200 1.,,,,propiconazole at 0.12 kg and Tridemorph at 0.25 kg with the primicarb in 200 1.
RBK1,1988,wheat,fungicide,propiconazole at 0.12 kg with carbendazim at 0.25 kg and maneb at 1.6 kg in 200 l,,,,propiconazole at 0.12 kg with carbendazim at 0.25 kg and maneb at 1.6 kg in 200 l
RBK1,1988,wheat,insecticide,pirimicarb at 0.14 kg,,,not applied to sections 6,not applied to sections 6): primicarb at 0.14 kg.
RBK1,1988,wheat,growth regulator,Chlormequat chloride at 1.3 kg.,,,not applied to sections 6,not applied to sections 6): Chlormequat chloride at 1.3 kg.
RBK1,1988,potatoes,weedkiller,Linuron,1.6 kg,260 l.,,Linuron at 1.6 kg in 260 l.
RBK1,1988,potatoes,fungicide,mancozeb at 1.4 kg,,,,"mancozeb at 1.4 kg on five occasions, on the first two with the primicarb."
RBK1,1988,potatoes,fungicide,Manganese zinc ethylene bisdithiocarbamate at 1.4 kg in 200 1.,,,,Manganese zinc ethylene bisdithiocarbamate at 1.4 kg in 200 1.
RBK1,1988,potatoes,fungicide,Fentin hydroxide at 0.27 kg in 200 1.,,,,Fentin hydroxide at 0.27 kg in 200 1.
RBK1,1988,potatoes,insecticide,pirimicarb at 0.14 kg,,,,pirimicarb at 0.14 kg
RBK1,1989,wheat,manures,chalk at 2.9 t,,,1 and 3 only).,Chalk at 2.9 t (to sections 1 and 3 only).
RBK1,1989,wheat,weedkiller,glyphosate at 1.4 kg in 200 l,,,except to sections 2 and 8).,glyphosate at 1.4 kg in 200 1 (except to sections 2 and 8).
RBK1,1989,wheat,weedkiller,Isoproturon at 2.5 kg in 200 1 (,,,except to sections B).,Isoproturon at 2.5 kg in 200 1 (except to sections B).
RBK1,1989,wheat,weedkiller,"mecoprop at 2.2 kg, bromoxynil at 0.28 kg and ioxynil at 0.28 kg with isoproturon at 2.1 kg in 200 1 (",,,except to sections 8).,"mecoprop at 2.2 kg, bromoxynil at 0.28 kg and ioxynil at 0.28 kg with isoproturon at 2.1 kg in 200 1 (except to sections 8)."
RBK1,1989,wheat,fungicide,Prochloraz at 0.40 kg and carbendazim at 0.15 kg applied with the growth regulator in 200 1.,,,(except to sections 6,(except to sections 6): Prochloraz at 0.40 kg and carbendazim at 0.15 kg applied with the growth regulator in 200 1.
RBK1,1989,wheat,fungicide,Fenpropimorph at 0.56 kg with chlorothalonil at 0.75 kg in 200 1.,,,,Fenpropimorph at 0.56 kg with chlorothalonil at 0.75 kg in 200 1.
RBK1,1989,wheat,fungicide,propiconazole at 0.12 kg with carbendazim at 0.25 kg and maneb at 1.6 kg in 200 l,,,,propiconazole at 0.12 kg with carbendazim at 0.25 kg and maneb at 1.6 kg in 200 l
RBK1,1989,wheat,growth regulator,Chlormequat chloride at 1.6 kg.,,,(except to sections 6,(except to sections 6): Chlormequat chloride at 1.6 kg.
RBK1,1989,potatoes,weedkiller,Metribuzin at 1.0 kg in 300 1.,,,,Metribuzin at 1.0 kg in 300 1.
RBK1,1989,potatoes,fungicide,mancozeb at 1.4 kg in 200 1 on three occasions and at 1.0 kg in 200 1 on a fourth occasion.,,,,mancozeb at 1.4 kg in 200 1 on three occasions and at 1.0 kg in 200 1 on a fourth occasion.
RBK1,1989,potatoes,fungicide,"Fentin hydroxide at 0.27 kg in 260 1,",,,,"Fentin hydroxide at 0.27 kg in 260 1,"
RBK1,1989,fallow,weedkiller,glyphosate at 1.4 kg in 200 l,,,,glyphosate at 1.4 kg in 200 l
RBK1,1990,wheat,manures,chalk at 2.9 t,,,2 and 8 only).,Chalk at 2.9 t (to sections 2 and 8 only).
RBK1,1990,wheat,weedkiller,glyphosate at 1.4 kg in 200 l,,,except to sections 7 and 8).,glyphosate at 1.4 kg in 200 1 (except to sections 7 and 8).
RBK1,1990,wheat,weedkiller,Isoproturon at 1.7 kg with mecoprop at 2.0 kg in 200 1 (,,,except to sections 8).,Isoproturon at 1.7 kg with mecoprop at 2.0 kg in 200 1 (except to sections 8).
RBK1,1990,wheat,weedkiller,"mecoprop at 2.2 kg, bromoxynil at 0.28 kg and ioxynil at 0.28 kg in 200 1 (",,,"0, 1, 2 and 3).","mecoprop at 2.2 kg, bromoxynil at 0.28 kg and ioxynil at 0.28 kg in 200 1 (to sections 0, 1, 2 and 3)."
RBK1,1990,wheat,weedkiller,"mecoprop at 3.6 kg, bromoxynil at 0.45 kg and ioxynil at 0.45 kg in 200 1 (",,,"6, 7 and 9).","mecoprop at 3.6 kg, bromoxynil at 0.45 kg and ioxynil at 0.45 kg in 200 1 (to sections 6, 7 and 9)."
RBK1,1990,wheat,weedkiller,Fluroxypyr at 0.40 kg in 200 1 (,,,except to sections 8).,Fluroxypyr at 0.40 kg in 200 1 (except to sections 8).
RBK1,1990,wheat,fungicide,Prochloraz at 0.40 kg with the growth regulator in 200 l,,,(except to sections 6,(except to sections 6): ; Prochloraz at 0.40 kg applied with the growth regulator in 200 1.
RBK1,1990,wheat,fungicide,Chlorothalonil at 1.0 kg with fenpropimorph at 0.75 kg in 200 l,,,,Chlorothalonil at 1.0 kg with fenpropimorph at 0.75 kg in 200 l
RBK1,1990,wheat,fungicide,propiconazole at 0.12 kg with carbendazim at 0.25 kg and maneb at 1.6 kg in 200 l,,,,propiconazole at 0.12 kg with carbendazim at 0.25 kg and maneb at 1.6 kg in 200 l
RBK1,1990,wheat,growth regulator,Chlormequat chloride at 1.6 kg.,,,(except to sections 6,(except to sections 6): Chlormequat chloride at 1.6 kg.
RBK1,1990,potatoes,weedkiller,glyphosate at 1.4 kg in 200 l,,,,glyphosate at 1.4 kg in 200 l
RBK1,1990,potatoes,weedkiller,Linuron,1.6 kg,200 1.,,Linuron at 1.6 kg in 200 1.
RBK1,1990,potatoes,fungicide,maneb at 0.96 kg and zinc oxide at 0.022 kg applied with the insecticide in 200 1.,,,,maneb at 0.96 kg and zinc oxide at 0.022 kg applied with the insecticide in 200 1.
RBK1,1990,potatoes,fungicide,"maneb at 0.96 kg and zinc oxide at 0.022 kg with a wetting agent, ‘Bond’ at 0.20 1, in 200 1.",,,,"maneb at 0.96 kg and zinc oxide at 0.022 kg with a wetting agent, ‘Bond’ at 0.20 1, in 200 1."
RBK1,1990,potatoes,fungicide,mancozeb at 1.0 kg in 200 l,,,,mancozeb at 1.0 kg in 200 1 on two occasions.
RBK1,1990,potatoes,fungicide,Fentin hydroxide at 0.27 kg in 200 1 on two occasions.,,,,Fentin hydroxide at 0.27 kg in 200 1 on two occasions.
RBK1,1990,potatoes,insecticide,demeton-s-methyl at 0.24 kg in 200 1.,,,,demeton-s-methyl at 0.24 kg in 200 1.
RBK1,1990,fallow,weedkiller,glyphosate at 1.4 kg in 200 l,,,,glyphosate at 1.4 kg in 200 l
RBK1,1991,wheat,manures,chalk at 2.9 t,,,7 and 9 only).,Chalk at 2.9 t (to sections 7 and 9 only).
RBK1,1991,wheat,weedkiller,glyphosate at 1.4 kg in 200 l,,,except to sections 4 and 8).,glyphosate at 1.4 kg in 200 1 (except to sections 4 and 8).
RBK1,1991,wheat,weedkiller,Diflufenican at 0.12 kg and isoproturon at 2.2 kg in 200 1 {,,,except to sections 8).,Diflufenican at 0.12 kg and isoproturon at 2.2 kg in 200 1 {except to sections 8).
RBK1,1991,wheat,weedkiller,"glyphosate at 2.2 kg with a wetting agent, ‘MAFF Adjuvant no. 0004"" at 2.9 1, at 150 1 (",,,except to sections 8).,"glyphosate at 2.2 kg with a wetting agent, ‘MAFF Adjuvant no. 0004"" at 2.9 1, at 150 1 (except to sections 8)."
RBK1,1991,wheat,fungicide,Prochloraz at 0.40 kg with the growth regulator in 200 l,,,(except to sections 6,(except to sections 6): Prochloraz at 0.40 kg with the growth regulator in 200 1.
RBK1,1991,wheat,fungicide,propiconazole at 0.12 kg with chlorothalonil at 0.50 kg in 200 1.,,,,propiconazole at 0.12 kg with chlorothalonil at 0.50 kg in 200 1.
RBK1,1991,wheat,fungicide,Fenpropimorph at 0.75 kg in 200 1.,,,,Fenpropimorph at 0.75 kg in 200 1.
RBK1,1991,wheat,growth regulator,Chlormequat chloride at 1.6 kg.,,,(except to sections 6,(except to sections 6): Chlormequat chloride at 1.6 kg.
RBK1,1991,potatoes,weedkiller,glyphosate at 1.4 kg in 200 l,,,,glyphosate at 1.4 kg in 200 l
RBK1,1991,potatoes,weedkiller,Linuron,1.6 kg,200 1.,,Linuron at 1.6 kg in 200 1.
RBK1,1991,potatoes,fungicide,"maneb at 0.96 kg and zinc oxide at 22 g in 200 1 on three occasions, the first and third with a wetting agent, 'Bond' at 0.20 1, and the second occasion with primicarb.",,,,"maneb at 0.96 kg and zinc oxide at 22 g in 200 1 on three occasions, the first and third with a wetting agent, 'Bond' at 0.20 1, and the second occasion with primicarb."
RBK1,1991,potatoes,fungicide,"mancozeb at 1.4 kg with a wetting agent, 'Bond' at . 0.20 1, in 200 1.",,,,"mancozeb at 1.4 kg with a wetting agent, 'Bond' at . 0.20 1, in 200 1."
RBK1,1991,potatoes,fungicide,"Fentin hydroxide at 0.27 kg with a wetting agent, 'Nu-film P' at 0.18 1, in 200 1.",,,,"Fentin hydroxide at 0.27 kg with a wetting agent, 'Nu-film P' at 0.18 1, in 200 1."
RBK1,1991,potatoes,insecticide,pirimicarb at 0.14 kg,,,,pirimicarb at 0.14 kg
RBK1,1991,fallow,weedkiller,"glyphosate at 2.2 kg with a wetting agent, ‘MAFF Adjuvant no. 0004"" at 2.9 1, at 150 1 (",,,,"glyphosate at 2.2 kg with a wetting agent, ‘MAFF Adjuvant no. 0004‘ at 2.9 1, in 150 1."
