experiment,year,start date,end date,plot,operation,flag,intensity,operation_type,amount,unit,water,water_unit,crop,variety,dressing,machine
R/BEW/1,1995,26-Sep-1994,,,ploughed,1,,tillage process,,,,,,,,
R/BEW/1,1995,26-Sep-1994,,,furrow pressed,1,1,tillage process,,,,,,,,
R/BEW/1,1995,21-Oct-1994,,,springtine cultivated,1,1,tillage process,,,,,,,,
R/BEW/1,1995,21-Oct-1994,,,seed sown,1,,seeding process,25,seeds/m2,,,,Punch,recleaned,
R/BEW/1,1995,07-Feb-1995,,"PHRROMON P, PI1, PI2, PI3",Pheromone applied.,1,,chemical pest control process,0,,,,,,,
R/BEW/1,1995,04-Apr-1995,,,Bombardier,1,,chemical pest control process,2.0,l/ha,200,l/ha,,,,
R/BEW/1,1995,06-Apr-1995,,"PHEROMON PIL, PI2, PI3",Decis,1,,chemical pest control process,300,ml/ha,200,l/ha,,,,
R/BEW/1,1995,19-Apr-1995,,"PHEROMON PI2, PI3",Decis,1,,chemical pest control process,300,ml/ha,200,l/ha,,,,
R/BEW/1,1995,05-May-1995,,PHEROMON PI3,Decis,1,,chemical pest control process,300,ml/ha,200,l/ha,,,,
R/BEW/1,1995,01-Aug-1995,,,combine harvested,1,,harvesting process,,,,,,,,combine harvester
R/BEW/1,1995,,,,"W. wheat 1993, s. wheat 1994.",1,,previous cropping,,,,,,,,
R/BEW/1,1995,,,,(1) Prom Apr pheromones were applied from dispensers placed at the plot centres.,1,,comment,,,,,,,,
R/BEW/1,1995,,,,(2) Assessments of adult feeding damage were made between February and May. 125,1,,comment,,,,,,,,
R/BEW/3,1994,29-Oct-1993,,,seed broadcast,1,,seeding process,25,seeds/m2,,,winter beans,Punch,,broadcast
R/BEW/3,1994,29-Oct-1993,,,ploughed,1,,tillage process,,,,,,,,
R/BEW/3,1994,29-Oct-1993,,,springtine cultivated,1,1,tillage process,,,,,,,,
R/BEW/3,1994,31-Jan-1994,,,Carbetamex,1,,chemical pest control process,3.0,kg/ha,200,l/ha,,,,
R/BEW/3,1994,21-Apr-1994,,"TREATMNT PI-2, PI-3",Decis,1,,chemical pest control process,7.5,kg/ha,200,l/ha,,,,
R/BEW/3,1994,06-May-1994,,,Bombardier,1,,chemical pest control process,1.5,l/ha,300,l/ha,,,,
R/BEW/3,1994,06-May-1994,,,Ronilan FL,1,,chemical pest control process,0.5,l/ha,300,l/ha,,,,
R/BEW/3,1994,19-May-1994,,"TREATMNT PI-1, PI-3",Decis,1,,chemical pest control process,7.5,kg/ha,200,l/ha,,,,
R/BEW/3,1994,18-Aug-1994,,,combine harvested,1,,harvesting process,,,,,,,,combine harvester
R/BEW/3,1994,,,,"W rape 1992, wheat 1993.",1,,previous cropping,,,,,,,,
R/BEW/3,1994,,,,"(1) From late February, pheromone was released from a pints source, which was hung BOV the crop at the plot centre.",1,,comment,,,,,,,,
R/BEW/3,1994,,,,(2) Assessments of damage to leaves by adult weevils were made dressing March and Apr. 135,1,,comment,,,,,,,,
R/BW/1,1992,14-Aug-1991,,,PK as (0:16:36),1,,agronomic fertilization process,1040,kg/ha,,,,,,
R/BW/1,1992,21-Aug-1991,,COMPCROP WCLOVER,rotary cultivated,1,1,tillage process,,,,,,,,Bomford Dynadrive
R/BW/1,1992,21-Aug-1991,,COMPCROP WCLOVER,seed broadcast,1,,seeding process,20,kg/ha,,,New Zealand winter clover,New Zealand,,broadcast
R/BW/1,1992,09-Sep-1991,,,ploughed,1,,tillage process,,,,,,,,
R/BW/1,1992,09-Sep-1991,,,furrow pressed,1,1,tillage process,,,,,,,,
R/BW/1,1992,12-Sep-1991,,,rolled,1,1,tillage process,,,,,,,,
R/BW/1,1992,18-Sep-1991,,,rotary harrowed,1,1,tillage process,,,,,,,,
R/BW/1,1992,18-Sep-1991,,COMPCROP WMUSTL,seed broadcast,1,,seeding process,1.5,kg/ha,,,white mustard,Tilney,,broadcast
R/BW/1,1992,18-Sep-1991,,COMPCROP WMUSTM,seed broadcast,1,,seeding process,3.0,kg/ha,,,white mustard,Tilney,,broadcast
R/BW/1,1992,18-Sep-1991,,COMPCROP OILRADSH,seed broadcast,1,,seeding process,1.5,kg/ha,,,oil radish,Trick,,broadcast
R/BW/1,1992,18-Sep-1991,,,rotary harrowed,1,1,tillage process,,,,,,,,
R/BW/1,1992,18-Sep-1991,,,seed sown,1,,seeding process,140,kg/ha,,,winter barley,Magie,,
R/BW/1,1992,18-Sep-1991,,,rolled,1,1,tillage process,,,,,,,,
R/BW/1,1992,06-Mar-1992,,,34.5% N,1,,agronomic fertilization process,120,kg/ha,,,,,,
R/BW/1,1992,02-Apr-1992,,,34.5% N,1,,agronomic fertilization process,340,kg/ha,,,,,,
R/BW/1,1992,19-Apr-1992,,,Duplosan New System CMPP,1,,chemical pest control process,2.0,l/ha,200,l/ha,,,,
R/BW/1,1992,19-Apr-1992,,,Vindex,1,,chemical pest control process,1.4,l/ha,200,l/ha,,,,
R/BW/1,1992,03-May-1992,,,Calixin,1,,chemical pest control process,0.50,l/ha,260,l/ha,,,,
R/BW/1,1992,03-May-1992,,,Radar,1,,chemical pest control process,0.5,l/ha,260,l/ha,,,,
R/BW/1,1992,23-Jul-1992,,,combine harvested,1,,harvesting process,,,,,,,,combine harvester
R/BW/1,1992,,,,W. barley 1990 and 1991.,1,,previous cropping,,,,,,,,
R/BW/1,1992,,,,(1) Plant samples were taken in December for growth analysis.,1,,comment,,,,,,,,
R/BW/1,1992,,,,(2) Subsequently in December severe frosts killed all the companion crops. 112,1,,comment,,,,,,,,
R/BW/1,1993,29-Aug-1992,,,straw baled,1,,baling process,,,,,,,,
R/BW/1,1993,16-Sep-1992,,,Scythe,1,,chemical pest control process,2.0,l/ha,200,l/ha,,,,
R/BW/1,1993,16-Sep-1992,,,Farmon Blue,1,,chemical pest control process,0.20,l/ha,200,l/ha,,,,
R/BW/1,1993,21-Sep-1992,,,ploughed,1,,tillage process,,,,,,,,
R/BW/1,1993,21-Sep-1992,,,furrow pressed,1,1,tillage process,,,,,,,,
R/BW/1,1993,28-Sep-1992,,,rotary harrowed,1,1,tillage process,,,,,,,,
R/BW/1,1993,01-Oct-1992,,,seed drilled,1,,seeding process,350,seeds/m2,,,,Puffin, Cerevax,drilled
R/BW/1,1993,01-Oct-1992,,COMPCROP MUST 1.5,seed broadcast,1,,seeding process,1.5,kg/ha,,,white mustard,Tilney,,broadcast
R/BW/1,1993,01-Oct-1992,,COMPCROP MUST 3.0,seed broadcast,1,,seeding process,3.0,kg/ha,,,white mustard,Tilney,,broadcast
R/BW/1,1993,01-Oct-1992,,COMPCROP MUST 6.0,seed broadcast,1,,seeding process,6.0,kg/ha,,,white mustard,Tilney,,broadcast
R/BW/1,1993,01-Oct-1992,,COMPCROP RADISH,seed broadcast,1,,seeding process,3.0,kg/ha,,,oil radish,Trick,,broadcast
R/BW/1,1993,08-Mar-1993,,,34.5% N,1,,agronomic fertilization process,120,kg/ha,,,,,,
R/BW/1,1993,15-Apr-1993,,,Tigress,1,,chemical pest control process,2.5,l/ha,200,l/ha,,,,
R/BW/1,1993,21-Apr-1993,,,Ally,1,,chemical pest control process,30,kg/ha,200,l/ha,,,,
R/BW/1,1993,21-Apr-1993,,,Starane 2,1,,chemical pest control process,1.0,l/ha,200,l/ha,,,,
R/BW/1,1993,18-May-1993,,,Calirus,1,,chemical pest control process,2.0,l/ha,200,l/ha,,,,
R/BW/1,1993,18-May-1993,,,Corbel,1,,chemical pest control process,0.50,l/ha,200,l/ha,,,,
R/BW/1,1993,02-Aug-1993,,,combine harvested,1,,harvesting process,,,,,,,,combine harvester
R/BW/1,1993,,,,"potatoes 1991, w. wheat 1992.",1,,previous cropping,,,,,,,,
R/BW/1,1993,,,,"Plant samples were taken in December and April for dry weight, plant population and nitrogen uptake measurements, and in July to measure ear numbers, dry weights, nitrogen uptake and thousand grain weights. 116",1,,comment,,,,,,,,
R/BW/1,1994,10-Aug-1993,,CROP MC,shallow cultivated,1,2,tillage process,,,,,,,,Bomford Dynadrive
R/BW/1,1994,10-Aug-1993,,CROP MC,seed broadcast,1,,seeding process,20,kg/ha,,,white mustard,Thorney,,broadcast by hand
R/BW/1,1994,09-Sep-1993,,,ploughed,1,,tillage process,,,,,,,,
R/BW/1,1994,22-Sep-1993,,,rotary harrowed,1,1,tillage process,,,,,,,,
R/BW/1,1994,22-Sep-1993,,,seed drilled,1,,seeding process,350,seeds/m2,,,,Puffin, Cerevax extra,drilled
R/BW/1,1994,22-Sep-1993,,CROP M1,seed broadcast,1,,seeding process,1.5,kg/ha,,,white mustard,Thorney,,broadcast
R/BW/1,1994,22-Sep-1993,,CROP M2,seed broadcast,1,,seeding process,3.0,kg/ha,,,white mustard,Thorney,,broadcast
R/BW/1,1994,22-Sep-1993,,CROP M3,seed broadcast,1,,seeding process,6.0,kg/ha,,,white mustard,Thorney,,broadcast
R/BW/1,1994,22-Sep-1993,,CROP R1,seed broadcast,1,,seeding process,3.0,kg/ha,,,oil radish,Trick,,broadcast
R/BW/1,1994,28-Oct-1993,,,Draza,1,,chemical pest control process,5.5,kg/ha,,,,,,
R/BW/1,1994,08-Mar-1994,,,34.5% N,1,,agronomic fertilization process,87,kg/ha,,,,,,
R/BW/1,1994,14-Apr-1994,,,34.5% N,1,,agronomic fertilization process,435,kg/ha,,,,,,
R/BW/1,1994,09-May-1994,,,Starane 2,1,,chemical pest control process,0.75,l/ha,200,l/ha,,,,
R/BW/1,1994,09-May-1994,,,Tigress,1,,chemical pest control process,2.5,l/ha,200,l/ha,,,,
R/BW/1,1994,31-May-1994,,,Mistral,1,,chemical pest control process,0.5,l/ha,200,l/ha,,,,
R/BW/1,1994,31-May-1994,,,Radar,1,,chemical pest control process,0.5,l/ha,200,l/ha,,,,
R/BW/1,1994,26-Jul-1994,,,combine harvested,1,,harvesting process,,,,,,,,combine harvester
R/BW/1,1994,,,,W. barley 1992 and 1993.,1,,previous cropping,,,,,,,,
R/BW/1,1994,,,,"(1) Previous w. barley was combine harvested on 3 August, 1993 and the straw was removed on § August.",1,,comment,,,,,,,,
R/BW/1,1994,,,,"(2) Plant Cultivations, dry weights and nutrient uptakes of both the w. barley and the cover crops were started in January and April.",1,,comment,,,,,,,,
R/CS/380,1992,15-Aug-1991,,,straw baled,1,,baling process,,,,,,,,
R/CS/380,1992,21-Aug-1991,,,Dolomite,1,,liming process,5,t/ha,,,,,,
R/CS/380,1992,21-Aug-1991,,"LAND TRT FO RA SB, RYE SB, TUMBDN SB",shallow cultivated,1,2,tillage process,,,,,,,,Bomford Dynadrive
R/CS/380,1992,21-Aug-1991,,LAND TRT FO RA SB,seed broadcast,1,,seeding process,30,kg/ha,,,,Giant,,broadcast
R/CS/380,1992,21-Aug-1991,,LAND TRT RYE SB,seed broadcast,1,,seeding process,180,kg/ha,,,,Halo,,broadcast
R/CS/380,1992,21-Aug-1991,,LAND TRT TUMBDN SB,seed broadcast,1,,seeding process,50,kg/ha,,,spring barley,Alexis,,broadcast
R/CS/380,1992,21-Aug-1991,,"LAND TRT FO RA SB, RYE SB, TUMBDN SB",harrowed,1,1,tillage process,,,,,,,,
R/CS/380,1992,21-Aug-1991,,"LAND TRT FO RA SB, RYE SB, TUMBDN SB",rolled,1,1,tillage process,,,,,,,,
R/CS/380,1992,12-Sep-1991,,LAND TRT FO RA SB,Fusilade 5,1,,chemical pest control process,1.0,l/ha,220,l/ha,,,,
R/CS/380,1992,12-Sep-1991,,LAND TRT FO RA SB,Vassgro Spreader,1,,chemical pest control process,0.22,l/ha,220,l/ha,,,,
R/CS/380,1992,13-Sep-1991,,EXTRA W BARLEY,ploughed,1,,tillage process,,,,,,,,
R/CS/380,1992,13-Sep-1991,,EXTRA W BARLEY,rotary harrowed,1,2,tillage process,,,,,,,,
R/CS/380,1992,13-Sep-1991,,EXTRA W BARLEY,rotary harrowed,1,1,tillage process,,,,,,,,
R/CS/380,1992,13-Sep-1991,,EXTRA W BARLEY,seed sown,1,,seeding process,144,kg/ha,,,winter barley,Magie,,
R/CS/380,1992,13-Sep-1991,,EXTRA W BARLEY,rolled,1,1,tillage process,,,,,,,,
R/CS/380,1992,19-Sep-1991,,LAND TRT FALLOWSB,ploughed,1,,tillage process,,,,,,,,
R/CS/380,1992,19-Sep-1991,,LAND TRT FALLOWSB,heavy springtine cultivated,1,1,tillage process,,,,,,,,
R/CS/380,1992,25-Sep-1991,,LAND TRT FALLOWSB,rolled,1,1,tillage process,,,,,,,,
R/CS/380,1992,14-Nov-1991,,LAND TRT FO RA SB,Pilot,1,,chemical pest control process,0.075,l/ha,220,l/ha,,,,
R/CS/380,1992,14-Nov-1991,,LAND TRT FO RA SB,Actipron,1,,chemical pest control process,2.0,l/ha,220,l/ha,,,,
R/CS/380,1992,03-Dec-1991,,LAND TRT FALLOWSB,Gramoxone 100,1,,chemical pest control process,3.0,l/ha,220,l/ha,,,,
R/CS/380,1992,03-Dec-1991,,EXTRA W BARLEY,Stefes IPU,1,,chemical pest control process,2.5,l/ha,220,l/ha,,,,
R/CS/380,1992,03-Dec-1991,,EXTRA W BARLEY,Stomp 400,1,,chemical pest control process,3.3,l/ha,220,l/ha,,,,
R/CS/380,1992,03-Mar-1992,,"LAND TRT FO RA SB, RYE SB, TUMDN SB, FALLOWSB",ploughed,1,,tillage process,,,,,,,,
R/CS/380,1992,06-Mar-1992,,"LAND TRT FO RA SB, RYE SB, TUMDN SB, FALLOWSB",rotary harrowed,1,1,tillage process,,,,,,,,
R/CS/380,1992,06-Mar-1992,,"LAND TRT FO RA SB, RYE SB, TUMDN SB, FALLOWSB",seed drilled,1,,seeding process,146,kg/ha,,,,Alexis, Baytan,drilled
R/CS/380,1992,09-Mar-1992,,,rolled,1,1,tillage process,,,,,,,,
R/CS/380,1992,24-Apr-1992,,N 75,27% N,1,,agronomic fertilization process,278,kg/ha,,,,,,
R/CS/380,1992,24-Apr-1992,,N EXTRA 150,27% N,1,,agronomic fertilization process,556,kg/ha,,,,,,
R/CS/380,1992,22-May-1992,,"LAND TRT FO RA SB, RYE SB, TUMDN SB, FALLOWSB",Duplosan New System CMPP,1,,chemical pest control process,2.0,l/ha,220,l/ha,,,,
R/CS/380,1992,22-May-1992,,"LAND TRT FO RA SB, RYE SB, TUMDN SB, FALLOWSB",Vindex,1,,chemical pest control process,1.0,l/ha,220,l/ha,,,,
R/CS/380,1992,22-May-1992,,"LAND TRT FO RA SB, RYE SB, TUMDN SB, FALLOWSB",Calixin,1,,chemical pest control process,0.70,l/ha,220,l/ha,,,,
R/CS/380,1992,30-Jul-1992,,,harvested,1,,harvesting process,,,,,,,,by hand
R/CS/380,1992,,,,"W. barley 1990, s. barley 1991.",1,,previous cropping,,,,,,,,
R/CS/380,1992,,,,"Main plots were labelled with 15N in autumn 1991. Recovery of 1SN by each level of LAND TRT, extra W barley and the subsequent s. barley was measured. 93",1,,comment,,,,,,,,
R/CS/380,1993,18-Aug-1992,,,straw baled,1,,baling process,,,,,,,,
R/CS/380,1993,16-Sep-1992,,,ploughed,1,,tillage process,,,,,,,,
R/CS/380,1993,16-Sep-1992,,,furrow pressed,1,1,tillage process,,,,,,,,
R/CS/380,1993,16-Sep-1992,,,Scythe,1,,chemical pest control process,2.0,l/ha,200,l/ha,,,,
R/CS/380,1993,16-Sep-1992,,,Farmon Blue,1,,chemical pest control process,0.20,l/ha,200,l/ha,,,,
R/CS/380,1993,17-Sep-1992,,,rotary harrowed,1,1,tillage process,,,,,,,,
R/CS/380,1993,17-Sep-1992,,,seed drilled,1,,seeding process,380,seeds/m2,,,,Puffin, Cerevax,drilled
R/CS/380,1993,15-Apr-1993,,,34.5% N,1,,agronomic fertilization process,370,kg/ha,,,,,,
R/CS/380,1993,10-May-1993,,,Ally,1,,chemical pest control process,30,kg/ha,200,l/ha,,,,
R/CS/380,1993,10-May-1993,,,Starane 2,1,,chemical pest control process,1.0,l/ha,200,l/ha,,,,
R/CS/380,1993,20-Jul-1993,,,harvested,1,,harvesting process,,,,,,,,by hand
R/CS/380,1993,,,,"(1) Plots were labelled with 15N in autumn 1991. Samples of soil, soil Winter and w. barley were taken to measure residual 15N. ’",1,,comment,,,,,,,,
R/CS/380,1993,,,,(2) Yields were taken on N RES[92] (75) and M extra] (150) plots only.,1,,comment,,,,,,,,
R/CS/399,1993,20-Aug-1992,,"LAND TRT FO RA SB, RYE SB, TUMBDN SB",shallow cultivated,1,1,tillage process,,,,,,,,Bomford Dynadrive
R/CS/399,1993,21-Aug-1992,,LAND TRT FO RA SB,seed broadcast,1,,seeding process,30,kg/ha,,,forage rape,,,broadcast
R/CS/399,1993,21-Aug-1992,,LAND TRT RYE SB,seed broadcast,1,,seeding process,180,kg/ha,,,,Amando,,broadcast
R/CS/399,1993,21-Aug-1992,,LAND TRT TUMBDN SB,seed broadcast,1,,seeding process,50,kg/ha,,,spring barley,Alexis,,broadcast
R/CS/399,1993,21-Aug-1992,,"LAND TRT FO RA SB, RYE SB, TUMBDN SB",rolled,1,1,tillage process,,,,,,,,
R/CS/399,1993,10-Sep-1992,,LAND TRT FALLOWSB,ploughed,1,,tillage process,,,,,,,,
R/CS/399,1993,10-Sep-1992,,EXTRA W BARLEY,ploughed,1,,tillage process,,,,,,,,
R/CS/399,1993,11-Sep-1992,,EXTRA W BARLEY,disced,1,,tillage process,,,,,,,,
R/CS/399,1993,11-Sep-1992,,"LAND TRT FO RA SB, RYE SB, TUMDN SB, FALLOWSB",rotary harrowed,1,2,tillage process,,,,,,,,
R/CS/399,1993,11-Sep-1992,,"LAND TRT FO RA SB, RYE SB, TUMDN SB, FALLOWSB",seed drilled,1,,seeding process,380,seeds/m2,,,,Puffin, Cerevax,drilled
R/CS/399,1993,16-Sep-1992,,LAND TRT FALLOWSB,rolled,1,1,tillage process,,,,,,,,
R/CS/399,1993,16-Sep-1992,,EXTRA W BARLEY,rolled,1,1,tillage process,,,,,,,,
R/CS/399,1993,19-Oct-1992,,LAND TRT FO RA SB,Pilot,1,,chemical pest control process,75,ml/ha,200,l/ha,,,,
R/CS/399,1993,19-Oct-1992,,LAND TRT FO RA SB,Cropspray 11E,1,,chemical pest control process,2.0,l/ha,200,l/ha,,,,
R/CS/399,1993,05-Mar-1993,,"LAND TRT FALLOWSB, FO RA SB, RYE SB, TUMBDN SB",ploughed,1,,tillage process,,,,,,,,
R/CS/399,1993,08-Mar-1993,,"LAND TRT FALLOWSB, FO RA SB, RYE SB, TUMBDN SB",rotary harrowed,1,2,tillage process,,,,,,,,
R/CS/399,1993,08-Mar-1993,,"LAND TRT FALLOWSB, FO RA SB, RYE SB, TUMBDN SB",seed drilled,1,,seeding process,350,seeds/m2,,,,Alexis, Cerevax extra,drilled
R/CS/399,1993,l4-Apr-1993,,N EXTRA 150,27% N,1,,agronomic fertilization process,556,kg/ha,,,,,,
R/CS/399,1993,06-May-1993,,N 75,27% N,1,,agronomic fertilization process,278,kg/ha,,,,,,
R/CS/399,1993,10-May-1993,,,Ally,1,,chemical pest control process,30,kg/ha,200,l/ha,,,,
R/CS/399,1993,10-May-1993,,,Starane 2,1,,chemical pest control process,1.0,l/ha,200,l/ha,,,,
R/CS/399,1993,13-Aug-1993,,,combine harvested,1,,harvesting process,,,,,,,,combine harvester
R/CS/399,1993,,,,S. barley 1991 and 1992.,1,,previous cropping,,,,,,,,
R/CS/399,1993,,,,"Plots were labelled with 15N in autumn. Crop, soil and soil Winter samples were taken for N analysis at various times dressing the season. 103",1,,comment,,,,,,,,
R/CS/399,1994,13-Sep-1993,,,ploughed,1,,tillage process,,,,,,,,
R/CS/399,1994,08-Oct-1993,,,rotary harrowed,1,1,tillage process,,,,,,,,
R/CS/399,1994,08-Oct-1993,,,seed drilled,1,,seeding process,350,seeds/m2,,,,Puffin, Cerevax extra,drilled
R/CS/399,1994,12-Nov-1993,,,Optimol,1,,chemical pest control process,15,kg/ha,,,,,,
R/CS/399,1994,19-Apr-1994,,,34.5% N,1,,agronomic fertilization process,346,kg/ha,,,,,,
R/CS/399,1994,19-Apr-1994,,,Briotril Plus 19/19,1,,chemical pest control process,2.0,l/ha,200,l/ha,,,,
R/CS/399,1994,19-Apr-1994,,,Hytane 500 SC,1,,chemical pest control process,2.0,l/ha,200,l/ha,,,,
R/CS/399,1994,06-May-1994,,,Radar,1,,chemical pest control process,0.5,l/ha,200,l/ha,,,,
R/CS/399,1994,06-May-1994,,,Standon Tridemorph 750,1,,chemical pest control process,0.5,l/ha,200,l/ha,,,,
R/CS/399,1994,31-May-1994,,,Mistral,1,,chemical pest control process,0.5,l/ha,200,l/ha,,,,
R/CS/399,1994,31-May-1994,,,Radar,1,,chemical pest control process,0.5,l/ha,200,l/ha,,,,
R/CS/399,1994,25-Jul-1994,,,combine harvested,1,,harvesting process,,,,,,,,combine harvester
R/CS/399,1994,,,,Soil Winter samples were taken for N analysis dressing the Winter. Soil and crop samples were taken for N analysis dressing the summer.,1,,comment,,,,,,,,
R/CS/420,1995,24-May-1994,,SETDESTR (HP),glyphosate,1,,chemical pest control process,4.0,l/ha,200,l/ha,,,,
R/CS/420,1995,27-May-1994,,"SETDESTR (PG), (PC), (MP), (-P)",topped,1,,mowing process,,,,,,,,
R/CS/420,1995,03-Jun-1994,,SETDESTR (MP),heavy springtine cultivated to 10 cm.,1,1,tillage process,,,,,,,,
R/CS/420,1995,03-Jun-1994,,"SETDESTR (PG), (PC)",ploughed,1,,tillage process,,,,,,,,
R/CS/420,1995,05-Jul-1994,,"SETDESTR (MP), (-P)",topped,1,,mowing process,,,,,,,,
R/CS/420,1995,06-Jul-1994,,SETDESTR (PC),heavy springtine cultivated,1,1,tillage process,,,,,,,,
R/CS/420,1995,19-Jul-1994,,,PK as (0:20:32),1,,agronomic fertilization process,1406,kg/ha,,,,,,
R/CS/420,1995,22-Jul-1994,,SETDESTR (-P),topped,1,,mowing process,,,,,,,,
R/CS/420,1995,01-Aug-1994,,SETDESTR (PC),heavy springtine cultivated,1,1,tillage process,,,,,,,,
R/CS/420,1995,01-Aug-1994,,"SETDESTR (MP), (HP), (-P)",topped,1,,mowing process,,,,,,,,
R/CS/420,1995,12-Aug-1994,,"SETDESTR (MP), (HP), (-P)",ploughed,1,,tillage process,,,,,,,,
R/CS/420,1995,26-Aug-1994,,CROP R,cultivated by rotary grubber (one block only).,1,1,tillage process,,,,,,,,
R/CS/420,1995,26-Aug-1994,,CROP R,springtine cultivated,1,1,tillage process,,,,,,,,
R/CS/420,1995,26-Aug-1994,,CROP KR,rotary harrowed,1,1,tillage process,,,,,,,,
R/CS/420,1995,26-Aug-1994,,CROP KR,seed drilled,1,,seeding process,120,seeds/m2,,,,Apex, Lindex-Plus FS,drilled
R/CS/420,1995,27-Sep-1994,,"SETDESTR (PG), CROP W",spring CT,1,,chemical pest control process,2.0,l/ha,200,l/ha,,,,
R/CS/420,1995,28-Sep-1994,,CROP W,springtine cultivated,1,1,tillage process,,,,,,,,
R/CS/420,1995,28-Sep-1994,,CROP W,rotary harrowed,1,1,tillage process,,,,,,,,
R/CS/420,1995,28-Sep-1994,,CROP W,seed drilled,1,,seeding process,380,seeds/m2,,,,Genesis, Rappor,drilled
R/CS/420,1995,29-Sep-1994,,,Draza,1,,chemical pest control process,5.5,kg/ha,,,,,,
R/CS/420,1995,02-Nov-1994,,CROP R,Butisan S,1,,chemical pest control process,2.5,l/ha,260,l/ha,,,,
R/CS/420,1995,02-Nov-1994,,CROP R,Laser,1,,chemical pest control process,1.0,l/ha,260,l/ha,,,,
R/CS/420,1995,02-Nov-1994,,CROP R,Atlas Adjuvant Oil,1,,chemical pest control process,2.4,l/ha,260,l/ha,,,,
R/CS/420,1995,21-Nov-1994,,CROP W,Auger,1,,chemical pest control process,2.5,l/ha,200,l/ha,,,,
R/CS/420,1995,21-Nov-1994,,CROP W,Stomp 400,1,,chemical pest control process,2.5,l/ha,200,l/ha,,,,
R/CS/420,1995,21-Nov-1994,,CROP W,Decis,1,,chemical pest control process,200,ml/ha,200,l/ha,,,,
R/CS/420,1995,07-Feb-1995,,CROP W,Birlane 24,1,,chemical pest control process,2.8,l/ha,200,l/ha,,,,
R/CS/420,1995,23-Feb-1995,,"CROP R, NITROGEN N",34.5% N,1,,agronomic fertilization process,174,kg/ha,,,,,,
R/CS/420,1995,13-Mar-1995,,"CROP W, NITROGEN N",34.5% N,1,,agronomic fertilization process,118,kg/ha,,,,,,
R/CS/420,1995,30-Mar-1995,,"CROP R, NITROGEN N",34.5% N,1,,agronomic fertilization process,290,kg/ha,,,,,,
R/CS/420,1995,11-Apr-1995,,CROP R,Barclay Eyetak,1,,chemical pest control process,1.1,l/ha,200,l/ha,,,,
R/CS/420,1995,12-Apr-1995,,"CROP W, NITROGEN N",34.5% N,1,,agronomic fertilization process,348,kg/ha,,,,,,
R/CS/420,1995,03-May-1995,,CROP W,Starane 2,1,,chemical pest control process,0.75,l/ha,200,l/ha,,,,
R/CS/420,1995,03-May-1995,,CROP W,Halo,1,,chemical pest control process,2.0,l/ha,200,l/ha,,,,
R/CS/420,1995,20-Jun-1995,,CROP W,Silvacur,1,,chemical pest control process,1.0,l/ha,200,l/ha,,,,
R/CS/420,1995,12-Jul-1995,,CROP R,Reglone,1,,chemical pest control process,3.0,l/ha,400,l/ha,,,,
R/CS/420,1995,12-Jul-1995,,CROP R,Vassgro Spreader,1,,chemical pest control process,400,ml/ha,400,l/ha,,,,
R/CS/420,1995,18-Jul-1995,,CROP R,combine harvested,1,,harvesting process,,,,,,,,combine harvester
R/CS/420,1995,02-Aug-1995,,CROP W,combine harvested,1,,harvesting process,,,,,,,,combine harvester
R/CS/420,1995,,,,(1) Treatment SETDESTR (PG) - glyphosate pre-drilling' was not applied to the plots going into rape. ,1,,comment,,,,,,,,
R/CS/420,1995,,,,(2) Straw was cropped in August 1993 at the started of the set-aside ear. ,1,,comment,,,,,,,,
R/CS/420,1995,,,,(3) Soil and plant samples were taken in November and March for nitrogen content. Weed counts were made in November and March. Samples to assess root and stem base diseases in wheat were taken in April and June. Grain quality was assessed. ,1,,comment,,,,,,,,
R/CS/420,1996,13-Sep-1995,,,ploughed,1,,tillage process,,,,,,,,
R/CS/420,1996,13-Sep-1995,,,furrow pressed,1,1,tillage process,,,,,,,,
R/CS/420,1996,30-Sep-1995,,,rotary harrowed,1,1,tillage process,,,,,,,,
R/CS/420,1996,30-Sep-1995,,,seed drilled,1,,seeding process,380,seeds/m2,,,,Genesis, Sibutol,drilled
R/CS/420,1996,11-Mar-1996,,,34.5% N,1,,agronomic fertilization process,116,kg/ha,,,,,,
R/CS/420,1996,11-Apr-1996,,,34.5% N,1,,agronomic fertilization process,463,kg/ha,,,,,,
R/CS/420,1996,30-Apr-1996,,,Starane 2,1,,chemical pest control process,1.0,l/ha,200,l/ha,,,,
R/CS/420,1996,30-Apr-1996,,,barley Holdup,1,,chemical pest control process,2.3,l/ha,200,l/ha,,,,
R/CS/420,1996,13-Jun-1996,,,Alto 100 SL,1,,chemical pest control process,0.6,l/ha,300,l/ha,,,,
R/CS/420,1996,13-Jun-1996,,,Mallard 750 EC,1,,chemical pest control process,0.4,l/ha,300,l/ha,,,,
R/CS/420,1996,09-Jul-1996,,,Wild oats pulled by hand,1,,pest control process,,,,,,,,
R/CS/420,1996,06-Aug-1996,,,combine harvested,1,,harvesting process,,,,,,,,combine harvester
R/CS/420,1996,,,,Samples were taken in July to assess root and stem base diseases.,1,,comment,,,,,,,,
R/CS/437,1996,15-May-1995,,"SETDESTR (MP), (-P)",topped,1,,mowing process,,,,,,,,
R/CS/437,1996,16-May-1995,,"SETDESTR (PG), (PC), (HP)",Roundup Biactive,1,,chemical pest control process,4.0,l/ha,200,l/ha,,,,
R/CS/437,1996,25-May-1995,,"SETDESTR (PG), (PC)",ploughed,1,,tillage process,,,,,,,,
R/CS/437,1996,26-May-1995,,BETDESTR (MP),heavy springtine cultivated to 10 cm.,1,1,tillage process,,,,,,,,
R/CS/437,1996,03-Jul-1995,,SETDESTR (PC),heavy springtine cultivated to 10 cm.,1,1,tillage process,,,,,,,,
R/CS/437,1996,03-Jul-1995,,SETDESTR (MP),topped,1,,mowing process,,,,,,,,
R/CS/437,1996,03-Jul-1995,,SETDESTR (MP),heavy springtine cultivated,1,2,tillage process,,,,,,,,
R/CS/437,1996,31-Jul-1995,,"SETDESTR (MP), (HP), (-P)",Roundup Biactive,1,,chemical pest control process,4.0,l/ha,200,l/ha,,,,
R/CS/437,1996,16-Aug-1995,,,PK as (0:20:32),1,,agronomic fertilization process,1407,kg/ha,,,,,,
R/CS/437,1996,22-Aug-1995,,"SETDESTR (MP), (HP), (-P)",ploughed,1,,tillage process,,,,,,,,
R/CS/437,1996,06-Sep-1995,,CROP R,rotary harrowed,1,1,tillage process,,,,,,,,
R/CS/437,1996,06-Sep-1995,,CROP R,seed drilled,1,,seeding process,120,seeds/m2,,,,Apex, Lindex-Plus FS,drilled
R/CS/437,1996,26-Sep-1995,,CROP W,rotary harrowed,1,1,tillage process,,,,,,,,
R/CS/437,1996,26-Sep-1995,,CROP W,seed drilled,1,,seeding process,380,seeds/m2,,,,Genesis, Sibutol,drilled
R/CS/437,1996,27-Sep-1995,,,Draza,1,,chemical pest control process,5.5,kg/ha,,,,,,
R/CS/437,1996,05-Oct-1995,,CROP R,Butisan S,1,,chemical pest control process,1.5,l/ha,200,l/ha,,,,
R/CS/437,1996,05-Oct-1995,,CROP R,Cyperkill 10,1,,chemical pest control process,250,ml/ha,200,l/ha,,,,
R/CS/437,1996,05-Oct-1995,,CROP R,Agral,1,,chemical pest control process,200,ml/ha,200,l/ha,,,,
R/CS/437,1996,20-Nov-1995,,CROP W,Panther,1,,chemical pest control process,2.0,l/ha,200,l/ha,,,,
R/CS/437,1996,02-Feb-1996,,CROP R,Benazalox,1,,chemical pest control process,2.3,kg/ha,200,l/ha,,,,
R/CS/437,1996,02-Feb-1996,,CROP W,Birlane 24,1,,chemical pest control process,2.8,l/ha,200,l/ha,,,,
R/CS/437,1996,28-Feb-1996,,"CROP R, NITROGEN N",34.5% N,1,,agronomic fertilization process,174,kg/ha,,,,,,
R/CS/437,1996,08-Mar-1996,,"CROP W, NITROGEN N",34.5% N,1,,agronomic fertilization process,116,kg/ha,,,,,,
R/CS/437,1996,09-Apr-1996,,"CROP R, NITROGEN N",34.5% N,1,,agronomic fertilization process,290,kg/ha,,,,,,
R/CS/437,1996,11-Apr-1996,,"CROP W, NITROGEN N",34.5% N,1,,agronomic fertilization process,348,kg/ha,,,,,,
R/CS/437,1996,11-Apr-1996,,CROP R,Folicur,1,,chemical pest control process,0.5,l/ha,300,l/ha,,,,
R/CS/437,1996,25-Apr-1996,,CROP R,Decis,1,,chemical pest control process,0.5,l/ha,200,l/ha,,,,
R/CS/437,1996,30-Apr-1996,,CROP W,Starane 2,1,,chemical pest control process,1.0,l/ha,200,l/ha,,,,
R/CS/437,1996,30-Apr-1996,,CROP W,barley Holdup,1,,chemical pest control process,2.3,l/ha,200,l/ha,,,,
R/CS/437,1996,13-Jun-1996,,CROP W,Alto 100 SL,1,,chemical pest control process,0.6,l/ha,300,l/ha,,,,
R/CS/437,1996,13-Jun-1996,,CROP W,Mallard 750 EC,1,,chemical pest control process,0.4,l/ha,300,l/ha,,,,
R/CS/437,1996,19-Jul-1996,,CROP R,Standon Diquat,1,,chemical pest control process,3.0,l/ha,390,l/ha,,,,
R/CS/437,1996,19-Jul-1996,,CROP R,Vassgro Spreader,1,,chemical pest control process,390,ml/ha,390,l/ha,,,,
R/CS/437,1996,31-Jul-1996,,CROP R,combine harvested,1,,harvesting process,,,,,,,,combine harvester
R/CS/437,1996,06-Aug-1996,,CROP W,combine harvested,1,,harvesting process,,,,,,,,combine harvester
R/CS/437,1996,,,,Soil and plant samples were taken in November and March for nitrogen content. Weed counts were made in November and March. Wheat was sampled in April and July to assess root and stem base diseases. grain quality was assessed at harvest. 93,1,,comment,,,,,,,,
R/CS/437,1997,23-Aug-1996,,,ploughed,1,,tillage process,,,,,,,,
R/CS/437,1997,23-Aug-1996,,,furrow pressed,1,1,tillage process,,,,,,,,
R/CS/437,1997,10-Oct-1996,,,Roundup,1,,chemical pest control process,4.0,l/ha,200,l/ha,,,,
R/CS/437,1997,16-Oct-1996,,,springtine cultivated,1,1,tillage process,,,,,,,,
R/CS/437,1997,16-Oct-1996,,,rotary harrowed,1,1,tillage process,,,,,,,,
R/CS/437,1997,16-Oct-1996,,,seed drilled,1,,seeding process,380,seeds/m2,,,,Genesis, Sibutol,drilled
R/CS/437,1997,16-Oct-1996,,,rolled,1,1,tillage process,,,,,,,,
R/CS/437,1997,27-Jan-1997,,,Panther,1,,chemical pest control process,2.0,l/ha,200,l/ha,,,,
R/CS/437,1997,10-Mar-1997,,,34.5% N,1,,agronomic fertilization process,118,kg/ha,,,,,,
R/CS/437,1997,01-Apr-1997,,,34.5% N,1,,agronomic fertilization process,320,kg/ha,,,,,,
R/CS/437,1997,26-May-1997,,,Folicur,1,,chemical pest control process,0.5,l/ha,300,l/ha,,,,
R/CS/437,1997,26-May-1997,,,Winter,1,,chemical pest control process,0.5,l/ha,300,l/ha,,,,
R/CS/437,1997,11-Aug-1997,,,combine harvested,1,,harvesting process,,,,,,,,combine harvester
W/CS/381,1992,19-Aug-1991,,"LANDTRT FO RA LN, RYE LN AND TUMBDN LN AND EXTRA",disced harrowed to 5 cm depth,1,1,tillage process,,,,,,,,
W/CS/381,1992,19-Aug-1991,,LANDTRT FO RA LN AND EXTRA EX PR LN,seed sown,1,,seeding process,30,kg/ha,,,,Ember,,
W/CS/381,1992,19-Aug-1991,,LANDTRT AUTUMN LN AND EXTRA EX TD LN,seed sown,1,,seeding process,50,kg/ha,,,winter barley,Magie,,
W/CS/381,1992,19-Aug-1991,,LANDTRT RED LN AND EXTRA EX RY LN,Amando ,1,,chemical pest control process,180,kg/ha,,,,,,
W/CS/381,1992,20-Aug-1991,,"LANDTRT FO RA LN, RED LN, AUTUMN LN AND EXTRA",harrowed,1,1,tillage process,,,,,,,,
W/CS/381,1992,20-Aug-1991,,"LANDTRT FO RA LN, RED LN, AUTUMN LN AND EXTRA",rolled,1,1,tillage process,,,,,,,,
W/CS/381,1992,12-Sep-1991,,LANDTRT FO RA LN AND FALLOW LN AND EXTRA EX FR LN,Pilot,1,,chemical pest control process,0.15,l/ha,200,l/ha,,,,
W/CS/381,1992,08-Oct-1991,,LANDTRT FALLOW LN,ploughed,1,,tillage process,,,,,,,,
W/CS/381,1992,01-Apr-1992,,EXTRA,Gramoxone 100,1,,chemical pest control process,4.0,l/ha,200,l/ha,,,,
W/CS/381,1992,13-Apr-1992,,EXTRA,seed drilled,1,,seeding process,52,kg/ha,,,,Antares, Prelude 20LF,drilled
W/CS/381,1992,13-Apr-1992,,"LANDTRT FO RA LN, RED LN, TUMBDN LN, STUBL LN",ploughed,1,,tillage process,,,,,,,,
W/CS/381,1992,14-Apr-1992,,LANDTRT,rotary cultivated with crumbler attached,1,1,tillage process,,,,,,,,
W/CS/381,1992,14-Apr-1992,,LANDTRT,seed drilled,1,,seeding process,52,kg/ha,,,,Antares, Prelude 20LF,drilled
W/CS/381,1992,22-Apr-1992,,,harrowed lightly,1,1,tillage process,,,,,,,,
W/CS/381,1992,18-May-1992,,N 75,27% N,1,,agronomic fertilization process,75,kgN/ha,,,,,,
W/CS/381,1992,08-Jun-1992,,,Ally,1,,chemical pest control process,0.03,kg/ha,200,l/ha,,,,
W/CS/381,1992,29-Aug-1992,,,Reglone,1,,chemical pest control process,3.0,l/ha,300,l/ha,,,,
W/CS/381,1992,29-Aug-1992,,,Vassgro Spreader,1,,chemical pest control process,0.30,l/ha,300,l/ha,,,,
W/CS/381,1992,29-Sep-1992,,,combine harvested,1,,harvesting process,,,,,,,,combine harvester
W/CS/381,1992,,,,"1990 s. barley, 1991 w. barley.",1,,previous cropping,,,,,,,,
W/CS/381,1992,,,,Plant samples of cover crops were taken for growth analysis in autumn and spring. seed was sampled for growth analysis and disease incidence. 96,1,,comment,,,,,,,,
W/CS/381,1993,06-Oct-1992,,,ploughed,1,,tillage process,,,,,,,,
W/CS/381,1993,12-Oct-1992,,,rotary harrowed,1,1,tillage process,,,,,,,,
W/CS/381,1993,12-Oct-1992,,,seed drilled,1,,seeding process,380,seeds/m2,,,,Puffin, Cerevax extra,drilled
W/CS/381,1993,15-Mar-1993,,,34.5% N,1,,agronomic fertilization process,120,kg/ha,,,,,,
W/CS/381,1993,15-Apr-1993,,,Ally,1,,chemical pest control process,30,kg/ha,200,l/ha,,,,
W/CS/381,1993,15-Apr-1993,,,Deloxil,1,,chemical pest control process,1.0,l/ha,200,l/ha,,,,
W/CS/381,1993,30-Apr-1993,,,34.5% N,1,,agronomic fertilization process,350,kg/ha,,,,,,
W/CS/381,1993,01-Jun-1993,,,Mistral,1,,chemical pest control process,0.5,l/ha,200,l/ha,,,,
W/CS/381,1993,01-Jun-1993,,,Bayleton,1,,chemical pest control process,0.5,kg/ha,200,l/ha,,,,
W/CS/381,1993,03-Aug-1993,,,combine harvested,1,,harvesting process,,,,,,,,combine harvester
W/CS/381,1993,,,,"Crop samples were taken at harvest to determine ear numbers, thousand grain weights and nitrogen content.",1,,comment,,,,,,,,
W/CS/386,1993,19-Aug-1992,,"LANDTRT FO RA SB, PHACL SB, RYGRS SB, RED SB, RY+MU SB, AUTUMN SB",cultivated to 5 cm,1,2,tillage process,,,,,,,,Bomford Dynadrive
W/CS/386,1993,19-Aug-1992,,LAND TRT FO RA SB,seed broadcast,1,,seeding process,30,kg/ha,,,,Ember,,broadcast
W/CS/386,1993,19-Aug-1992,,LANDTRT RYGRS SB,seed broadcast,1,,seeding process,25,kg/ha,,,perennial grass,,,broadcast
W/CS/386,1993,19-Aug-1992,,LANDTRT PHACL SB,seed broadcast,1,,seeding process,30,kg/ha,,,phacelia,,,broadcast
W/CS/386,1993,19-Aug-1992,,LANDTRT RY+MU SB,seed broadcast with mustard,1,,seeding process,90,kg/ha,,,rye,,,broadcast
W/CS/386,1993,19-Aug-1992,,LANDTRT RY+MU SB,seed broadcast with rye,1,,seeding process,15,kg/ha,,,white mustard,,,broadcast
W/CS/386,1993,19-Aug-1992,,LAND TRT RYE SB,seed broadcast,1,,seeding process,180,kg/ha,,,,Amando,,broadcast
W/CS/386,1993,19-Aug-1992,,LAND TRT TUMBDN SB,seed broadcast,1,,seeding process,50,kg/ha,,,,Beaver,,broadcast
W/CS/386,1993,19-Aug-1992,,LANDTRT MUSTD SB,seed broadcast,1,,seeding process,30,kg/ha,,,winter mustard,,,broadcast
W/CS/386,1993,14-Sep-1992,,LANDTRT FALLOW,ploughed,1,,tillage process,,,,,,,,
W/CS/386,1993,14-Sep-1992,,EXTRA W BARLEY,ploughed,1,,tillage process,,,,,,,,
W/CS/386,1993,14-Sep-1992,,LANDTRT FALLOW,rotary harrowed,1,1,tillage process,,,,,,,,
W/CS/386,1993,16-Sep-1992,,EXTRA W BARLEY,rotary harrowed,1,1,tillage process,,,,,,,,
W/CS/386,1993,16-Sep-1992,,EXTRA W BARLEY,seed drilled,1,,seeding process,340,seeds/m2,,,,Puffin, Cerevax extra,drilled
W/CS/386,1993,10-Mar-1993,,LANDTRT,ploughed,1,,tillage process,,,,,,,,
W/CS/386,1993,10-Mar-1993,,LANDTRT,rolled,1,1,tillage process,,,,,,,,
W/CS/386,1993,12-Mar-1993,,LANDTRT,all plots rotary harrowed,1,1,tillage process,,,,,,,,
W/CS/386,1993,12-Mar-1993,,LANDTRT,seed drilled,1,,seeding process,350,seeds/m2,,,,Alexis, Cerevax extra,drilled
W/CS/386,1993,06-Apr-1993,,N EXTRA 150,27.5% N,1,,agronomic fertilization process,545,kg/ha,,,,,,
W/CS/386,1993,08-Apr-1993,,N 75,27.5% N,1,,agronomic fertilization process,273,kg/ha,,,,,,
W/CS/386,1993,22-Jun-1993,,LANDTRT,all plots sprayed Dorin,1,,chemical pest control process,1.0,l/ha,200,l/ha,,,,
W/CS/386,1993,16-Aug-1993,,,combine harvested,1,,harvesting process,,,,,,,,combine harvester
W/CS/386,1993,,,,The tumbledown fallow was given 50kg of seed from the previous w. wheat crop to ensure volunteers.,1,,comment,,,,,,,,
W/CS/386,1993,,,,"grass 1991, w. wheat 1992.",1,,previous cropping,,,,,,,,
W/CS/386,1993,,,,"In November and March crop samples were taken to measure plant Cultivations, dry weights and nitrogen content. At harvest ear numbers and thousand grain weights were assessed.",1,,comment,,,,,,,,
W/CS/386,1993,,,,"In autumn, Winter and spring soil and soil Winter samples were taken for N analysis.",1,,comment,,,,,,,,
W/CS/386,1993,,,,EXTRA W barley plots were not harvested. 100,1,,comment,,,,,,,,
W/CS/386,1994,24-Aug-1993,,,deep tine cultivated.,1,1,tillage process,,,,,,,,
W/CS/386,1994,11-Sep-1993,,,Dolomite,1,,liming process,7.5,t/ha,,,,,,
W/CS/386,1994,15-Sep-1993,,,ploughed,1,,tillage process,,,,,,,,
W/CS/386,1994,16-Oct-1993,,,rotary harrowed,1,1,tillage process,,,,,,,,
W/CS/386,1994,16-Oct-1993,,,seed drilled,1,,seeding process,350,seeds/m2,,,,Puffin, Panoctine Plus,drilled
W/CS/386,1994,14-Apr-1994,,,34.5% N,1,,agronomic fertilization process,464,kg/ha,,,,,,
W/CS/386,1994,01-May-1994,,,Oxytril CM,1,,chemical pest control process,1.5,l/ha,200,l/ha,,,,
W/CS/386,1994,01-May-1994,,,Duplosan New System CMPP,1,,chemical pest control process,2.0,l/ha,200,l/ha,,,,
W/CS/386,1994,01-May-1994,,,Punch C,1,,chemical pest control process,0.5,l/ha,200,l/ha,,,,
W/CS/386,1994,29-May-1994,,,Radar,1,,chemical pest control process,0.5,l/ha,200,l/ha,,,,
W/CS/386,1994,29-May-1994,,,Mistral,1,,chemical pest control process,0.5,l/ha,200,l/ha,,,,
W/CS/386,1994,26-Jul-1994,,,combine harvested,1,,harvesting process,,,,,,,,combine harvester
W/M/1,1995,08-Aug-1994,,"SOWING BC, BOV CROP BW",seed broadcast,1,,seeding process,180,kg/ha,,,,Puffin,,broadcast
W/M/1,1995,08-Aug-1994,,"SOWING BC, BOV CROP FR",seed broadcast,1,,seeding process,30,kg/ha,,,,Ember,,broadcast
W/M/1,1995,15-Aug-1994,,,wheat combine harvested,1,,harvesting process,,,,,,,,combine harvester
W/M/1,1995,15-Aug-1994,,,straw chopped,1,,residue management process,,,,,,,,
W/M/1,1995,18-Aug-1994,,SOWING DC,disced,1,,tillage process,,,,,,,,
W/M/1,1995,18-Aug-1994,,SOWING RC,rotary cultivated,1,1,tillage process,,,,,,,,
W/M/1,1995,18-Aug-1994,,"SOWING DC, RC, DD, BOV CROP BW",Puffin sown,1,,chemical pest control process,180,kg/ha,,,,,,
W/M/1,1995,18-Aug-1994,,"SOWING DC, RC, DD, BOV CROP FR",seed sown,1,,seeding process,30,kg/ha,,,,Ember,,
W/M/1,1995,18-Aug-1994,,"SOWING DC, RC, BOV CROP BW, FR",rolled,1,1,tillage process,,,,,,,,
W/M/1,1995,07-Sep-1994,,,Draza,1,,chemical pest control process,5.5,kg/ha,,,,,,
W/M/1,1995,24-Nov-1994,,BOV CROP FR,Draza,1,,chemical pest control process,5.5,kg/ha,,,,,,
W/M/1,1995,08-Apr-1995,,,ploughed,1,,tillage process,,,,,,,,
W/M/1,1995,08-Apr-1995,,,rolled,1,1,tillage process,,,,,,,,
W/M/1,1995,11-Apr-1995,,,rotary harrowed,1,1,tillage process,,,,,,,,
W/M/1,1995,11-Apr-1995,,,seed drilled,1,,seeding process,600,seeds/m2,,,,Antares, Prelude 20LF,drilled
W/M/1,1995,13-Apr-1995,,,rolled,1,1,tillage process,,,,,,,,
W/M/1,1995,05-May-1995,,"N N2, N EXTRA N2",27% N,1,,agronomic fertilization process,278,kg/ha,,,,,,
W/M/1,1995,02-Jun-1995,,,Ally,1,,chemical pest control process,30,kg/ha,200,l/ha,,,,
W/M/1,1995,02-Jun-1995,,,Fastac,1,,chemical pest control process,0.10,l/ha,300,l/ha,,,,
W/M/1,1995,22-Sep-1995,,,combine harvested,1,,harvesting process,,,,,,,,combine harvester
W/M/1,1995,,,,"S. rape 1993, w. wheat 1994.",1,,previous cropping,,,,,,,,
W/M/1,1995,,,,"Dry matter, plant numbers and nitrogen content in the cover crops were measured in autumn. Dry matter and nitrogen content was also measured in spring. At harvest dry matter, nitrogen content, harvest index, oil content and thousand grain weights were measured in the seed.",1,,comment,,,,,,,,
R/CS/504,1999,19-Aug-1998,,,shakerated,1,,tillage process,,,,,,,,
R/CS/504,1999,20-Aug-1998,21-Aug-1998,,ploughed,1,,tillage process,,,,,,,,
R/CS/504,1999,27-Aug-1998,,RAW,seed combination drilled,1,,seeding process,120,seeds/m2,,,,Apex,Lindex-Plus FS,Accord drill
R/CS/504,1999,29-Aug-1998,,,Hardy,1,,chemical pest control process,7.5,kg/ha,,,,,,
R/CS/504,1999,07-Sep-1998,,LP,rolled,1,1,tillage process,,,,,,,,
R/CS/504,1999,07-Sep-1998,,LP,seed combination drilled,1,,seeding process,50,seeds/m2,,,,DTN 20,untreated,Accord drill
R/CS/504,1999,07-Sep-1998,,LP,Spannit,1,,chemical pest control process,1.5,l/ha,220,l/ha,,,,
R/CS/504,1999,11-Sep-1998,,LP,Hardy,1,,chemical pest control process,7.5,kg/ha,,,,,,
R/CS/504,1999,16-Sep-1998,,,Hardy,1,,chemical pest control process,7.5,kg/ha,,,,,,
R/CS/504,1999,17-Sep-1998,,RAW,Katamaran,1,,chemical pest control process,2.0,l/ha,200,l/ha,,,,
R/CS/504,1999,17-Sep-1998,,RAW,Decis,1,,chemical pest control process,250,ml/ha,200,l/ha,,,,
R/CS/504,1999,21-Sep-1998,,WW,seed combination drilled,1,,seeding process,380,seeds/m2,,,,Hereward,Beret Gold,Accord drill
R/CS/504,1999,25-Sep-1998,,RAW,34.5% N,1,,agronomic fertilization process,120,kg/ha,,,,,,
R/CS/504,1999,12-Oct-1998,,LNW,seed combination drilled,1,,seeding process,950,seeds/m2,,,,Oliver,Prelude 20 LF,
R/CS/504,1999,13-Oct-1998,,WW,seed combination drilled,1,,seeding process,380,seeds/m2,,,,Hereward,Sibutol,Accord drill
R/CS/504,1999,13-Oct-1998,,,Hardy,1,,chemical pest control process,7.5,kg/ha,,,,,,
R/CS/504,1999,15-Oct-1998,,BEW,seed drilled,1,,seeding process,25,seeds/m2,,,winter beans,Clipper,recleaned,Fiona drill
R/CS/504,1999,15-Oct-1998,,PEW,seed drilled,1,,seeding process,100,seeds/m2,,,,Victor,Hy-TL and Rhodoman,Fiona drill
R/CS/504,1999,16-Oct-1998,,OW,seed combination drilled,1,,seeding process,350,seeds/m2,,,,Gerald,Sibutol,Accord drill
R/CS/504,1999,16-Oct-1998,,LP,Stomp 400 SC,1,,chemical pest control process,5.0,l/ha,220,l/ha,,,,
R/CS/504,1999,16-Oct-1998,,LP,Decis,7,,chemical pest control process,300,ml/ha,220,l/ha,,,,
R/CS/504,1999,19-Oct-1998,,PEW,Opogard 500 SC,1,,chemical pest control process,3.4,l/ha,220,l/ha,,,,
R/CS/504,1999,19-Oct-1998,,BEW,Gesatop 500 SC,1,,chemical pest control process,2.0,l/ha,220,l/ha,,,,
R/CS/504,1999,19-Oct-1998,,BEW,Kerb 50 W,1,,chemical pest control process,1.7,kg/ha,220,l/ha,,,,
R/CS/504,1999,04-Dec-1998,,RAW,Punch C,1,,chemical pest control process,0.4,l/ha,200,l/ha,,,,
R/CS/504,1999,04-Dec-1998,,RAW,Stefes Cypermethrin 2,1,,chemical pest control process,250,ml/ha,200,l/ha,,,,
R/CS/504,1999,07-Dec-1998,,RAW,Laser,1,,chemical pest control process,0.5,l/ha,200,l/ha,,,,
R/CS/504,1999,07-Dec-1998,,RAW,Cropoil,1,,chemical pest control process,2.0,l/ha,200,l/ha,,,,
R/CS/504,1999,16-Dec-1998,,,Draza,1,,chemical pest control process,5.5,kg/ha,,,,,,
R/CS/504,1999,29-Jan-1999,,"LNW, LP, PEW",Laser,1,,chemical pest control process,1.0,l/ha,220,l/ha,,,,
R/CS/504,1999,29-Jan-1999,,"LNW, LP, PEW",Cropoil,1,,chemical pest control process,2.0,l/ha,220,l/ha,,,,
R/CS/504,1999,10-Feb-1999,,RAW,"34.5% N northern 5.0 m of (OW) also earthed, in error",1,,agronomic fertilization process,300,kg/ha,,,,,,
R/CS/504,1999,09-Mar-1999,,WW,Isoguard,1,,chemical pest control process,1.0,l/ha,200,l/ha,,,,
R/CS/504,1999,09-Mar-1999,,WW,Unite A,1,,chemical pest control process,0.125,l/ha,200,l/ha,,,,
R/CS/504,1999,09-Mar-1999,,WW,Unite B,1,,chemical pest control process,1.0,l/ha,200,l/ha,,,,
R/CS/504,1999,09-Mar-1999,,WW,Cropoil,1,,chemical pest control process,1.0,l/ha,200,l/ha,,,,
R/CS/504,1999,15-Mar-1999,,RAW,Punch C,1,,chemical pest control process,0.4,l/ha,200,l/ha,,,,
R/CS/504,1999,16-Mar-1999,,WW,34.5% N,1,,agronomic fertilization process,145,kg/ha,,,,,,
R/CS/504,1999,17-Mar-1999,,LP,Folicur,1,,chemical pest control process,0.5,l/ha,200,l/ha,,,,
R/CS/504,1999,17-Mar-1999,,LP,Rovral fallow,1,,chemical pest control process,1.0,l/ha,200,l/ha,,,,
R/CS/504,1999,23-Mar-1999,,RAW,34.5% N,1,,agronomic fertilization process,300,kg/ha,,,,,,
R/CS/504,1999,26-Mar-1999,,LNW,34.5% N,1,,agronomic fertilization process,348,kg/ha,,,,,,
R/CS/504,1999,09-Apr-1999,,OW,34.5% N,1,,agronomic fertilization process,145,kg/ha,,,,,,
R/CS/504,1999,23-Apr-1999,,WW,34.5% N,1,,agronomic fertilization process,435,kg/ha,,,,,,
R/CS/504,1999,27-Apr-1999,,OW,34.5% N,1,,agronomic fertilization process,145,kg/ha,,,,,,
R/CS/504,1999,29-Apr-1999,,RAW,Bavistin DF,1,,chemical pest control process,1.0,kg/ha,200,l/ha,,,,
R/CS/504,1999,29-Apr-1999,,RAW,Ronilan FL,1,,chemical pest control process,0.5,l/ha,200,l/ha,,,,
R/CS/504,1999,29-Apr-1999,,RAW,Hallmark,1,,chemical pest control process,100,ml/ha,200,l/ha,,,,
R/CS/504,1999,30-Apr-1999,,LNW,Ally,1,,chemical pest control process,20,kg/ha,200,l/ha,,,,
R/CS/504,1999,30-Apr-1999,,LNW,Eagle,1,,chemical pest control process,30,kg/ha,220,l/ha,,,,
R/CS/504,1999,30-Apr-1999,,BEW,Compass,1,,chemical pest control process,3.0,l/ha,220,l/ha,,,,
R/CS/504,1999,19-May-1999,,BEW,Bavistin DF,1,,chemical pest control process,1.0,kg/ha,220,l/ha,,,,
R/CS/504,1999,19-May-1999,,BEW,Bravo 500,1,,chemical pest control process,2.0,l/ha,220,l/ha,,,,
R/CS/504,1999,21-May-1999,,OW,BASF 3C Chlormequat 720,1,,chemical pest control process,2.25,l/ha,220,l/ha,,,,
R/CS/504,1999,19-May-1999,,OW,Enhance,1,,chemical pest control process,50,ml/ha,220,l/ha,,,,
R/CS/504,1999,26-May-1999,,WW,Opus,1,,chemical pest control process,1.0,l/ha,220,l/ha,,,,
R/CS/504,1999,01-Jun-1999,,OW,Folicur,1,,chemical pest control process,0.75,l/ha,220,l/ha,,,,
R/CS/504,1999,10-Jun-1999,,BEW,Bavistin DF,1,,chemical pest control process,1.0,kg/ha,220,l/ha,,,,
R/CS/504,1999,10-Jun-1999,,BEW,Compass,1,,chemical pest control process,2.0,l/ha,220,l/ha,,,,
R/CS/504,1999,10-Jun-1999,,BEW,Sipcam UK Rover 500,1,,chemical pest control process,2.0,l/ha,220,l/ha,,,,
R/CS/504,1999,10-Jun-1999,,BEW,Aphox,1,,chemical pest control process,100,kg/ha,220,l/ha,,,,
R/CS/504,1999,10-Jun-1999,,BEW,Hallmark,1,,chemical pest control process,150,ml/ha,220,l/ha,,,,
R/CS/504,1999,18-Jun-1999,,LP,Aphox,1,,chemical pest control process,280,kg/ha,200,l/ha,,,,
R/CS/504,1999,18-Jun-1999,,LP,Enhance,1,,chemical pest control process,50,ml/ha,200,l/ha,,,,
R/CS/504,1999,25-Jun-1999,,BEW,Compass,1,,chemical pest control process,3.0,l/ha,220,l/ha,,,,
R/CS/504,1999,25-Jun-1999,,LP,Folicur,1,,chemical pest control process,0.75,l/ha,220,l/ha,,,,
R/CS/504,1999,07-Jul-1999,,RAW,Enhance,1,,chemical pest control process,400,ml/ha,400,l/ha,,,,
R/CS/504,1999,07-Jul-1999,,RAW,Reglone,1,,chemical pest control process,3.0,l/ha,400,l/ha,,,,
R/CS/504,1999,09-Jul-1999,,LNW,Reglone,1,,chemical pest control process,3.0,l/ha,400,l/ha,,,,
R/CS/504,1999,09-Jul-1999,,LNW,Enhance,1,,chemical pest control process,400,ml/ha,400,l/ha,,,,
R/CS/504,1999,17-Jul-1999,,RAW,combine harvested,1,,harvesting process,,,,,,,,combine harvester
R/CS/504,1999,19-Jul-1989,,RAW,straw baled,1,,baling process,,,,,,,,
R/CS/504,1999,24-Ju1-1999,,LNW,combine harvested,1,,harvesting process,,,,,,,,combine harvester
R/CS/504,1999,31-Jul-1999,,"WW,OW",combine harvested,1,,harvesting process,,,,,,,,combine harvester
R/CS/504,1999,12-Aug-1999,,BEW,combine harvested,1,,harvesting process,,,,,,,,combine harvester
R/CS/504,1999,26-Aug-1999,,LP,combine harvested,1,,harvesting process,,,,,,,,combine harvester
R/CS/504,1999,27-Aug-1999,,,baled all remaining straw.,1,,baling process,,,,,,,,
R/CS/504,1999,,,,"w. wheat 1997, w. wheat 1998",1,,previous cropping,,,,,,,,
R/CS/504,1999,,,,W. peas failed therefore no yield. 107,1,,comment,,,,,,,,
R/CS/504,2000,01-Sep-1999,02-Sep-1999,WW,ploughed,1,,tillage process,,,,,,,,
R/CS/504,2000,14-Sep-1999,,WW,disced,1,,tillage process,,,,,,,,
R/CS/504,2000,14-Sep-1999,,WW,rolled,1,1,tillage process,,,,,,,,
R/CS/504,2000,15-Sep-1999,,WW,disced,1,,tillage process,,,,,,,,
R/CS/504,2000,17-Sep-1999,,WW,seed combination drilled,1,,seeding process,380,seeds/m2,,,,Hereward,Sibutol,Accord drill
R/CS/504,2000,22-Sep-1999,,WW,Genesis,1,,chemical pest control process,5.0,kg/ha,,,,,,
R/CS/504,2000,26-Oct-1999,,WW,Lexus 50 DF,1,,chemical pest control process,20,kg/ha,200,l/ha,,,,
R/CS/504,2000,26-Oct-1999,,WW,Stomp 400 SC,1,,chemical pest control process,2.5,l/ha,200,l/ha,,,,
R/CS/504,2000,26-Oct-1999,,WW,Cyperkill 10,1,,chemical pest control process,250,ml/ha,200,l/ha,,,,
R/CS/504,2000,09-Mar-2000,,WW,34.5% N,1,,agronomic fertilization process,145,kg/ha,,,,,,
R/CS/504,2000,06-Apr-2000,,WW,Topik,1,,chemical pest control process,125,ml/ha,200,l/ha,,,,
R/CS/504,2000,06-Apr-2000,,WW,Toil,1,,chemical pest control process,0.5,l/ha,200,l/ha,,,,
R/CS/504,2000,19-Apr-2000,,WW,34.5% N,1,,agronomic fertilization process,377,kg/ha,,,,,,
R/CS/504,2000,27-Apr-2000,,WW,Opus,1,,chemical pest control process,0.4,l/ha,200,l/ha,,,,
R/CS/504,2000,01-May-2000,,WW,Moddus,1,,chemical pest control process,0.2,l/ha,200,l/ha,,,,
R/CS/504,2000,07-May-2000,,WW,Sypex,1,,chemical pest control process,1.0,l/ha,200,l/ha,,,,
R/CS/504,2000,07-May-2000,,WW,Enhance fallow Foam,1,,chemical pest control process,80,ml/ha,200,l/ha,,,,
R/CS/504,2000,22-May-2000,,WW,Opus,1,,chemical pest control process,0.75,l/ha,100,l/ha,,,,
R/CS/504,2000,10-Aug-2000,,WW,combine harvested,1,,harvesting process,,,,,,,,combine harvester
R/CS/504,2000,,,,"W. wheat 1998, treatment 1999.",1,,previous cropping,,,,,,,,
R/CS/504,2000,,,,Plant sampled were taken ín April and June to assess root and stem base diseases. 100,1,,comment,,,,,,,,
R/CS/505,2000,28-Aug-1999,,,ploughed,1,,tillage process,,,,,,,,
R/CS/505,2000,01-Sep-1999,,RAW,seed combination drilled,1,,seeding process,120,seeds/m2,,,,Apex,Lindex-Plus FS,Accord drill
R/CS/505,2000,03-Sep-1999,,RAW,Alpha Trifluralin 48 BC,1,,chemical pest control process,1.0,l/ha,200,l/ha,,,,
R/CS/505,2000,03-Sep-1999,,RAW,Katamaran,1,,chemical pest control process,2.0,l/ha,200,l/ha,,,,
R/CS/505,2000,13-Sep-1999,,LP,seed combination drilled,1,,seeding process,40,seeds/m2,,,,12 ,Promet and Germipro,Accord drill
R/CS/505,2000,14-Sep-1999,,RAW,PBI Slug Pellets,1,,chemical pest control process,8.0,kg/ha,,,,,,
R/CS/505,2000,17-Sep-1999,,WW,seed combination drilled,1,,seeding process,380,seeds/m2,,,,Hereward,Sibutol,Accord drill
R/CS/505,2000,23-Sep-1999,,RAW,PBI Slug Pellets,1,,chemical pest control process,7.0,kg/ha,,,,,,
R/CS/505,2000,30-Sep-1999,,RAW,Genesis,1,,chemical pest control process,5.0,kg/ha,,,,,,
R/CS/505,2000,06-Oct-1999,,LNW,seed combination drilled,1,,seeding process,950,seeds/m2,,,,Oliver,Prelude 20 LF,Accord drill
R/CS/505,2000,06-Oct-1999,,OW,seed combination drilled,1,,seeding process,350,seeds/m2,,,,Gerald,Sibutol,Accord drill
R/CS/505,2000,14-Oct-1999,,RAW,Punch C,1,,chemical pest control process,0.4,l/ha,200,l/ha,,,,
R/CS/505,2000,14-Oct-1999,,RAW,Hallmark with Zeon Technology,1,,chemical pest control process,100,ml/ha,200,l/ha,,,,
R/CS/505,2000,19-Oct-1999,,RAW,34.5% N,1,,agronomic fertilization process,87,kg/ha,,,,,,
R/CS/505,2000,28-Oct-1999,,BEW,seed drilled,1,,seeding process,40,seeds/m2,,,winter beans,Clipper,recleaned,Carrier drill
R/CS/505,2000,29-Oct-1999,,PEW,seed drilled,1,,seeding process,100,seeds/m2,,,,Victor,Wakil,Carrier drill
R/CS/505,2000,03-Nov-1999,,BEW,Alpha Simazine 50 SC,1,,chemical pest control process,2.0,l/ha,220,l/ha,,,,
R/CS/505,2000,03-Nov-1999,,BEW,Kerb 50 W,1,,chemical pest control process,1.5,kg/ha,220,l/ha,,,,
R/CS/505,2000,03-Nov-1999,,"OW,WW",Cyperkill 10,1,,chemical pest control process,250,ml/ha,220,l/ha,,,,
R/CS/505,2000,03-Nov-1999,,"OW,WW",Lexus Class WSB,1,,chemical pest control process,60,kg/ha,220,l/ha,,,,
R/CS/505,2000,18-Nov-1999,,LNW,Eagle,1,,chemical pest control process,10,kg/ha,220,l/ha,,,,
R/CS/505,2000,22-Nov-1999,,"BEW,PEW",PDQ,1,,chemical pest control process,3.0,l/ha,220,l/ha,,,,
R/CS/505,2000,25-Nov-1999,,LP,Lo-Gran 20 WG,1,,chemical pest control process,12,kg/ha,220,l/ha,,,,
R/CS/505,2000,10-Dec-1999,,LP,hand weeded,1,,pest control process,,,,,,,,
R/CS/505,2000,14-Dec-1999,,LP,Stomp 400 SC,1,,chemical pest control process,5.0,l/ha,220,l/ha,,,,
R/CS/505,2000,20-Jan-2000,,RAW,Punch C,1,,chemical pest control process,0.4,l/ha,220,l/ha,,,,
R/CS/505,2000,14-Feb-2000,,RAW,"Sulphan (30.0% N, 7.6% S)",1,,agronomic fertilization process,166,kg/ha,,,,,,by hand
R/CS/505,2000,09-Mar-2000,,WW,34.5% N,1,,agronomic fertilization process,145,kg/ha,,,,,,
R/CS/505,2000,13-Mar-2000,,LNW,Eagle,1,,chemical pest control process,40,kg/ha,220,l/ha,,,,
R/CS/505,2000,13-Mar-2000,,"LNW, LP, PEW",Falcon,1,,chemical pest control process,0.3,l/ha,220,l/ha,,,,
R/CS/505,2000,15-Mar-2000,,RAW,"Sulphan (30.0% N, 7.6% S)",1,,agronomic fertilization process,433,kg/ha,,,,,,by hand
R/CS/505,2000,17-Mar-2000,,OW,Orka,1,,chemical pest control process,0.5,l/ha,200,l/ha,,,,
R/CS/505,2000,01-Apr-2000,,LNW,Eagle,1,,chemical pest control process,20,kg/ha,220,l/ha,,,,
R/CS/505,2000,01-Apr-2000,,LP,Lo-Gran 20 WG,1,,chemical pest control process,18,kg/ha,220,l/ha,,,,
R/CS/505,2000,19-Apr-2000,,OW,34.5% N,1,,agronomic fertilization process,145,kg/ha,,,,,,by hand
R/CS/505,2000,19-Apr-2000,,LNW,34.5% N,1,,agronomic fertilization process,262,kg/ha,,,,,,by hand
R/CS/505,2000,19-Apr-2000,,WW,34.5% N,1,,agronomic fertilization process,377,kg/ha,,,,,,by hand
R/CS/505,2000,19-Apr-2000,,PEW,Basagran SG,1,,chemical pest control process,1.65,kg/ha,330,l/ha,,,,
R/CS/505,2000,25-Apr-2000,,"BEW,PEW",hand rogued rape plots.,1,,pest control process,,,,,,,,
R/CS/505,2000,28-Apr-2000,,WW,Ally,1,,chemical pest control process,30,kg/ha,220,l/ha,,,,
R/CS/505,2000,28-Apr-2000,,WW,Starane 2,1,,chemical pest control process,1.0,l/ha,220,l/ha,,,,
R/CS/505,2000,28-Apr-2000,,WW,Punch C,1,,chemical pest control process,0.8,l/ha,220,l/ha,,,,
R/CS/505,2000,28-Apr-2000,,LP,Bravo 500,1,,chemical pest control process,0.5,l/ha,220,l/ha,,,,
R/CS/505,2000,28-Apr-2000,,LP,Folicur,1,,chemical pest control process,0.5,l/ha,220,l/ha,,,,
R/CS/505,2000,09-May-2000,,RAW,Bavistin DF,1,,chemical pest control process,1.0,kg/ha,100,l/ha,,,,
R/CS/505,2000,09-May-2000,,RAW,Hallmark with Zeon Technology,1,,chemical pest control process,75,ml/ha,100,l/ha,,,,
R/CS/505,2000,22-May-2000,,WW,Opus,1,,chemical pest control process,0.75,l/ha,220,l/ha,,,,
R/CS/505,2000,22-May-2000,,BEW,Bravo 500,1,,chemical pest control process,1.0,l/ha,220,l/ha,,,,
R/CS/505,2000,22-May-2000,,BEW,Folicur,1,,chemical pest control process,0.5,l/ha,220,l/ha,,,,
R/CS/505,2000,22-May-2000,,PEW,Bravo 500,1,,chemical pest control process,2.0,l/ha,220,l/ha,,,,
R/CS/505,2000,22-May-2000,,PEW,Ronilan FL,1,,chemical pest control process,0.75,l/ha,220,l/ha,,,,
R/CS/505,2000,24-May-2000,,OW,27% N,1,,agronomic fertilization process,259,kg/ha,,,,,,by hand
R/CS/505,2000,16-Jun-2000,,"OW,WW",Folicur,1,,chemical pest control process,0.75,l/ha,200,l/ha,,,,
R/CS/505,2000,16-Jun-2000,,PWW,Compass,1,,chemical pest control process,3.0,l/ha,200,l/ha,,,,
R/CS/505,2000,16-Jun-2000,,PEW,Aphox,1,,chemical pest control process,280,kg/ha,200,l/ha,,,,
R/CS/505,2000,04-Jul-2000,,LP,Folicur,1,,chemical pest control process,0.5,l/ha,200,l/ha,,,,
R/CS/505,2000,04-Jul-2000,,LP,Aphox,1,,chemical pest control process,280,kg/ha,200,l/ha,,,,
R/CS/505,2000,04-Jul-2000,,LP,Enhance fallow Foam,1,,chemical pest control process,50,ml/ha,200,l/ha,,,,
R/CS/505,2000,12-Jul-2000,,RAW,Azural,1,,chemical pest control process,4.0,l/ha,200,l/ha,,,,
R/CS/505,2000,23-Jul-2000,,RAW,combine harvested,1,,harvesting process,,,,,,,,combine harvester
R/CS/505,2000,25-Jul-2000,,RAW,straw baled,1,,baling process,,,,,,,,
R/CS/505,2000,26-Jul-2000,,LNW,Enhance fallow Foam,1,,chemical pest control process,400,ml/ha,400,l/ha,,,,
R/CS/505,2000,26-Jul-2000,,LNW,Reglone,1,,chemical pest control process,3.0,l/ha,400,l/ha,,,,
R/CS/505,2000,31-Jul-2000,,PEW,combine harvested,1,,harvesting process,,,,,,,,combine harvester
R/CS/505,2000,01-Aug-2000,,LNW,combine harvested,1,,harvesting process,,,,,,,,combine harvester
R/CS/505,2000,02-Aug-2000,,OW,combine harvested,1,,harvesting process,,,,,,,,combine harvester
R/CS/505,2000,02-Aug-2000,,"LNW,OW,PEW",straw baled,1,,baling process,,,,,,,,
R/CS/505,2000,06-Aug-2000,,WW,combine harvested,1,,harvesting process,,,,,,,,combine harvester
R/CS/505,2000,13-Aug-2000,,WW,straw baled,1,,baling process,,,,,,,,
R/CS/505,2000,17-Aug-2000,,BEW,combine harvested,1,,harvesting process,,,,,,,,combine harvester
R/CS/505,2000,06-Sep-2000,,LP,combine harvested,1,,harvesting process,,,,,,,,combine harvester
R/CS/505,2000,,,,W. wheat 1998 and 1999.,1,,previous cropping,,,,,,,,
R/CS/505,2000,,,,wheat sampled were taken in June to assess root and stem base diseases. Soil was sampled after harvest and used in bioassays to measure the take-all infectivity. 103,1,,comment,,,,,,,,
R/CS/511,1999,08-Aug-1998,,,baled,1,,baling process,,,,,,,,
R/CS/511,1999,09-Aug-1998,,,"swathed barley, completed.",1,,windrowing,,,,,,,,
R/CS/511,1999,20-Aug-1998,21/08/1998,,shakerated,1,,tillage process,,,,,,,,
R/CS/511,1999,29-Aug-1998,,,rolled,1,1,tillage process,,,,,,,,
R/CS/511,1999,01-Sep-1998,02-Sep-1998,,ploughed,1,,tillage process,,,,,,,,
R/CS/511,1999,01-Sep-1998,02-Sep-1998,,furrow pressed,1,1,tillage process,,,,,,,,
R/CS/511,1999,04-Sep-1998,,CON,seed combination drilled,1,,seeding process,120,seeds/m2,,,,Apex,Lindex-Plus FS,Accord drill
R/CS/511,1999,04-Sep-1998,,IME,Combination drilled,1,,chemical pest control process,120,seeds/m2,,,,,,Accord drill
R/CS/511,1999,04-Sep-1998,,LL,Combination drilled,1,,chemical pest control process,120,seeds/m2,,,,,,Accord drill
R/CS/511,1999,04-Sep-1998,,RR,Combination drilled,1,,chemical pest control process,120,seeds/m2,,,,,,Accord drill
R/CS/511,1999,07-Sep-1998,,,Hardy,1,,chemical pest control process,7.5,kg/ha,,,,,,
R/CS/511,1999,18-Sep-1998,,,Stefes Cypermethrin 2,1,,chemical pest control process,250,ml/ha,200,l/ha,,,,
R/CS/511,1999,18-Sep-1998,,,Hardy,1,,chemical pest control process,7.5,kg/ha,,,,,,
R/CS/511,1999,24-Sep-1998,,,34.5% N,1,,agronomic fertilization process,120,kg/ha,,,,,,
R/CS/511,1999,28-Sep-1998,,CON,Butisan S,1,,chemical pest control process,1.5,l/ha,200,l/ha,,,,
R/CS/511,1999,09-Oct-1998,,IME,Imazamox,1,,chemical pest control process,1.75,l/ha,200,l/ha,,,,
R/CS/511,1999,11-Nov-1998,,RR,Roundup Biactive,1,,chemical pest control process,3.0,l/ha,200,l/ha,,,,
R/CS/511,1999,11-Nov-1998,,LL,Harvest,1,,chemical pest control process,0.6,l/ha,200,l/ha,,,,
R/CS/511,1999,11-Nov-1998,,LL,Liberty,1,,chemical pest control process,2.4,l/ha,200,l/ha,,,,
R/CS/511,1999,11-Nov-1998,,CON,Laser,1,,chemical pest control process,0.5,l/ha,200,l/ha,,,,
R/CS/511,1999,11-Nov-1998,,CON,Cropoil,1,,chemical pest control process,2.0,l/ha,200,l/ha,,,,
R/CS/511,1999,11-Nov-1998,,,Punch C,1,,chemical pest control process,0.4,l/ha,200,l/ha,,,,
R/CS/511,1999,11-Nov-1998,,,Stefes Cypermethrin 2,1,,chemical pest control process,250,ml/ha,200,l/ha,,,,
R/CS/511,1999,13-Nov-1998,,R2 IME,Laser,1,,chemical pest control process,0.5,l/ha,200,l/ha,,,,
R/CS/511,1999,13-Nov-1998,,R2 IME,Cropoil,1,,chemical pest control process,2.0,l/ha,200,l/ha,,,,
R/CS/511,1999,10-Feb-1999,,,34.5% N,1,,agronomic fertilization process,300,kg/ha,,,,,,
R/CS/511,1999,24-Feb-1999,,,Punch C,1,,chemical pest control process,0.4,l/ha,200,l/ha,,,,
R/CS/511,1999,04-Mar-1999,,,34.5% N,1,,agronomic fertilization process,300,kg/ha,,,,,,
R/CS/511,1999,16-Apr-1999,,,Profol RM,1,,chemical pest control process,3.0,kg/ha,200,l/ha,,,,
R/CS/511,1999,16-Apr-1999,,,Hallmark,1,,chemical pest control process,150,ml/ha,200,l/ha,,,,
R/CS/511,1999,29-Apr-1999,,,Bavistin DF,1,,chemical pest control process,1.0,l/ha,200,l/ha,,,,
R/CS/511,1999,29-Apr-1999,,,Ronilan FL,1,,chemical pest control process,0.5,l/ha,200,l/ha,,,,
R/CS/511,1999,29-Apr-1999,,,Hallmark,1,,chemical pest control process,100,ml/ha,200,l/ha,,,,
R/CS/511,1999,14-Jul-1999,,,Reglone,1,,chemical pest control process,3.0,l/ha,400,l/ha,,,,
R/CS/511,1999,14-Jul-1999,,,Enhance,1,,chemical pest control process,400,ml/ha,400,l/ha,,,,
R/CS/511,1999,21-Ju1-1999,,,combine harvested,1,,harvesting process,,,,,,,,combine harvester
R/CS/511,1999,21-Ju1-1999,,,straw chopped,1,,residue management process,,,,,,,,
R/CS/511,1999,,,,"W. wheat 1997, w. oats 1998.",1,,previous cropping,,,,,,,,
R/CS/511,1999,,,,Because of contractual reasons the yields are not published in this edition.,1,,comment,,,,,,,,
R/CS/511,2000,24-Jul-1999,,R2,ploughed,1,,tillage process,,,,,,,,
R/CS/511,2000,18-Aug-1999,,,Triple superphosphate,1,,agronomic fertilization process,580,kg/ha,,,,,,
R/CS/511,2000,25-Aug-1999,,RL,ploughed,1,,tillage process,,,,,,,,
R/CS/511,2000,06-Sep-1999,,R2,PDQ,1,,chemical pest control process,3.0,l/ha,200,l/ha,,,,
R/CS/511,2000,06-Sep-1999,,R2,Enhance fallow Foam,1,,chemical pest control process,100,ml/ha,200,l/ha,,,,
R/CS/511,2000,09-Sep-1999,,,seed combination drilled,1,,seeding process,250,seeds/m2,,,,Riband,,Accord drill
R/CS/511,2000,09-Sep-1999,,,rolled,1,1,tillage process,,,,,,,,
R/CS/511,2000,14-Sep-1999,,,PBI Slug Pellets,1,,chemical pest control process,8.0,kg/ha,,,,,,
R/CS/511,2000,15-Oct-1999,,,Cyperkill 10,1,,chemical pest control process,250,ml/ha,200,l/ha,,,,
R/CS/511,2000,03-Nov-1999,,,Duplosan,1,,chemical pest control process,0.5,l/ha,200,l/ha,,,,
R/CS/511,2000,03-Nov-1999,,,Tolkan Turbo,1,,chemical pest control process,2.0,l/ha,200,l/ha,,,,
R/CS/511,2000,03-Nov-1999,,,Cyperkill 10,1,,chemical pest control process,250,ml/ha,200,l/ha,,,,
R/CS/511,2000,14-Dec-1999,,,Hawk,1,,chemical pest control process,2.5,l/ha,200,l/ha,,,,
R/CS/511,2000,14-Dec-1999,,,Cropoil,1,,chemical pest control process,1.0,l/ha,200,l/ha,,,,
R/CS/511,2000,01-Apr-2000,,,BASF 3C Chlormequat 720,1,,chemical pest control process,2.0,l/ha,200,l/ha,,,,
R/CS/511,2000,01-Apr-2000,,,Moddus,1,,chemical pest control process,0.2,l/ha,200,l/ha,,,,
R/CS/511,2000,24-Apx-2000,,,Landmark,1,,chemical pest control process,0.5,l/ha,100,l/ha,,,,
R/CS/511,2000,27-Apr-2000,,,"Sulphur Gold (30.08 N, 7.69 S),",1,,agronomic fertilization process,500,kg/ha,,,,,,
R/CS/511,2000,16-Aug-2000,,,combine harvested,1,,harvesting process,,,,,,,,combine harvester
R/CS/511,2000,,,,"W. oats 1998, w. rape 1999.",1,,previous cropping,,,,,,,,
R/CS/511,2000,,,,(1) Estimates of seed loss from combine harvesting were made ín July and August 1999. Weed Cultivations were assessed in October and March. Rape seed in soil sampled were counted in January and weed biomass was measured in June.,1,,comment,,,,,,,,
R/CS/511,2000,,,,Because of contractual reasons the yields are not published in this edition.,1,,comment,,,,,,,,
R/M/5,1998,26-Aug-1997,,,ploughed,1,,tillage process,,,,,,,,
R/M/5,1998,26-Aug-1997,,,furrow pressed,1,1,tillage process,,,,,,,,
R/M/5,1998,26-Aug-1997,,,rolled,1,1,tillage process,,,,,,,,
R/M/5,1998,27-Aug-1927,,"CROPCBRM -, A, B, C, D",rotary harrowed,1,1,tillage process,,,,,,,,
R/M/5,1998,27-Aug-1927,,"CROPCBRM -, A, B, C, D",seed drilled,1,,seeding process,120,seeds/m2,,,,Apex,undressed,drilled
R/M/5,1998,27-Aug-1997,,CROPCHEM TR,seed broadcast,1,,seeding process,8.8,kg/ha,,,,Salut,undressed,broadcast
R/M/5,1998,03-Oct-1997,,,Clayton Metazachlor,1,,chemical pest control process,1.5,l/ha,200,l/ha,,,,
R/M/5,1998,22-Oct-1992,,CROPCHEM A,Agral,1,,chemical pest control process,1.0,l/ha,200,l/ha,,,,
R/M/5,1998,29-Oct-1997,,CROPCHEM A,Agral,1,,chemical pest control process,1.0,l/ha,200,l/ha,,,,
R/M/5,1998,07-Nov-1997,,,Punch C,1,,chemical pest control process,0.4,l/ha,200,l/ha,,,,
R/M/5,1998,13-Nov-1997,,CROPCHEM A,Agral,1,,chemical pest control process,1.0,l/ha,200,l/ha,,,,
R/M/5,1998,04-Feb-1998,,,34.5% N,1,,agronomic fertilization process,290,kg/ha,,,,,,
R/M/5,1998,17-Feb-1998,,,Folicur,1,,chemical pest control process,0.5,l/ha,200,l/ha,,,,
R/M/5,1998,19-Feb-1998,,,Laser,1,,chemical pest control process,0.75,l/ha,100,l/ha,,,,
R/M/5,1998,19-Feb-1998,,,Chiltern Cropoil,1,,chemical pest control process,1.0,l/ha,100,l/ha,,,,
R/M/5,1998,25-Feb-1998,,CROPCHEM A,AJH/8/158,1,,chemical pest control process,50,kg/ha,10.4,l/ha,,,,
R/M/5,1998,02-Mar-1998,,,34.5% N,1,,agronomic fertilization process,350,kg/ha,,,,,,
R/M/5,1998,31-Mar-1998,,CROPCHEM A,AJH/8/158,1,,chemical pest control process,50,kg/ha,10.4,l/ha,,,,
R/M/5,1998,27-Apr-1998,,,Ronilan FL,1,,chemical pest control process,1.0,l/ha,200,l/ha,,,,
R/M/5,1998,16-Jul-1998,,,Reglone,1,,chemical pest control process,3.0,l/ha,400,l/ha,,,,
R/M/5,1998,16-Jul-1998,,,Headland Enhance LF,1,,chemical pest control process,400,ml/ha,400,l/ha,,,,
R/M/5,1998,24-Jul-1998,,,combine harvested,1,,harvesting process,,,,,,,,combine harvester
R/M/5,1998,,,,"S. barley 1996, w. wheat 1997",1,,previous cropping,,,,,,,,
R/M/6,1997,23-Jul-1996,,,Chalk,1,,chemical pest control process,2.5,t/ha,,,,,,
R/M/6,1997,26-Jul-1996,,,ploughed,1,,tillage process,,,,,,,,
R/M/6,1997,26-Jul-1996,,,furrow pressed,1,1,tillage process,,,,,,,,
R/M/6,1997,26-Jul-1996,,,rolled,1,1,tillage process,,,,,,,,
R/M/6,1997,30-Aug-1996,,,springtine cultivated,1,1,tillage process,,,,,,,,
R/M/6,1997,30-Aug-1996,,"CROPCHEM -, A, B, C, D",rotary harrowed,1,1,tillage process,,,,,,,,
R/M/6,1997,30-Aug-1996,,"CROPCBRM -, A, B, C, D",seed drilled,1,,seeding process,120,seeds/m2,,,,Apex,undressed,drilled
R/M/6,1997,30-Aug-1996,,CROPCHEM TR,rotary harrowed,1,1,tillage process,,,,,,,,
R/M/6,1997,30-Aug-1996,,CROPCHEM TR,seed drilled,1,,seeding process,120,seeds/m2,,,,Salut,undressed,drilled
R/M/6,1997,30-Aug-1996,,,rolled,1,1,tillage process,,,,,,,,
R/M/6,1997,24-Sep-1996,,CROPCHEM TR,seed broadcast,1,,seeding process,90,seeds/m2,,,,Salut,,broadcast
R/M/6,1997,27-Sep-1996,,,Irrigated,1,,irrigation process,25,mm,,,,,,
R/M/6,1997,30-Oct-1996,,,Butisan S,1,,chemical pest control process,1.5,l/ha,200,l/ha,,,,
R/M/6,1997,28-Feb-1997,,,34.5% N,1,,agronomic fertilization process,175,kg/ha,,,,,,
R/M/6,1997,18-Mar-1997,,,34.5% N,1,,agronomic fertilization process,350,kg/ha,,,,,,
R/M/6,1997,09-Jul-1997,,,Reglone,1,,chemical pest control process,3.0,l/ha,400,l/ha,,,,
R/M/6,1997,09-Jul-1997,,,Vassgro Non-ionic,1,,chemical pest control process,392,ml/ha,400,l/ha,,,,
R/M/6,1997,16-Jul-1997,,,combine harvested,1,,harvesting process,,,,,,,,combine harvester
R/M/6,1997,,,,"W. wheat 1995, set-aside 1996.",1,,previous cropping,,,,,,,,
R/M/6,1997,,,,Plant sampled were taken in December to assess investigation of cabbage stem flea beet. Pollen beet Cultivations were assessed on five occasions in March and April. Raceme sampled were taken in April to assess pollen beet eggs and larvae. Pod sampled were taken in May and June to assess seed weevil and pod ridged eggs and larvae. 155,1,,comment,,,,,,,,
R/RAW/8,1998,26-Aug-1997,,,ploughed,1,,tillage process,,,,,,,,
R/RAW/8,1998,26-Aug-1997,,,furrow pressed,1,1,tillage process,,,,,,,,
R/RAW/8,1998,26-Aug-1997,,,rolled,1,1,tillage process,,,,,,,,
R/RAW/8,1998,27-Aug-1997,,,rotary harrowed,1,1,tillage process,,,,,,,,
R/RAW/8,1998,27-Aug-1997,,,seed drilled,1,,seeding process,120,seeds/m2,,,,Apex,undressed,drilled
R/RAW/8,1998,03-Oct-1997,,,Clayton Metazachlor,1,,chemical pest control process,1.5,l/ha,200,l/ha,,,,
R/RAW/8,1998,14-Oct-1997,,PESTCONT U,Metarhizium anisopliae,1,,chemical pest control process,10,l/ha,,,,,,
R/RAW/8,1998,22-Oct-1997,,PESTCONT U,Metarhizium anisopliae,1,,chemical pest control process,10,l/ha,,,,,,
R/RAW/8,1998,27-Oct-1997,,PESTCONT U,Metarhizium anisopliae,1,,chemical pest control process,10,l/ha,,,,,,
R/RAW/8,1998,29-Oct-1997,,PESTCONT I,Decis,1,,chemical pest control process,500,kg/ha,200,l/ha,,,,
R/RAW/8,1998,07-Nov-1997,,,Punch C,1,,chemical pest control process,0.4,l/ha,200,l/ha,,,,
R/RAW/8,1998,12-Nov-1997,,PESTCONT U,Metarhizium anisopliae,1,,chemical pest control process,10,l/ha,,,,,,
R/RAW/8,1998,04-Feb-1998,,,34.5% N,1,,agronomic fertilization process,290,kg/ha,,,,,,
R/RAW/8,1998,17-Feb-1998,,,Folicur,1,,chemical pest control process,0.5,l/ha,200,l/ha,,,,
R/RAW/8,1998,19-Feb-1998,,,Laser,1,,chemical pest control process,0.75,l/ha,100,l/ha,,,,
R/RAW/8,1998,19-Feb-1998,,,Chiltern Cropoil,1,,chemical pest control process,1.0,l/ha,100,l/ha,,,,
R/RAW/8,1998,02-Mar-1998,,,34.5% N,1,,agronomic fertilization process,350,kg/ha,,,,,,
R/RAW/8,1998,27-Mar-1998,,PESTCONT U,Metarhizium anisopliae,1,,chemical pest control process,10,l/ha,,,,,,
R/RAW/8,1998,02-Apr-1998,,PESTCONT I,Decis,1,,chemical pest control process,500,kg/ha,200,l/ha,,,,
R/RAW/8,1998,08-Apr-1998,,PESTCONT U,Metarhizium anisopliae,1,,chemical pest control process,10,l/ha,,,,,,
R/RAW/8,1998,17-Apr-1998,,PESTCONT U,Metarhizium anisopliae,1,,chemical pest control process,10,l/ha,,,,,,
R/RAW/8,1998,27-Apr-1998,,PESTCONT U,Metarhizium anisopliae,1,,chemical pest control process,10,l/ha,,,,,,
R/RAW/8,1998,16-Jul-1998,,,Reglone,1,,chemical pest control process,3.0,l/ha,400,l/ha,,,,
R/RAW/8,1998,16-Jul-1998,,,Headland Enhance LF,1,,chemical pest control process,400,ml/ha,400,l/ha,,,,
R/RAW/8,1998,24-Jul-1998,,,combine harvested,1,,harvesting process,,,,,,,,combine harvester
R/RAW/8,1998,,,,"S. barley 1996, w. wheat 1997",1,,previous cropping,,,,,,,,
W/BES/20,2000,08-Mar-2000,,,flexitined,1,,tillage process,,,,,,,,
W/BES/20,2000,16-Mar-2000,,CH,seed broadcast,1,,seeding process,200,seeds/m2,,,chickweed,,,broadcast
W/BES/20,2000,16-Mar-2000,,OA,seed broadcast,1,,seeding process,80,seeds/m2,,,oats,,,broadcast
W/BES/20,2000,16-Mar-2000,,,seed combination drilled,1,,seeding process,40,seeds/m2,,,,Quattro,,Accord drill
W/BES/20,2000,16-Mar-2000,,,rolled,1,1,tillage process,,,,,,,,
W/BES/20,2000,19-Apr-2000,,,Decis,1,,chemical pest control process,250,ml/ha,200,l/ha,,,,
W/BES/20,2000,03-May-2000,,W1SP,weeded,1,1,pest control process,,,,,,,,
W/BES/20,2000,03-May-2000,,W1DP,weeded,1,1,pest control process,,,,,,,,
W/BES/20,2000,15-May-2000,,"NO2,W2DP",weeded,1,1,pest control process,,,,,,,,
W/BES/20,2000,20-May-2000,,,Hallmark,1,,chemical pest control process,150,ml/ha,200,l/ha,,,,
W/BES/20,2000,20-May-2000,,NO1,Basagran SG,1,,chemical pest control process,1.65,kg/ha,220,l/ha,,,,
W/BES/20,2000,11-Jun-2000,,,Folio,1,,chemical pest control process,2.0,l/ha,200,l/ha,,,,
W/BES/20,2000,26-Jun-2000,,,Bravo 500,1,,chemical pest control process,1.5,l/ha,200,l/ha,,,,
W/BES/20,2000,26-Jun-2000,,,Folicur,1,,chemical pest control process,0.5,l/ha,200,l/ha,,,,
W/BES/20,2000,26-Jun-2000,,,Aphox,1,,chemical pest control process,280,kg/ha,200,l/ha,,,,
W/BES/20,2000,22-Aug-2000,,,combine harvested,1,,harvesting process,,,,,,,,combine harvester
W/BES/20,2000,,,,"potatoes and w. rape 1998, w. wheat 1999",1,,previous cropping,,,,,,,,
