Experiment,year,site,new_start_date,new_end_date,operation,operation_type,intensity,flag,old_operations,amount,unit,water volume,water volume unit,plot,tank_mixture,crop,variety,machine,dressing
CS326,1987,R/CS/326,27/09/1986,,paraquat,chemical pest control process,,4,paraquat applied,0.60,kg/ha,200,l/ha,,,,,,
CS326,1987,R/CS/326,31/03/1987,,isoproturon,chemical pest control process,,4,Isoproturon applied,2.5,kg/ha,200,l/ha,,,,,,
CS326,1987,R/CS/326,18/04/1987,,clopyralid,chemical pest control process,,4,"Clopyralid, bromoxynil and mecoprop applied",0.05,kg/ha,200,l/ha,,,,,,
CS326,1987,R/CS/326,18/04/1987,,bromoxynil,chemical pest control process,,4,"Clopyralid, bromoxynil and mecoprop applied",0.24,kg/ha,200,l/ha,,,,,,
CS326,1987,R/CS/326,18/04/1987,,mecoprop,chemical pest control process,,4,"Clopyralid, bromoxynil and mecoprop applied",1.8,kg/ha,200,l/ha,,,,,,
CS326,1987,R/CS/326,28/05/1987,,propiconazole,chemical pest control process,,4,propiconazole applied,0.12,kg/ha,200,l/ha,,,,,,
CS326,1987,R/CS/326,30/06/1987,,propiconazole,chemical pest control process,,4,"propiconazole, carbendazim and maneb applied",0.12,kg/ha,200,l/ha,,,,,,
CS326,1987,R/CS/326,30/06/1987,,carbendazim,chemical pest control process,,4,"propiconazole, carbendazim and maneb applied",0.25,kg/ha,200,l/ha,,,,,,
CS326,1987,R/CS/326,30/06/1987,,maneb,chemical pest control process,,4,"propiconazole, carbendazim and maneb applied",1.6,kg/ha,200,l/ha,,,,,,
CS326,1988,R/CS/326,29/09/1987,,paraquat,chemical pest control process,,4,paraquat applied,0.60,kg/ha,200,l/ha,,,,,,
CS326,1988,R/CS/326,08/12/1987,,tri-allate,chemical pest control process,,4,Tri-allate applied,2.2,kg/ha,,,,,,,,
CS326,1988,R/CS/326,17/03/1988,,isoproturon,chemical pest control process,,4,Isoproturon applied,2.1,kg/ha,200,l/ha,,,,,,
CS326,1988,R/CS/326,06/05/1988,,fluroxypyr,chemical pest control process,,4,"Fluroxypyr, prochloraz and carbendazim applied",0.20,kg/ha,200,l/ha,,,,,,
CS326,1988,R/CS/326,06/05/1988,,prochloraz,chemical pest control process,,4,"Fluroxypyr, prochloraz and carbendazim applied",0.40,kg/ha,200,l/ha,,,,,,
CS326,1988,R/CS/326,06/05/1988,,carbendazim,chemical pest control process,,4,"Fluroxypyr, prochloraz and carbendazim applied",0.15,kg/ha,200,l/ha,,,,,,
CS326,1988,R/CS/326,03/06/1988,,propiconazole,chemical pest control process,,4,propiconazole and Tridemorph applied,0.12,kg/ha,200,l/ha,,,,,,
CS326,1988,R/CS/326,03/06/1988,,tridemorph,chemical pest control process,,4,propiconazole and Tridemorph applied,0.25,kg/ha,200,l/ha,,,,,,
CS326,1988,R/CS/326,23/06/1988,,propiconazole,chemical pest control process,,4,"propiconazole, carbendazim and maneb applied",0.12,kg/ha,200,l/ha,,,,,,
CS326,1988,R/CS/326,23/06/1988,,carbendazim,chemical pest control process,,4,"propiconazole, carbendazim and maneb applied",0.25,kg/ha,200,l/ha,,,,,,
CS326,1988,R/CS/326,23/06/1988,,maneb,chemical pest control process,,4,"propiconazole, carbendazim and maneb applied",1.6,kg/ha,200,l/ha,,,,,,
CS326,1989,R/CS/326,18/10/1988,,paraquat,chemical pest control process,,4,paraquat applied,0.60,kg/ha,200,l/ha,,,,,,
CS326,1989,R/CS/326,29/10/1988,,isoproturon,chemical pest control process,,4,Isoproturon applied,2.5,kg/ha,200,l/ha,,,,,,
CS326,1989,R/CS/326,15/04/1989,,metsulfuron-methyl,chemical pest control process,,4,metsulfuron-methyl and fluroxypyr applied,6.0,g/ha,200,l/ha,,,,,,
CS326,1989,R/CS/326,15/04/1989,,fluroxypyr,chemical pest control process,,4,metsulfuron-methyl and fluroxypyr applied,0.15,kg/ha,200,l/ha,,,,,,
CS326,1989,R/CS/326,19/05/1989,,chlorothalonil,chemical pest control process,,4,Chlorothalonil applied,1.0,kg/ha,200,l/ha,,,,,,
CS326,1989,R/CS/326,20/06/1989,,propiconazole,chemical pest control process,,4,propiconazole and Tridemorph applied,0.12,kg/ha,200,l/ha,,,,,,
CS326,1989,R/CS/326,20/06/1989,,tridemorph,chemical pest control process,,4,propiconazole and Tridemorph applied,0.52,kg/ha,200,l/ha,,,,,,
CS326,1990,R/CS/326,02/10/1989,,paraquat,chemical pest control process,,4,paraquat and wetting agent applied,0.40,kg/ha,200,l/ha,,,,,,
CS326,1990,R/CS/326,02/10/1989,,wetting agent Enhance,chemical pest control process,,4,paraquat and wetting agent applied,100,ml/ha,200,l/ha,,,,,,
CS326,1990,R/CS/326,22/11/1989,,chlortoluron,chemical pest control process,,4,chlortoluron and cyanazine applied,3.0,kg/ha,400,l/ha,,,,,,
CS326,1990,R/CS/326,22/11/1989,,cyanazine,chemical pest control process,,4,chlortoluron and cyanazine applied,0.75,kg/ha,400,l/ha,,,,,,
CS326,1990,R/CS/326,23/02/1990,,isoproturon,chemical pest control process,,4,Isoproturon applied,2.1,kg/ha,200,l/ha,,,,,,
CS326,1990,R/CS/326,30/04/1990,,fluroxypyr,chemical pest control process,,4,Fluroxypyr and fenoxaprop-ethyl applied,0.20,kg/ha,200,l/ha,,,,,,
CS326,1990,R/CS/326,30/04/1990,,fenoxaprop-ethyl,chemical pest control process,,4,Fluroxypyr and fenoxaprop-ethyl applied,0.18,kg/ha,200,l/ha,,,,,,
CS326,1990,R/CS/326,31/05/1990,,propiconazole,chemical pest control process,,4,,0.12,kg/ha,200,l/ha,,,,,,
CS326,1990,R/CS/326,31/05/1990,,chlorothalonil,chemical pest control process,,4,Fungicide applied,1.0,kg/ha,200,l/ha,,,,,,
CS326,1991,R/CS/326,08/10/1990,,glyphosate,chemical pest control process,,4,glyphosate applied,0.27,kg/ha,200,l/ha,,,,,,
CS326,1991,R/CS/326,02/11/1990,,tri-allate,chemical pest control process,,4,Tri-allate applied,2.2,kg/ha,,,,,,,,
CS326,1991,R/CS/326,15/11/1990,,isoproturon,chemical pest control process,,4,Isoproturon and pendimethalin applied,1.3,kg/ha,200,l/ha,,,,,,
CS326,1991,R/CS/326,15/11/1990,,pendimethalin,chemical pest control process,,4,Isoproturon and pendimethalin applied,1.3,kg/ha,200,l/ha,,,,,,
CS326,1991,R/CS/326,24/04/1991,,fenpropimorph,chemical pest control process,,4,Fenpropimorph applied,0.38,kg/ha,200,l/ha,,,,,,
CS326,1991,R/CS/326,11/06/1991,,propiconazole,chemical pest control process,,4,propiconazole applied,0.25,kg/ha,200,l/ha,,,,,,
CS326,1992,R/CS/326,06/09/1991,,Butisan S,chemical pest control process,,4,Butisan S at 2.5 1 in 200 l,2.5,l/ha,200,l/ha,,,,,,
CS326,1992,R/CS/326,13/10/1991,,Pilot,chemical pest control process,,4,Pilot at 0.15 1 in 200 l,0.15,l/ha,200,l/ha,,1,,,,
CS326,1992,R/CS/326,13/10/1991,,Cropspray 11 E,chemical pest control process,,4,Cropspray 11 E at 2.5 l in 200 l,2.5,l/ha,200,l/ha,,1,,,,
CS326,1992,R/CS/326,09/04/1992,,Sportak 45,chemical pest control process,,4,Sportak 45 at 1.1 l in 200 l,1.1,l/ha,200,l/ha,,,,,,
CS326,1992,R/CS/326,15/07/1992,,Reglone,chemical pest control process,,4,Reglone at 3.0 1 with Farmon Blue at 0.26 1 in 260 l,3,l/ha,260,l/ha,,1,,,,
CS326,1992,R/CS/326,15/07/1992,,Farmon Blue,chemical pest control process,,4,Reglone at 3.0 1 with Farmon Blue at 0.26 1 in 260 l,0.26,l/ha,260,l/ha,,1,,,,
CS326,1993,R/CS/326,18/08/1992,,Gramoxone 100,chemical pest control process,,4,Gramoxone 100 at 2.0 1 with Farmon Blue at 0.1 1 in 200 l,2,l/ha,200,l/ha,,1,,,,
CS326,1993,R/CS/326,18/08/1992,,Farmon Blue,chemical pest control process,,4,Gramoxone 100 at 2.0 1 with Farmon Blue at 0.1 1 in 200 l,0.1,l/ha,200,l/ha,,1,,,,
CS326,1993,R/CS/326,22/10/1992,,Draza,chemical pest control process,,4,Draza at 5.5 kg,5.5,kg/ha,200,l/ha,,,,,,
CS326,1993,R/CS/326,13/11/1992,,Avadex BW Granular,chemical pest control process,,4,Avadex BW Granular at 22.5 kg,22.5,kg/ha,200,l/ha,,,,,,
CS326,1993,R/CS/326,24/11/1992,,Draza,chemical pest control process,,4,Draza at 5.5 kg,5.5,kg/ha,200,l/ha,,,,,,
CS326,1993,R/CS/326,24/02/1993,,Panther,chemical pest control process,,4,Panthor at 2.0 1 in 200 l,2,l/ha,200,l/ha,,,,,,
CS326,1993,R/CS/326,15/04/1993,,Halo,chemical pest control process,,4,Halo at 2.0 1 with Tripart Brevis at 2.2 1 in 200 l,2,l/ha,200,l/ha,,1,,,,
CS326,1993,R/CS/326,15/04/1993,,Tripart Brevis,chemical pest control process,,4,Halo at 2.0 1 with Tripart Brevis at 2.2 1 in 200 l,2.2,l/ha,200,l/ha,,1,,,,
CS326,1993,R/CS/326,22/06/1993,,Radar,chemical pest control process,,4,,0.5,l/ha,200,l/ha,,,,,,
CS326,1993,R/CS/326,22/06/1993,,Corbel,chemical pest control process,,4,Corbel at 0.50 1 and Radar at 0.50 1 in 200 l,0.5,l/ha,200,l/ha,,,,,,
CS326,1994,R/CS/326,17/11/1993,,Optimol,chemical pest control process,,4,Optimol at 15 kg,15,kg/ha,200,l/ha,,,,,,
CS326,1994,R/CS/326,12/04/1994,,Starane 2,chemical pest control process,,4,Starane 2 at 0.75 1 with Wildcat at 1.25 1 in 200 l,0.75,l/ha,200,l/ha,,1,,,,
CS326,1994,R/CS/326,12/04/1994,,Wildcat,chemical pest control process,,4,Starane 2 at 0.75 1 with Wildcat at 1.25 1 in 200 l,1.25,l/ha,200,l/ha,,1,,,,
CS326,1994,R/CS/326,01/05/1994,,Halo,chemical pest control process,,4,Halo at 2.0 1 with Tripart Brevis at 2.5 1 in 200 l,2,l/ha,200,l/ha,,1,,,,
CS326,1994,R/CS/326,01/05/1994,,Tripart Brevis,chemical pest control process,,4,Halo at 2.0 1 with Tripart Brevis at 2.5 1 in 200 l,2.5,l/ha,200,l/ha,,1,,,,
CS326,1994,R/CS/326,24/05/1994,,Ally,chemical pest control process,,4,ally at 30 g with Cheetah per at 1.5 1 and Starane 2 at 0.75 1 in 200 l,30,g/ha,200,l/ha,,1,,,,
CS326,1994,R/CS/326,24/05/1994,,Cheetah Super,chemical pest control process,,4,ally at 30 g with Cheetah per at 1.5 1 and Starane 2 at 0.75 1 in 200 l,1.5,l/ha,200,l/ha,,1,,,,
CS326,1994,R/CS/326,31/05/1994,,Bombardier,chemical pest control process,,4,Bombardier at 1.0 1 with Cyclone at 1.0 1 in 200 l,1,l/ha,200,l/ha,,1,,,,
CS326,1994,R/CS/326,31/05/1994,,Cyclone,chemical pest control process,,4,Bombardier at 1.0 1 with Cyclone at 1.0 1 in 200 l,1,l/ha,200,l/ha,,1,,,,
CS326,1995,R/CS/326,27/09/1994,,String CT,chemical pest control process,,4,string CT at 2.0 1 in 200 l,2,l/ha,200,l/ha,,,,,,
CS326,1995,R/CS/326,24/11/1994,,Draza,chemical pest control process,,4,Draza at 5.5 kg,5.5,kg/ha,200,l/ha,,,,,,
CS326,1995,R/CS/326,25/11/1994,,Avadex BW Granular,chemical pest control process,,4,Avadex BW Granular at 22.5 kg,22.5,kg/ha,200,l/ha,,,,,,
CS326,1995,R/CS/326,16/03/1995,,Stefes IPU,chemical pest control process,,4,Stefes IPU at 5.0 1 in 200 l,5,l/ha,200,l/ha,,,,,,
CS326,1995,R/CS/326,10/05/1995,,Halo,chemical pest control process,,4,Halo at 2.0 1 in 200 l,2,l/ha,200,l/ha,,,,,,
CS326,1995,R/CS/326,16/06/1995,,Bravo 500,chemical pest control process,,4,Bravo 500 at 1.0 1 with Silvacur at 0.5 1 in 300 l,1,l/ha,300,l/ha,,1,,,,
CS326,1995,R/CS/326,16/06/1995,,Silvacur,chemical pest control process,,4,Bravo 500 at 1.0 1 with Silvacur at 0.5 1 in 300 l,0.5,l/ha,300,l/ha,,1,,,,
CS326,1996,R/CS/326,30/10/1995,,Avadex BW Granular,chemical pest control process,,4,Avadex BW Granular at 22.5 kg,22.5,kg/ha,300,l/ha,,,,,,
CS326,1996,R/CS/326,14/11/1995,,Draza,chemical pest control process,,4,Draza at 5.5 kg,5.5,kg/ha,300,l/ha,,,,,,
CS326,1996,R/CS/326,25/04/1996,,Ally,chemical pest control process,,4,ally at 30 g with Cheetah Super at 1.25 1 in 200 l,30,g/ha,200,l/ha,,1,,,,
CS326,1996,R/CS/326,25/04/1996,,Cheetah Super,chemical pest control process,,4,ally at 30 g with Cheetah Super at 1.25 1 in 200 l,1.25,l/ha,200,l/ha,,1,,,,
CS326,1996,R/CS/326,06/06/1996,,Monicle,chemical pest control process,,4,Monicle at 1.0 1 in 320 l,1,l/ha,320,l/ha,,,,,,
CS326,1997,R/CS/326,23/09/1996,,String CT,chemical pest control process,,4,string CT at 2.0 1 in 200 l,2,l/ha,200,l/ha,,,,,,
CS326,1997,R/CS/326,09/10/1996,,Draza,chemical pest control process,,4,Draza at 5.5 kg,5.5,kg/ha,200,l/ha,,,,,,
CS326,1997,R/CS/326,14/11/1996,,Avadex BW Granular,chemical pest control process,,4,Avadex BW Granular at 22.1 kg,22.1,kg/ha,200,l/ha,,,,,,
CS326,1997,R/CS/326,16/12/1996,,Isoproturon 500,chemical pest control process,,4,Isoproturon 500 at 4.2 l with Stomp 400 SC at 3.1 l in 200 l,4.2,l/ha,200,l/ha,,1,,,,
CS326,1997,R/CS/326,16/12/1996,,Stomp 400 SC,chemical pest control process,,4,Isoproturon 500 at 4.2 l with Stomp 400 SC at 3.1 l in 200 l,3.1,l/ha,200,l/ha,,1,,,,
CS326,1997,R/CS/326,18/04/1997,,Starane 2,chemical pest control process,,4,Starane 2 at 0.75 1 in 300 l,0.75,l/ha,300,l/ha,,,,,,
CS326,1997,R/CS/326,04/06/1997,,Folicur,chemical pest control process,,4,Folicur at 0.3 l with Pointer at 0.5 l in 300 l,0.3,l/ha,300,l/ha,,1,,,,
CS326,1997,R/CS/326,04/06/1997,,Pointer,chemical pest control process,,4,Folicur at 0.3 l with Pointer at 0.5 l in 300 l,0.5,l/ha,300,l/ha,,1,,,,
CS326,1998,R/CS/326,11/09/1997,,Scythe Lc,chemical pest control process,,4,Scythe LC at 3.0 1 in 300 l,3,l/ha,300,l/ha,,,,,,
CS326,1998,R/CS/326,13/01/1998,,Hawk,chemical pest control process,,4,Hawk at 2.5 1 with Sprayprover at 1.0 l in 200 l,2.5,l/ha,200,l/ha,,1,,,,
CS326,1998,R/CS/326,13/01/1998,,Sprayprover,chemical pest control process,,4,Hawk at 2.5 1 with Sprayprover at 1.0 l in 200 l,1,l/ha,200,l/ha,,1,,,,
CS326,1998,R/CS/326,17/03/1998,,Ally,chemical pest control process,,4,Ally at 20 g with Alpha Briotril 24/16 at 0.5 l in 200 l,20,g/ha,200,l/ha,,1,,,,
CS326,1998,R/CS/326,17/03/1998,,Alpha Briotril 24/16,chemical pest control process,,4,Ally at 20 g with Alpha Briotril 24/16 at 0.5 l in 200 l,0.5,l/ha,200,l/ha,,1,,,,
CS326,1998,R/CS/326,09/05/1998,,Standon Tebuconazole,chemical pest control process,,4,Standon Tebuconazole at 0.7 1 with Starane 2 at 0.5 1 in 200 l,0.7,l/ha,200,l/ha,,1,,,,
CS326,1998,R/CS/326,09/05/1998,,Starane 2,chemical pest control process,,4,Standon Tebuconazole at 0.7 1 with Starane 2 at 0.5 1 in 200 l,0.5,l/ha,200,l/ha,,1,,,,
CS326,1998,R/CS/326,28/05/1998,,Opus,chemical pest control process,,4,Opus at 0.7 l in 200 l,0.7,l/ha,200,l/ha,,,,,,
CS326,1998,R/CS/326,12/06/1998,,Bavistin DF,chemical pest control process,,4,Bavistin DF at 0.5 kg with Folicur at 0.5 1 in 100 l,0.5,kg/ha,100,l/ha,,1,,,,
CS326,1998,R/CS/326,12/06/1998,,Folicur,chemical pest control process,,4,Bavistin DF at 0.5 kg with Folicur at 0.5 1 in 100 l,0.5,l/ha,100,l/ha,,1,,,,
CS326,1999,R/CS/326,13/10/1998,,Hardy,chemical pest control process,,4,Hardy at 10.0 kg,10,kg/ha,200,l/ha,,,,,,
CS326,1999,R/CS/326,15/10/1998,,Hardy,chemical pest control process,,4,Hardy at 7.5 kg,7.5,kg/ha,200,l/ha,,,,,,
CS326,1999,R/CS/326,04/11/1998,,Decoy,chemical pest control process,,4,Decoy at 7.5 kg,7.5,kg/ha,200,l/ha,,,,,,
CS326,1999,R/CS/326,10/03/1999,,Isoguard,chemical pest control process,,4,Isoguard at 1.0 l in 200 l,1,l/ha,200,l/ha,,1,,,,
CS326,1999,R/CS/326,10/03/1999,,Unite A,chemical pest control process,,4,Unite A at 0.125 1 in 200 l,0.125,l/ha,200,l/ha,,1,,,,
CS326,1999,R/CS/326,10/03/1999,,Unite B,chemical pest control process,,4,Unite B at 1.0 1 in 200 l,1,l/ha,200,l/ha,,1,,,,
CS326,1999,R/CS/326,10/03/1999,,Cropoil,chemical pest control process,,4,Cropoil at 1.0 1 in 200 l,1,l/ha,200,l/ha,,1,,,,
CS326,1999,R/CS/326,01/05/1999,,Opus,chemical pest control process,,4,Opus at 0.7 l in 200 l,0.7,l/ha,200,l/ha,,,,,,
CS326,1999,R/CS/326,29/05/1999,,Folicur,chemical pest control process,,4,Folicur at 1.0 1 in 100 l,1,l/ha,100,l/ha,,1,,,,
CS326,1999,R/CS/326,29/05/1999,,Sipcam Uk Rover 500,chemical pest control process,,4,Sipcam UK Rover 500 at 1.0 l in 100 l,1,l/ha,100,l/ha,,1,,,,
CS326,1999,R/CS/326,17/06/1999,,Folicur,chemical pest control process,,4,Folicur at 0.25 1 in 100 l,0.25,l/ha,100,l/ha,,,,,,
CS326,2000,R/CS/326,15/11/1999,,Lexus 50 DF,chemical pest control process,,4,Lexus 50 DF at 20 g in 200 l,20,g/ha,200,l/ha,,1,,,,
CS326,2000,R/CS/326,15/11/1999,,Stomp 400 SC,chemical pest control process,,4,Stomp 400 SC at 2.5 1 in 200 l,2.5,l/ha,200,l/ha,,1,,,,
CS326,2000,R/CS/326,15/11/1999,,Toppel 10,chemical pest control process,,4,Toppel 10 at 250 ml in 200 l,250,ml/ha,200,l/ha,,1,,,,
CS326,2000,R/CS/326,06/04/2000,,Boxer,chemical pest control process,,4,Boxer at 100 ml in 200 l,100,ml/ha,200,l/ha,,,,,,
CS326,2000,R/CS/326,27/04/2000,,Opus,chemical pest control process,,4,Opus at 0.5 l in 200 l,0.5,l/ha,200,l/ha,,1,,,,
CS326,2000,R/CS/326,27/04/2000,,Unix,chemical pest control process,,4,Unix at 0.5 kg in 200 l,0.5,kg/ha,200,l/ha,,1,,,,
CS326,2000,R/CS/326,24/05/2000,,Amistar,chemical pest control process,,4,Amistar at 0.8 1 in 100 l,0.8,l/ha,100,l/ha,,1,,,,
CS326,2000,R/CS/326,24/05/2000,,Folicur,chemical pest control process,,4,Folicur at 0.75 1 in 100 l,0.75,l/ha,100,l/ha,,1,,,,
CS326,2001,R/CS/326,17/11/2000,,Decoy Wetex,chemical pest control process,,4,Decoy Wetex at 5.0 kg,5,kg/ha,200,l/ha,,,,,,
CS326,2001,R/CS/326,09/04/2001,,Harmony M,chemical pest control process,,4,Harmony M at 75 g in 100 l,75,g/ha,100,l/ha,,1,,,,
CS326,2001,R/CS/326,09/04/2001,,Topik,chemical pest control process,,4,Topik at 125 ml in 100 l,125,ml/ha,100,l/ha,,1,,,,
CS326,2001,R/CS/326,09/04/2001,,Toil,chemical pest control process,,4,Toil at 1.0 1 in 100 l,1,l/ha,100,l/ha,,1,,,,
CS326,2001,R/CS/326,08/05/2001,,Amistar,chemical pest control process,,4,Amistar at 0.5 1 in 100 l,0.5,l/ha,100,l/ha,,1,,,,
CS326,2001,R/CS/326,08/05/2001,,Unix,chemical pest control process,,4,Unix at 0.5 kg in 100 l,0.5,kg/ha,100,l/ha,,1,,,,
CS326,2001,R/CS/326,08/05/2001,,BASF 3C Chlormequat 720,chemical pest control process,,4,BASF 3C Chlormequat 720 at 1.25 l in 100 l,1.25,l/ha,100,l/ha,,1,,,,
CS326,2001,R/CS/326,08/05/2001,,Moddus,chemical pest control process,,4,Moddus at 0.2 1 in 100 l.,0.2,l/ha,100,l/ha,,1,,,,
CS326,2001,R/CS/326,04/06/2001,,Amistar,chemical pest control process,,4,Amistar at 0.7 l in 100 l,0.7,l/ha,100,l/ha,,1,,,,
CS326,2001,R/CS/326,04/06/2001,,Folicur,chemical pest control process,,4,Folicur at 0.5 l in 100 l,0.5,l/ha,100,l/ha,,1,,,,
CS326,2002,R/CS/326,01/11/2001,,Lexus 50 DF,chemical pest control process,,4,Lexus 50 DF at 20 g in 200 l,20,g/ha,200,l/ha,,1,,,,
CS326,2002,R/CS/326,01/11/2001,,Stomp 400 SC,chemical pest control process,,4,Stomp 400 SC at 3.0 1 in 200 l,3,l/ha,200,l/ha,,1,,,,
CS326,2002,R/CS/326,04/04/2002,,Opus,chemical pest control process,,4,Opus at 0.4 1 in 100 l,0.4,l/ha,100,l/ha,,1,,,,
CS326,2002,R/CS/326,04/04/2002,,Twist,chemical pest control process,,4,Twist at 0.6 1 in 100 l,0.6,l/ha,100,l/ha,,1,,,,
CS326,2002,R/CS/326,04/04/2002,,BASF 3C Chlormequat 720,chemical pest control process,,4,BASF 3C Chlormequat 720 at 1.25 1 in 100 l,1.25,l/ha,100,l/ha,,1,,,,
CS326,2002,R/CS/326,04/04/2002,,Moddus,chemical pest control process,,4,Moddus at 0.2 l in 100 l,0.2,l/ha,100,l/ha,,1,,,,
CS326,2002,R/CS/326,31/05/2002,,Opus,chemical pest control process,,4,Opus at 0.5 l in 200 l,0.5,l/ha,200,l/ha,,1,,,,
CS326,2002,R/CS/326,31/05/2002,,Twist,chemical pest control process,,4,Twist at 0.8 l in 200 l,0.8,l/ha,200,l/ha,,1,,,,
CS326,2002,R/CS/326,01/08/2002,,Roundup Biactive,chemical pest control process,,4,Roundup Biactive at 3.0 1 in 100 l,3,l/ha,100,l/ha,,,,,,
CS326,2003,R/CS/326,24/09/2002,,Crystal,chemical pest control process,,4,Crystal at 4.0 l in 200 l,4,l/ha,200,l/ha,,,,,,
CS326,2003,R/CS/326,07/05/2003,,Ally,chemical pest control process,,4,Ally at 30 g in 200 l,30,g/ha,200,l/ha,,1,,,,
CS326,2003,R/CS/326,07/05/2003,,Starane 2,chemical pest control process,,4,Starane 2 at 0.75 l in 200 l,0.75,l/ha,200,l/ha,,1,,,,
CS326,2003,R/CS/326,10/05/2003,,Opus,chemical pest control process,,4,Opus at 0.5 l in 200 l,0.5,l/ha,200,l/ha,,1,,,,
CS326,2003,R/CS/326,10/05/2003,,Amistar,chemical pest control process,,4,Amistar at 0.6 l in 200 l,0.6,l/ha,200,l/ha,,1,,,,
CS326,2003,R/CS/326,28/05/2003,,Opus,chemical pest control process,,4,Opus at 0.5 l in 200 l,0.5,l/ha,200,l/ha,,1,,,,
CS326,2003,R/CS/326,28/05/2003,,Twist,chemical pest control process,,4,Twist at 1.0 1 in 200 l,1,l/ha,200,l/ha,,1,,,,
CS326,2004,R/CS/326,21/10/2003,,Decoy Wetex,chemical pest control process,,4,Decoy Wetex at 5 kg,5,kg/ha,200,l/ha,,,,,,
CS326,2004,R/CS/326,07/11/2003,,Crystal,chemical pest control process,,4,Crystal at 4.0 l in 200 l,4,l/ha,200,l/ha,,,,,,
CS326,2004,R/CS/326,09/04/2004,,Topik,chemical pest control process,,4,Topik at 0.125 1 in 100 l,0.125,l/ha,100,l/ha,,1,,,,
CS326,2004,R/CS/326,09/04/2004,,Amber,chemical pest control process,,4,Amber at 0.5 1 in 100 l.,0.5,l/ha,100,l/ha,,1,,,,
CS326,2004,R/CS/326,17/04/2004,,Ally,chemical pest control process,,4,Ally at 30 g in 200 l,30,g/ha,200,l/ha,,1,,,,
CS326,2004,R/CS/326,17/04/2004,,Starane Xl,chemical pest control process,,4,Starane XL at 1.5 1 in 200 l,1.5,l/ha,200,l/ha,,1,,,,
CS326,2004,R/CS/326,13/05/2004,,Opus,chemical pest control process,,4,Opus at 0.75 l in 200 l,0.75,l/ha,200,l/ha,,1,,,,
CS326,2004,R/CS/326,13/05/2004,,Moddus,chemical pest control process,,4,Moddus at 0.15 1 in 200 l,0.15,l/ha,200,l/ha,,1,,,,
CS326,2004,R/CS/326,13/06/2004,,Folicur,chemical pest control process,,4,Folicur at 0.7 1 in 200 1,0.7,l/ha,200,l/ha,,1,,,,
CS326,2004,R/CS/326,13/06/2004,,Amistar,chemical pest control process,,4,Amistar at 0.5 l in 200 1,0.5,l/ha,200,l/ha,,1,,,,
CS326,2004,R/CS/326,13/06/2004,,Hallmark with Zeon Technology,chemical pest control process,,4,Hallmark with Zeon Technology at 50 ml in 200 l,50,ml/ha,200,l/ha,,1,,,,
CS326,2005,R/CS/326,05/11/2004,,Claymore,chemical pest control process,,4,Claymore at 3.3 l in 200 l,3.3,l/ha,200,l/ha,,1,,,,
CS326,2005,R/CS/326,05/11/2004,,Alpha IPU 500,chemical pest control process,,4,Aplha IPU 500 at 2.5 l in 200 l,2.5,l/ha,200,l/ha,,1,,,,
CS326,2005,R/CS/326,05/11/2004,,Hallmark with Zeon Technology,chemical pest control process,,4,Hallmark with Zeon Technology at 50 ml in 200 l,50,ml/ha,200,l/ha,,1,,,,
CS326,2005,R/CS/326,19/03/2005,,Duplosan KV,chemical pest control process,,4,Duplosan KV at 1.5 1 in 200 1,1.5,l/ha,200,l/ha,,1,,,,
CS326,2005,R/CS/326,19/03/2005,,Atlantis,chemical pest control process,,4,Atlantis at 0.4 1 in 200 l.,0.4,l/ha,200,l/ha,,1,,,,
CS326,2005,R/CS/326,19/03/2005,,Biopower,chemical pest control process,,4,Biopower at 1.0 1 in 200 l,1,l/ha,200,l/ha,,1,,,,
CS326,2005,R/CS/326,27/05/2005,,Opus,chemical pest control process,,4,Opus at 0.75 1 in 200 l,0.75,l/ha,200,l/ha,,1,,,,
CS326,2005,R/CS/326,27/05/2005,,Twist,chemical pest control process,,4,Twist at 0.8 l in 200 l,0.8,l/ha,200,l/ha,,1,,,,
CS326,2005,R/CS/326,27/05/2005,,Starane 2,chemical pest control process,,4,Starane 2 at 0.75 1 in 200 l,0.75,l/ha,200,l/ha,,1,,,,
CS326,2006,R/CS/326,03/10/2005,,Crystal,chemical pest control process,,4,Crystal at 4.0 l in 200 l,4,l/ha,200,l/ha,,,,,,
CS326,2006,R/CS/326,05/12/2005,,Hallmark with Zeon Technology,chemical pest control process,,4,Hallmark with Zeon Technology at 50 ml in 200 l,50,ml/ha,200,l/ha,,1,,,,
CS326,2006,R/CS/326,21/04/2006,,Opus,chemical pest control process,,4,Opus at 0.75 l in 200 l,0.75,l/ha,200,l/ha,,1,,,,
CS326,2006,R/CS/326,15/03/2006,,Bravo 500,chemical pest control process,,4,Bravo 500 at 1.0 l in 200 l,1,l/ha,200,l/ha,,1,,,,
CS326,2006,R/CS/326,15/03/2006,,Flexity,chemical pest control process,,4,Flexity at 0.2 l in 200 l,0.2,l/ha,200,l/ha,,1,,,,
CS326,2006,R/CS/326,16/05/2006,,Ally Max SX,chemical pest control process,,4,Ally Max SX at 42 g in 200 1,42,g/ha,200,l/ha,,1,,,,
CS326,2006,R/CS/326,16/05/2006,,Starane 2,chemical pest control process,,4,Starane 2 at 0.75 l in 200 l,0.75,l/ha,200,l/ha,,1,,,,
CS326,2006,R/CS/326,02/06/2006,,Opus,chemical pest control process,,4,Opus at 0.75 l in 200 l,0.75,l/ha,200,l/ha,,1,,,,
CS326,2006,R/CS/326,02/06/2006,,Bravo 500,chemical pest control process,,4,Bravo 500 at 1.0 1 in 200 l.,1,l/ha,200,l/ha,,1,,,,
CS326,2006,R/CS/326,02/06/2006,,Vivid,chemical pest control process,,4,Vivid at 0.4 1 in 200 l,0.4,l/ha,200,l/ha,,1,,,,
CS326,2007,R/CS/326,06/09/2006,,Azural,chemical pest control process,,4,Azural,3,l/ha,200,l/ha,,,,,,
CS326,2007,R/CS/326,03/11/2006,,Ice,chemical pest control process,,4,Ice,4,l/ha,200,l/ha,,,,,,
CS326,2007,R/CS/326,07/11/2006,,Decoy Wetex,chemical pest control process,,4,Decoy Wetex,5,kg/ha,,,,,,,,
CS326,2007,R/CS/326,04/12/2006,,Entice,chemical pest control process,,4,Entice,7,kg/ha,,,,,,,,
CS326,2007,R/CS/326,05/04/2007,,Hallmark with Zeon Technology,chemical pest control process,,4,Hallmark with Zeon Technology,50,ml/ha,200,l/ha,,1,,,,
CS326,2007,R/CS/326,11/04/2007,,Pacifica,chemical pest control process,,4,Pacifica 0.50,0.5,kg/ha,200,l/ha,,,,,,
CS326,2007,R/CS/326,11/04/2007,,Biopower,chemical pest control process,,4,Biopower 1.00,1,l/ha,200,l/ha,,,,,,
CS326,2007,R/CS/326,19/04/2007,,Clean Crop Wanderer,chemical pest control process,,4,Clean Crop Wanderer 1.00,1,l/ha,200,l/ha,,,,,,
CS326,2007,R/CS/326,19/04/2007,,Splice,chemical pest control process,,4,Splice 1.00,1,l/ha,200,l/ha,,,,,,
CS326,2007,R/CS/326,22/05/2007,,Amistar Opti,chemical pest control process,,4,Amistar Opti 1.25,1.25,l/ha,200,l/ha,,,,,,
CS326,2007,R/CS/326,22/05/2007,,Landgold Epoxiconazole,chemical pest control process,,4,Landgold Epoxiconazole 0.60,0.6,l/ha,200,l/ha,,,,,,
CS326,2008,R/CS/326,15/10/2007,,Decoy Wetex,chemical pest control process,,4,Decoy Wetex,7,kg/ha,,,,,,,,
CS326,2008,R/CS/326,18/10/2007,,Liberator,chemical pest control process,,4,Liberator 0.60,0.6,l/ha,200,l/ha,,,,,,
CS326,2008,R/CS/326,18/10/2007,,Alpha Trifluralin 48 EC,chemical pest control process,,4,Alpha Trifluralin 48 EC 2.00,2,l/ha,200,l/ha,,,,,,
CS326,2008,R/CS/326,17/11/2007,,Stomp 400 SC,chemical pest control process,,4,Stomp 400 SC 3.30,3.3,l/ha,200,l/ha,,,,,,
CS326,2008,R/CS/326,17/11/2007,,Arelon 500,chemical pest control process,,4,Arelon 500 2.00,2,l/ha,200,l/ha,,,,,,
CS326,2008,R/CS/326,17/11/2007,,Hallmark with Zeon Technology,chemical pest control process,,4,Hallmark with Zeon Technology 50.00,50,ml/ha,200,l/ha,,,,,,
CS326,2008,R/CS/326,05/05/2008,,Activator 90,chemical pest control process,,4,Activator 90,25,ml/ha,200,l/ha,,,,,,
CS326,2008,R/CS/326,09/05/2008,,Deuce,chemical pest control process,,4,Deuce 1.00,1,l/ha,150,l/ha,,,,,,
CS326,2008,R/CS/326,09/05/2008,,Bravo 500,chemical pest control process,,4,Bravo 500 0.75,1/150,l/ha,,,,,,,,
CS326,2008,R/CS/326,09/05/2008,,Flexity,chemical pest control process,,4,Flexity 0.20,0.2,l/ha,150,l/ha,,,,,,
CS326,2008,R/CS/326,09/05/2008,,BASF 3C Chlormequat 720,chemical pest control process,,4,BASF 3C Chlormequat 720 1.00,1,l/ha,150,l/ha,,,,,,
CS326,2008,R/CS/326,19/05/2008,,Ally Max SX,chemical pest control process,,4,Ally Max SX 42.00,42,g/ha,200,l/ha,,,,,,
CS326,2008,R/CS/326,19/05/2008,,Starane 2,chemical pest control process,,4,Starane 2 0.75,0.75,l/ha,200,l/ha,,,,,,
CS326,2008,R/CS/326,31/05/2008,,Amistar Opti,chemical pest control process,,4,Amistar Opti 1.25,1.25,l/ha,200,l/ha,,,,,,
CS326,2008,R/CS/326,31/05/2008,,Opus Team,chemical pest control process,,4,Opus Team 1.00,1,l/ha,200,l/ha,,,,,,
CS326,2009,R/CS/326,12/09/2008,,Dow Agrosciences Glyphosate 360,chemical pest control process,,4,Dow Agrosciences Glyphosate 360 2.00,2,l/ha,200,l/ha,,,,,,
CS326,2009,R/CS/326,22/10/2008,,Liberator,chemical pest control process,,4,Liberator 0.60,0.6,l/ha,200,l/ha,,,,,,
CS326,2009,R/CS/326,24/10/2008,,Decoy Wetex,chemical pest control process,,4,Decoy Wetex,7,kg/ha,,,,,,,,
CS326,2009,R/CS/326,20/11/2008,,Karan,chemical pest control process,,4,Karan,5,kg/ha,,,,,,,,
CS326,2009,R/CS/326,27/11/2008,,Avadex Excel 15G,chemical pest control process,,4,Avadex Excel 15G,15,kg/ha,,,,,,,,
CS326,2009,R/CS/326,10/12/2008,,Alpha Pendimethalin 330 EC,chemical pest control process,,4,Alpha Pendimethalin 330 EC,4,l/ha,,,,,,,,
CS326,2009,R/CS/326,10/12/2008,,Arelon 500,chemical pest control process,,4,Arelon 500,3,l/ha,,,,,,,,
CS326,2009,R/CS/326,10/12/2008,,Hallmark with Zeon Technology,chemical pest control process,,4,Hallmark with Zeon Technology,50,ml/ha,,,,1,,,,
CS326,2009,R/CS/326,14/04/2009,,Pacifica,chemical pest control process,,4,Pacifica,0.4,kg/ha,,,,,,,,
CS326,2009,R/CS/326,14/04/2009,,Biopower,chemical pest control process,,4,Biopower,1,l/ha,,,,,,,,
CS326,2009,R/CS/326,02/05/2009,,Splice,chemical pest control process,,4,Splice,1,l/ha,,,,,,,,
CS326,2009,R/CS/326,02/05/2009,,Bravo 500,chemical pest control process,,4,Bravo 500,1,l/ha,,,,,,,,
CS326,2009,R/CS/326,02/05/2009,,Talius,chemical pest control process,,4,Talius,0.13,l/ha,,,,,,,,
CS326,2009,R/CS/326,02/05/2009,,BASF 3C Chlormequat 720,chemical pest control process,,4,BASF 3C Chlormequat 720,2.25,l/ha,200,l/ha,,,,,,
CS326,2009,R/CS/326,02/05/2009,,Agriguard Fluroxypyr,chemical pest control process,,4,Agriguard Fluroxypyr,0.75,l/ha,,,,,,,,
CS326,2009,R/CS/326,28/05/2009,,Brutus,chemical pest control process,,4,Brutus,1.5,l/ha,,,,,,,,
CS326,2009,R/CS/326,28/05/2009,,Amistar Opti,chemical pest control process,,4,Amistar Opti,1.25,l/ha,,,,,,,,
CS326,2010,R/CS/326,11/09/2009,,Nufosate Ace - on stubble,chemical pest control process,,4,Nufosate Ace - on stubble,1.5,l/ha,,,,,,,,
CS326,2010,R/CS/326,05/10/2009,,Liberator,chemical pest control process,,4,Liberator - 200 It water,0.6,l/ha,200,l/ha,,,,,,
CS326,2010,R/CS/326,08/04/2010,,Unix,chemical pest control process,,4,p Unix - 146 It water,1,l/ha,146,l/ha,,,,,,
CS326,2010,R/CS/326,08/04/2010,,Unix,chemical pest control process,,4,Unix- 146 t water,1,l/ha,146,l/ha,,,,,,
CS326,2010,R/CS/326,08/04/2010,,Cherokee,chemical pest control process,,4,Cherokee - 146 It water,1,l/ha,146,l/ha,,,,,,
CS326,2010,R/CS/326,08/04/2010,,Cherokee,chemical pest control process,,4,Cherokee - 146 It water,1,l/ha,146,l/ha,,,,,,
CS326,2010,R/CS/326,17/04/2010,,Pacifica,chemical pest control process,,4,Pacifica - Winter wheat only (146 It water),0.5,kg/ha,146,l/ha,,,,,,
CS326,2010,R/CS/326,17/04/2010,,Biopower,chemical pest control process,,4,Biopower - Started (146 It water),1,l/ha,146,l/ha,,,,,,
CS326,2010,R/CS/326,05/05/2010,,Bravo 500,chemical pest control process,,4,Bravo 500,1,l/ha,,,,,,,,
CS326,2010,R/CS/326,05/05/2010,,Splice,chemical pest control process,,4,Splice,1,l/ha,,,,,,,,
CS326,2010,R/CS/326,05/05/2010,,Tracker,chemical pest control process,,4,Tracker,1,l/ha,,,,,,,,
CS326,2010,R/CS/326,05/05/2010,,Talius,chemical pest control process,,4,Talius,0.13,l/ha,,,,,,,,
CS326,2010,R/CS/326,05/05/2010,,Talius,chemical pest control process,,4,Talius,0.13,l/ha,,,,,,,,
CS326,2010,R/CS/326,05/05/2010,,Agriguard Chlormequat 720,chemical pest control process,,4,Agriguard Chlormequat 720,2.25,l/ha,200,l/ha,,,,,,
CS326,2010,R/CS/326,05/05/2010,,Chlormequat 3C,chemical pest control process,,4,Chlormequat 3C,2.25,l/ha,200,l/ha,,,,,,
CS326,2010,R/CS/326,19/05/2010,,Ally Max SX,chemical pest control process,,4,Ally Max SX,42,g/ha,,,,,,,,
CS326,2010,R/CS/326,19/05/2010,,Tomahawk,chemical pest control process,,4,Tomahawk,1,l/ha,,,,,,,,
CS326,2010,R/CS/326,31/05/2010,,Comet,chemical pest control process,,4,Comet 200 - 200 It water,0.6,l/ha,200,l/ha,,,,,,
CS326,2010,R/CS/326,31/05/2010,,Opus,chemical pest control process,,4,Opus - 200 It water,0.6,l/ha,200,l/ha,,,,,,
CS326,2011,R/CS/326,20/09/2010,,Reaper,chemical pest control process,,4,Reaper,3,l/ha,,,,,,,,
CS326,2011,R/CS/326,17/10/2010,,Regatta,chemical pest control process,,4,Sprayed Regatta,0.6,l/ha,,,,200,,l/ha,Sprayed,
CS326,2011,R/CS/326,13/12/2010,,Spread Avadex Excel 15 G,chemical pest control process,,4,Spread Avadex Excel 15 G,15,kg/ha,,,,,,,,
CS326,2011,R/CS/326,29/03/2011,,Cherokee,chemical pest control process,,4,Sprayed Cherokee,1.25,l/ha,,,,118,,l/ha,Sprayed,
CS326,2011,R/CS/326,13/04/2011,,Pacifica,chemical pest control process,,4,sprayed Pacifica,0.5,kg/ha,,,,,,,Sprayed,
CS326,2011,R/CS/326,13/04/2011,,Biopower,chemical pest control process,,4,sprayed Bio-power (wheat only),1,l/ha,,,,,,,Sprayed,
CS326,2011,R/CS/326,21/04/2011,,Opus,chemical pest control process,,4,Sprayed Opus,0.8,l/ha,,,,200,,l/ha,Sprayed,
CS326,2011,R/CS/326,21/04/2011,,Bravo 500,chemical pest control process,,4,Sprayed Bravo 500,1,l/ha,200,l/ha,,,,,Sprayed,
CS326,2011,R/CS/326,21/04/2011,,Agriguard Chlormequat,chemical pest control process,,4,Sprayed Agriguard Chlormequat - Wheat only,2.25,l/ha,,,,200,,l/ha,Sprayed,
CS326,2011,R/CS/326,21/04/2011,,Bravo 500,chemical pest control process,,4,Sprayed Bravo 500,1,l/ha,200,l/ha,,,,,Sprayed,
CS326,2011,R/CS/326,21/04/2011,,Tracker,chemical pest control process,,4,Sprayed Tracker,1,l/ha,,,,200,,l/ha,Sprayed,
CS326,2011,R/CS/326,06/05/2011,,Agriguard Chlormequat 720,chemical pest control process,,4,Sprayed Agriguard Chlormequat 720,2.25,l/ha,200,l/ha,,,,,Sprayed,
CS326,2011,R/CS/326,06/05/2011,,Justice,chemical pest control process,,4,Sprayed Justice - wheat only,0.25,l/ha,,,,200,,l/ha,Sprayed,
CS326,2011,R/CS/326,20/05/2011,,Opus,chemical pest control process,,4,Sprayed Opus,0.8,l/ha,,,,,,,Sprayed,
CS326,2011,R/CS/326,20/05/2011,,Comet 200,chemical pest control process,,4,Sprayed Comet 200,0.6,l/ha,,,,,,,Sprayed,
CS326,2011,R/CS/326,20/05/2011,,Bravo 500,chemical pest control process,,4,Sprayed Bravo 500,1,l/ha,,,,,,,Sprayed,
CS326,2012,R/CS/326,30/08/2011,,Statis 360 ( stubble prior to primary cultivations),chemical pest control process,,4,Sprayed Statis 360 (Sprayed stubble prior to primary cultivations),1.5,l/ha,,,,200,,l/ha,Sprayed,
CS326,2012,R/CS/326,15/09/2011,,Symbol (Stubble glyphosate prior to primary cultivations),chemical pest control process,,4,Sprayed Symbol (Stubble glyphosate prior to primary cultivations),1.5,l/ha,,,,200,,l/ha,Sprayed,
CS326,2012,R/CS/326,13/10/2011,,Liberator,chemical pest control process,,4,sprayed Liberator,0.6,l/ha,,,,200,,l/ha,Sprayed,
CS326,2012,R/CS/326,13/10/2011,,Cinder,chemical pest control process,,4,Sprayed Cinder,2,l/ha,,,,200,,l/ha,Sprayed,
CS326,2012,R/CS/326,28/11/2011,,Hallmark with Zeon Technology,chemical pest control process,,4,Sprayed Hallmark with Zeon Technology,50,ml/ha,200,l/ha,,1,,l/ha,Sprayed,
CS326,2012,R/CS/326,29/02/2012,,Pacifica,chemical pest control process,,4,sprayed Pacifica,0.4,kg/ha,,,,150,,l/ha,Sprayed,
CS326,2012,R/CS/326,29/02/2012,,Biopower,chemical pest control process,,4,Sprayed Bio Power,1,l/ha,,,,150,,l/ha,Sprayed,
CS326,2012,R/CS/326,15/03/2012,,Cherokee SE,chemical pest control process,,4,Sprayed Cherokee SE,1,l/ha,,,,200,,l/ha,Sprayed,
CS326,2012,R/CS/326,15/03/2012,,Justice,chemical pest control process,,4,Sprayed Justice,0.125,l/ha,,,,200,,l/ha,Sprayed,
CS326,2012,R/CS/326,23/04/2012,,Bravo 500,chemical pest control process,,4,Sprayed Bravo 500,1,l/ha,200,l/ha,,,,,Sprayed,
CS326,2012,R/CS/326,23/04/2012,,Tracker,chemical pest control process,,4,Sprayed Tracker,0.8,l/ha,200,l/ha,,,,,Sprayed,
CS326,2012,R/CS/326,23/04/2012,,Starane 2,chemical pest control process,,4,Sprayed Starane2,0.5,l/ha,200,l/ha,,,,,Sprayed,
CS326,2012,R/CS/326,23/04/2012,,Agriguard,chemical pest control process,,4,Sprayed Agriguard,2.25,l/ha,200,l/ha,,,,,Sprayed,
CS326,2012,R/CS/326,06/05/2012,,Ally Max,chemical pest control process,,4,Sprayed Ally Max in 200I/ha of water,42,g/ha,200,l/ha,,,,,Sprayed,
CS326,2012,R/CS/326,22/05/2012,,Topik,chemical pest control process,,4,Sprayed Topik,0.125,l/ha,,,,,,,Sprayed,
CS326,2012,R/CS/326,22/05/2012,,Adigor,chemical pest control process,,4,Sprayed Adigor,1,l/ha,,,,,,,Sprayed,
CS326,2012,R/CS/326,23/05/2012,,Comet,chemical pest control process,,4,sprayed comet,0.6,l/ha,,,,,,,Sprayed,
CS326,2012,R/CS/326,23/05/2012,,Bravo 500,chemical pest control process,,4,Sprayed Bravo 500,1,l/ha,,,,,,,Sprayed,
CS326,2012,R/CS/326,23/05/2012,,Opus,chemical pest control process,,4,Sprayed Opus,0.8,l/ha,,,,,,,Sprayed,
CS326,2012,R/CS/326,13/06/2012,,Amistar,chemical pest control process,,4,Sprayed Amistar,0.3,l/ha,100,l/ha,,,,,Sprayed,
CS326,2012,R/CS/326,13/06/2012,,Prosaro,chemical pest control process,,4,Sprayed Prosaro,0.7,l/ha,100,l/ha,,,,,Sprayed,
CS326,2013,R/CS/326,13/10/2012,,Liberator EW,chemical pest control process,,4,Sprayed Liberator EW,6,l/ha,,,,,,,Sprayed,
CS326,2013,R/CS/326,18/10/2012,,Spread Slug Pellets - Gusto,chemical pest control process,,4,Spread Slug Pellets - Gusto,6,kg/ha,,,,,,,,
CS326,2013,R/CS/326,07/05/2013,,Kingdom,chemical pest control process,,4,Sprayed Kingdom,1.25,l/ha,,,,,,,Sprayed,
CS326,2013,R/CS/326,07/05/2013,,Bravo,chemical pest control process,,4,Sprayed Bravo,1,l/ha,,,,,,,Sprayed,
CS326,2013,R/CS/326,07/05/2013,,Cycocel,chemical pest control process,,4,Sprayed Cycocel,2,l/ha,,,,,,,Sprayed,
CS326,2013,R/CS/326,05/06/2013,,refine max,chemical pest control process,,4,sprayed refine max,75,g/ha,,,,,,,Sprayed,
CS326,2013,R/CS/326,05/06/2013,,Ignite,chemical pest control process,,4,sprayed ignite,1.2,l/ha,,,,,,,Sprayed,
CS326,2013,R/CS/326,05/06/2013,,Comet,chemical pest control process,,4,sprayed comet,0.4,l/ha,,,,,,,Sprayed,
CS326,2013,R/CS/326,05/06/2013,,Hatchet,chemical pest control process,,4,Sprayed Hatchet,0.75,l/ha,,,,,,,Sprayed,
CS326,2013,R/CS/326,18/07/2013,,Cello,chemical pest control process,,4,sprayed Cello,0.55,l/ha,,,,,,,Sprayed,
CS326,2014,R/CS/326,05/10/2013,,Liberator,chemical pest control process,,4,sprayed Liberator,0.6,l/ha,,,,,,,Sprayed,
CS326,2014,R/CS/326,05/10/2013,,Defy,chemical pest control process,,4,Sprayed Defy,2,l/ha,,,,,,,Sprayed,
CS326,2014,R/CS/326,15/10/2013,,Applied Major Slug Pellets,chemical pest control process,,4,Applied Major Slug Pellets,4,kg/ha,,,,,,,,
CS326,2014,R/CS/326,02/12/2013,,Hallmark,chemical pest control process,,4,sprayed Hallmark,50,ml/ha,,,,,,,Sprayed,
CS326,2014,R/CS/326,29/03/2014,,Artemis,chemical pest control process,,4,sprayed Artemis,1,l/ha,,,,,,,Sprayed,
CS326,2014,R/CS/326,29/03/2014,,Bravo 500,chemical pest control process,,4,Sprayed Bravo 500,1,l/ha,,,,,,,Sprayed,
CS326,2014,R/CS/326,29/03/2014,,Moddus,chemical pest control process,,4,sprayed Moddus,150,l/ha,,,,,,,Sprayed,
CS326,2014,R/CS/326,29/03/2014,,BASF 3C 720,chemical pest control process,,4,Sprayed BASF 3C 720,1.25,l/ha,,,,,,,Sprayed,
CS326,2014,R/CS/326,25/04/2014,,Ally Max,chemical pest control process,,4,Sprayed Ally Max,30,g/ha,,,,,,,Sprayed,
CS326,2014,R/CS/326,25/04/2014,,Kingdom,chemical pest control process,,4,Sprayed Kingdom,1.25,l/ha,,,,,,,Sprayed,
CS326,2014,R/CS/326,25/04/2014,,Bravo 500,chemical pest control process,,4,Sprayed Bravo 500,1,l/ha,,,,,,,Sprayed,
CS326,2014,R/CS/326,25/04/2014,,Hatchet Xtra,chemical pest control process,,4,Sprayed Hatchet Xtra,1,l/ha,,,,,,,Sprayed,
CS326,2014,R/CS/326,16/05/2014,,Vortex,chemical pest control process,,4,sprayed Vortex,1.5,l/ha,,,,,,,Sprayed,
CS326,2015,R/CS/326,03/10/2014,,Liberator,chemical pest control process,,4,sprayed Liberator,6,l/ha,,,,,,,Sprayed,
CS326,2015,R/CS/326,03/10/2014,,Anthem,chemical pest control process,,4,Sprayed Anthem,24,l/ha,,,,,,,Sprayed,
CS326,2015,R/CS/326,29/10/2014,,Applied TOS Major Slug Pellets,chemical pest control process,,4,Applied TOS Major Slug Pellets,5,kg/ha,,,,,,,,
CS326,2015,R/CS/326,25/11/2014,,Hallmark,chemical pest control process,,4,Sprayed Hallmark + Pixie,50,ml/ha,,,,,,,Sprayed,
CS326,2015,R/CS/326,25/11/2014,,Pixie,chemical pest control process,,4,Sprayed Hallmark + Pixie,1.25,l/ha,,,,,,,Sprayed,
CS326,2015,R/CS/326,23/03/2015,,Chex,chemical pest control process,,4,Sprayed Chex onto Winter Wheat,250,ml/ha,,,,,,,Sprayed,
CS326,2015,R/CS/326,23/03/2015,,Pacifica,chemical pest control process,,4,Sprayed Pacifica onto Winter Wheat,500,ml/ha,,,,,,,Sprayed,
CS326,2015,R/CS/326,23/03/2015,,Biopower,chemical pest control process,,4,Sprayed Bio Power onto Winter Wheat,1,l/ha,,,,,,,Sprayed,
CS326,2015,R/CS/326,27/03/2015,,Artemis,chemical pest control process,,4,sprayed Artemis,1,l/ha,,,,,,,Sprayed,
CS326,2015,R/CS/326,27/03/2015,,Bravo 500,chemical pest control process,,4,Sprayed Bravo 500,1,l/ha,,,,,,,Sprayed,
CS326,2015,R/CS/326,27/03/2015,,BASF 3C Chlormequat 750,chemical pest control process,,4,"Sprayed BASF 3C, Chlormequat 750",1.25,l/ha,200,l/ha,,,,,Sprayed,
CS326,2015,R/CS/326,27/03/2015,,Moddus,chemical pest control process,,4,sprayed Moddus,150,ml/ha,,,,,,,Sprayed,
CS326,2015,R/CS/326,22/04/2015,,Kingdom,chemical pest control process,,4,Sprayed Kingdom,1.25,kg/ha,,,,,,,Sprayed,
CS326,2015,R/CS/326,22/04/2015,,Balear 720,chemical pest control process,,4,sprayed Balear 720,700,kg/ha,,,,,,,Sprayed,
CS326,2015,R/CS/326,22/05/2015,,Ally Max,chemical pest control process,,4,Sprayed Ally Max,30,g/ha,,,,,,,Sprayed,
CS326,2015,R/CS/326,22/05/2015,,Envoy,chemical pest control process,,4,Sprayed Envoy,750,ml/ha,,,,,,,Sprayed,
CS326,2015,R/CS/326,22/05/2015,,Bravo 500,chemical pest control process,,4,Sprayod Bravo 500,1,l/ha,,,,,,,Sprayed,
CS326,2015,R/CS/326,12/06/2015,,Cello,chemical pest control process,,4,sprayed Cello,550,ml/ha,,,,,,,Sprayed,
CS326,2016,R/CS/326,06/09/2015,,Samurai,chemical pest control process,,4,Sprayed Samurai,1,l/ha,,,,,,,Sprayed,
CS326,2016,R/CS/326,06/09/2015,,Firebrand,chemical pest control process,,4,Sprayed Firebrand,2,l/ha,,,,,,,Sprayed,
CS326,2016,R/CS/326,09/10/2015,,Liberator,chemical pest control process,,4,sprayed Liberator,600,ml/ha,,,,,,,Sprayed,
CS326,2016,R/CS/326,12/11/2015,,Hallmark,chemical pest control process,,4,sprayed Hallmark,40,ml/ha,,,,,,,Sprayed,
CS326,2016,R/CS/326,05/04/2016,,3C Chlormequat 750,chemical pest control process,,4,Sprayed 3C Chlormequat 750,1.25,l/ha,,,,,,,Sprayed,
CS326,2016,R/CS/326,05/04/2016,,Moddus,chemical pest control process,,4,sprayed Moddus,200,ml/ha,,,,,,,Sprayed,
CS326,2016,R/CS/326,05/04/2016,,Savannah,chemical pest control process,,4,Sprayed Savannah,500,ml/ha,,,,,,,Sprayed,
CS326,2016,R/CS/326,05/04/2016,,Mirage 40ec,chemical pest control process,,4,Sprayed Mirage 40ec,500,ml/ha,,,,,,,Sprayed,
CS326,2016,R/CS/326,05/04/2016,,Bravo 500,chemical pest control process,,4,Sprayed Bravo 500,1,l/ha,,,,,,,Sprayed,
CS326,2016,R/CS/326,08/04/2016,,Moddus,chemical pest control process,,4,sprayed Moddus,150,ml/ha,,,,,,,Sprayed,
CS326,2016,R/CS/326,08/04/2016,,3C Chlormequat 750,chemical pest control process,,4,Sprayed 3C Chlormequat 750,1.25,l/ha,,,,,,,Sprayed,
CS326,2016,R/CS/326,08/04/2016,,Odin,chemical pest control process,,4,Sprayed Odin,500,ml/ha,,,,,,,Sprayed,
CS326,2016,R/CS/326,08/04/2016,,Mirage 40ec,chemical pest control process,,4,Sprayed Mirage 40ec,500,ml/ha,,,,,,,Sprayed,
CS326,2016,R/CS/326,08/04/2016,,Bravo 500,chemical pest control process,,4,Sprayed Bravo 500,1,l/ha,,,,,,,Sprayed,
CS326,2016,R/CS/326,04/05/2016,,Ally Max,chemical pest control process,,4,Sprayed Ally Max,20,g/ha,,,,,,,Sprayed,
CS326,2016,R/CS/326,04/05/2016,,Keystone,chemical pest control process,,4,sprayed Keystone,800,ml/ha,,,,,,,Sprayed,
CS326,2016,R/CS/326,04/05/2016,,Balear 720,chemical pest control process,,4,sprayed Balear 720,700,ml/ha,,,,,,,Sprayed,
CS326,2016,R/CS/326,25/05/2016,,Vortex,chemical pest control process,,4,sprayed Vortex,1.5,l/ha,,,,,,,Sprayed,
CS326,2016,R/CS/326,25/05/2016,,Spiggot,chemical pest control process,,4,SprayedSpiggot,250,ml/ha,,,,,,,Sprayed,
CS326,2016,R/CS/326,25/05/2016,,Hatchet Xtra,chemical pest control process,,4,Sprayed Hatchet Xtra,750,ml/ha,,,,,,,Sprayed,
CS326,2016,R/CS/326,08/07/2016,,Cello,chemical pest control process,,4,sprayed Cello,550,ml/ha,,,,,,,Sprayed,
CS326,2016,R/CS/326,08/07/2016,,Hallmark,chemical pest control process,,4,sprayed Hallmark,50,ml/ha,,,,,,,Sprayed,
CS326,2017,R/CS/326,13/10/2016,,Liberator,chemical pest control process,,4,sprayed Liberator,600,ml/ha,,,,,,,Sprayed,
CS326,2017,R/CS/326,13/10/2016,,Jade,chemical pest control process,,4,sprayed Jade,3,l/ha,,,,,,,Sprayed,
CS326,2017,R/CS/326,13/10/2016,,Deploy,chemical pest control process,,4,sprayed Deploy,400,ml/ha,,,,,,,Sprayed,
CS326,2017,R/CS/326,08/11/2016,,Applied Major Slug Pellets,chemical pest control process,,4,Applied Major Slug Pellets,5,kg/ha,,,,,,,,
CS326,2017,R/CS/326,30/11/2016,,Hallmark,chemical pest control process,,4,sprayed Hallmark,50,ml/ha,,,,,,,Sprayed,
CS326,2017,R/CS/326,27/03/2017,,Chex,chemical pest control process,,4,sprayed Chex - winter wheat only,250,ml/ha,,,,,,,Sprayed,
CS326,2017,R/CS/326,27/03/2017,,Pacifica,chemical pest control process,,4,sprayed Pacifica - winter wheat only,500,g/ha,,,,,,,Sprayed,
CS326,2017,R/CS/326,27/03/2017,,Biopower,chemical pest control process,,4,sprayed Bio Power - winter wheat only,1,l/ha,,,,,,,Sprayed,
CS326,2017,R/CS/326,05/04/2017,,Artemis,chemical pest control process,,4,sprayed Artemis,1,l/ha,,,,,,,Sprayed,
CS326,2017,R/CS/326,05/04/2017,,Claw 500,chemical pest control process,,4,sprayed Claw 500,1,l/ha,,,,,,,Sprayed,
CS326,2017,R/CS/326,05/04/2017,,3C Chlormequat 750,chemical pest control process,,4,Sprayed 3C Chlormequat 750,2,l/ha,,,,,,,Sprayed,
CS326,2017,R/CS/326,23/04/2017,,Keystone,chemical pest control process,,4,sprayed Keystone,600,ml/ha,,,,,,,Sprayed,
CS326,2017,R/CS/326,23/04/2017,,Epic,chemical pest control process,,4,sprayed Epic,400,ml/ha,,,,,,,Sprayed,
CS326,2017,R/CS/326,23/04/2017,,Balear 720,chemical pest control process,,4,sprayed Balear 720,700,ml/ha,,,,,,,Sprayed,
CS326,2017,R/CS/326,13/06/2017,,Fezan (Tebuconazole),chemical pest control process,,4,Sprayed Fezan (Tebuconazole),750,ml/ha,,,,,,,Sprayed,
CS326,1987,W/CS/326,10/10/1986,,tri-allate as 'avadex bw',chemical pest control process,,4,Tri-allate applied,4.2,l/ha,250,l/ha,,,,,,
CS326,1987,W/CS/326,17/04/1987,,isoproturon,chemical pest control process,,4,"Isoproturon, clopyralid, bromoxynil and mecoprop applied",2.0,kg/ha,240,l/ha,,,,,,
CS326,1987,W/CS/326,17/04/1987,,clopyralid,chemical pest control process,,4,"Isoproturon, clopyralid, bromoxynil and mecoprop applied",0.07,kg/ha,240,l/ha,,,,,,
CS326,1987,W/CS/326,17/04/1987,,bromoxynil,chemical pest control process,,4,"Isoproturon, clopyralid, bromoxynil and mecoprop applied",0.34,kg/ha,240,l/ha,,,,,,
CS326,1987,W/CS/326,17/04/1987,,mecoprop,chemical pest control process,,4,"Isoproturon, clopyralid, bromoxynil and mecoprop applied",2.5,kg/ha,240,l/ha,,,,,,
CS326,1987,W/CS/326,05/06/1987,,propiconazole,chemical pest control process,,4,propiconazole and Tridemorph applied,0.12,kg/ha,,,,,,,,
CS326,1987,W/CS/326,05/06/1987,,tridemorph,chemical pest control process,,4,propiconazole and Tridemorph applied,0.52,kg/ha,200,l/ha,,,,,,
CS326,1987,W/CS/326,30/06/1987,,propiconazole,chemical pest control process,,4,"propiconazole, carbendazim and maneb applied",0.12,kg/ha,,,,,,,,
CS326,1987,W/CS/326,30/06/1987,,carbendazim and maneb as Septal,chemical pest control process,,4,"propiconazole, carbendazim and maneb applied",2.5,kg/ha,200,l/ha,,,,,,
CS326,1988,W/CS/326,25/09/1987,,glyphosate,chemical pest control process,,4,glyphosate applied,1.1,kg/ha,200,l/ha,,,,,,
CS326,1988,W/CS/326,22/10/1987,,glyphosate,chemical pest control process,,4,glyphosate applied,0.27,kg/ha,200,l/ha,,,,,,
CS326,1988,W/CS/326,26/04/1988,,isoproturon,chemical pest control process,,4,"Isoproturon, bromoxynil, ioxynil and mecoprop applied",2.1,kg/ha,200,l/ha,,,,,,
CS326,1988,W/CS/326,26/04/1988,,bromoxynil,chemical pest control process,,4,"Isoproturon, bromoxynil, ioxynil and mecoprop applied",0.20,kg/ha,200,l/ha,,,,,,
CS326,1988,W/CS/326,26/04/1988,,ioxynil,chemical pest control process,,4,"Isoproturon, bromoxynil, ioxynil and mecoprop applied",0.20,kg/ha,200,l/ha,,,,,,
CS326,1988,W/CS/326,26/04/1988,,mecoprop,chemical pest control process,,4,"Isoproturon, bromoxynil, ioxynil and mecoprop applied",1.6,kg/ha,220,l/ha,,,,,,
CS326,1988,W/CS/326,22/06/1988,,propiconazole,chemical pest control process,,4,Fungicide applied,0.12,kg/ha,220,l/ha,,,,,,
CS326,1988,W/CS/326,22/06/1988,,tridemorph,chemical pest control process,,4,,0.25,kg/ha,220,l/ha,,,,,,
CS326,1988,W/CS/326,16/08/1988,,glyphosate,chemical pest control process,,4,glyphosate applied,1.1,kg/ha,200,l/ha,,,,,,
CS326,1989,W/CS/326,19/10/1988,,paraquat,chemical pest control process,,4,paraquat applied,0.80,kg/ha,220,l/ha,,,,,,
CS326,1989,W/CS/326,08/12/1988,,isoproturon,chemical pest control process,,4,Isoproturon applied,1.5,kg/ha,220,l/ha,,,,,,
CS326,1989,W/CS/326,23/05/1989,,chlorothalonil,chemical pest control process,,4,Chlorothalonil applied,1.0,kg/ha,220,l/ha,,,,,,
CS326,1989,W/CS/326,22/06/1989,,propiconazole,chemical pest control process,,4,propiconazole and Tridemorph applied,0.12,kg/ha,220,l/ha,,,,,,
CS326,1989,W/CS/326,22/06/1989,,tridemorph,chemical pest control process,,4,propiconazole and Tridemorph applied,0.52,kg/ha,220,l/ha,,,,,,
CS326,1990,W/CS/326,06/10/1989,,glyphosate,chemical pest control process,,4,glyphosate applied,0.36,kg/ha,220,l/ha,,,,,,
CS326,1990,W/CS/326,11/12/1989,,isoproturon,chemical pest control process,,4,Isoproturon and isoxaben applied,1.5,kg/ha,220,l/ha,,,,,,
CS326,1990,W/CS/326,11/12/1989,,isoxaben,chemical pest control process,,4,Isoproturon and isoxaben applied,75,g/ha,220,l/ha,,,,,,
CS326,1990,W/CS/326,24/04/1990,,metsulfuron-methyl,chemical pest control process,,4,,6.0,g/ha,200,l/ha,,,,,,
CS326,1990,W/CS/326,24/04/1990,,fluroxypyr,chemical pest control process,,4,metsulfuron-methyl applied,0.15,kg/ha,200,l/ha,,,,,,
CS326,1990,W/CS/326,22/05/1990,,chlorothalonil,chemical pest control process,,4,,0.50,kg/ha,300,l/ha,,,,,,
CS326,1990,W/CS/326,22/05/1990,,propiconazole,chemical pest control process,,4,Fungicide applied,0.12,kg/ha,300,l/ha,,,,,,
CS326,1991,W/CS/326,11/09/1990,,glyphosate,chemical pest control process,,4,glyphosate applied,0.27,kg/ha,220,l/ha,,,,,,
CS326,1991,W/CS/326,02/10/1990,,tri-allate,chemical pest control process,,4,Tri-allate applied,1.7,kg/ha,220,l/ha,,,,,,
CS326,1991,W/CS/326,27/11/1990,,pendimethalin,chemical pest control process,,4,"Pendimethalin, isoproturon and deltamethrin applied",1.3,kg/ha,220,l/ha,,,,,,
CS326,1991,W/CS/326,27/11/1990,,isoproturon,chemical pest control process,,4,"Pendimethalin, isoproturon and deltamethrin applied",1.2,kg/ha,220,l/ha,,,,,,
CS326,1991,W/CS/326,27/11/1990,,deltamethrin,chemical pest control process,,4,"Pendimethalin, isoproturon and deltamethrin applied",5.0,g/ha,220,l/ha,,,,,,
CS326,1991,W/CS/326,24/04/1991,,fenpropimorph,chemical pest control process,,4,Fenpropimorph applied,0.38,kg/ha,210,l/ha,,,,,,
CS326,1991,W/CS/326,20/06/1991,,fenpropimorph,chemical pest control process,,4,"Fenpropimorph, chlorothalonil and flutriafol applied",0.38,kg/ha,210,l/ha,,,,,,
CS326,1991,W/CS/326,20/06/1991,,chlorothalonil,chemical pest control process,,4,"Fenpropimorph, chlorothalonil and flutriafol applied",0.49,kg/ha,210,l/ha,,,,,,
CS326,1991,W/CS/326,20/06/1991,,flutriafol,chemical pest control process,,4,"Fenpropimorph, chlorothalonil and flutriafol applied",78,g/ha,210,l/ha,,,,,,
CS326,1992,W/CS/326,12/10/1991,,Pilot,chemical pest control process,,4,Pilot at 0.15 1 with Cropspray 11 E at 2.0 1 in 200 l,0.15,l/ha,200,l/ha,,1,,,,
CS326,1992,W/CS/326,12/10/1991,,Cropspray 11 E,chemical pest control process,,4,Pilot at 0.15 1 with Cropspray 11 E at 2.0 1 in 200 l,2,l/ha,200,l/ha,,1,,,,
CS326,1992,W/CS/326,15/01/1992,,Benazalox,chemical pest control process,,4,Benazalox at 1.0 kg in 200 l,1,kg/ha,200,l/ha,,,,,,
CS326,1992,W/CS/326,01/04/1992,,Lentagran 45 Wp,chemical pest control process,,4,Lentagran 45 WP at 2.0 kg in 200 l,2,kg/ha,200,l/ha,,,,,,
CS326,1992,W/CS/326,03/05/1992,,Sportak,chemical pest control process,,4,Sportak at 1.2 1 in 200 l,1.2,l/ha,200,l/ha,,,,,,
CS326,1992,W/CS/326,16/07/1992,,Reglone,chemical pest control process,,4,Reglone at 3.0 1 with Agral at 0.46 1 in 400 l,3,l/ha,400,l/ha,,1,,,,
CS326,1992,W/CS/326,16/07/1992,,Agral,chemical pest control process,,4,Reglone at 3.0 1 with Agral at 0.46 1 in 400 l,0.46,l/ha,400,l/ha,,1,,,,
CS326,1993,W/CS/326,29/09/1992,,Roundup,chemical pest control process,,4,Roundup at 4.0 1 in 200 l,4,l/ha,200,l/ha,,,,,,
CS326,1993,W/CS/326,09/10/1992,,Avadex BW Granular,chemical pest control process,,4,Avadex BW Granular at 4.2 1 in 200 l,4.2,l/ha,200,l/ha,,,,,,
CS326,1993,W/CS/326,12/10/1992,,Pre-empt,chemical pest control process,,4,Pre-Empt at 5.0 1 with Scythe at 3.0 1 in 200 l,5,l/ha,200,l/ha,,1,,,,
CS326,1993,W/CS/326,12/10/1992,,Scythe,chemical pest control process,,4,Pre-Empt at 5.0 1 with Scythe at 3.0 1 in 200 l,3,l/ha,200,l/ha,,1,,,,
CS326,1993,W/CS/326,16/10/1992,,Draza,chemical pest control process,,4,Draza at 5.5 kg,5.5,kg/ha,200,l/ha,,,,,,
CS326,1993,W/CS/326,15/04/1993,,Starane 2,chemical pest control process,,4,Starane 2 at 1.0 1 with new 5C Cycocel at 2.5 1 in 200 l,1,l/ha,200,l/ha,,1,,,,
CS326,1993,W/CS/326,15/04/1993,,New 5c Cycocel,chemical pest control process,,4,Starane 2 at 1.0 1 with new 5C Cycocel at 2.5 1 in 200 l,2.5,l/ha,200,l/ha,,1,,,,
CS326,1993,W/CS/326,18/05/1993,,Halo,chemical pest control process,,4,Halo at 2.0 1 and Mistral at 0.25 1 in 200 l,2,l/ha,200,l/ha,,,,,,
CS326,1993,W/CS/326,22/06/1993,,Ashlade Mancozeb Fl,chemical pest control process,,4,Ashlade mancozeb FL at 3.0 1 and Corbel at 0.50 1 in 200 l,3,l/ha,200,l/ha,,,,,,
CS326,1994,W/CS/326,19/10/1993,,Scythe,chemical pest control process,,4,Scythe at 4.0 1 in 200 l,4,l/ha,200,l/ha,,,,,,
CS326,1994,W/CS/326,28/02/1994,,Draza,chemical pest control process,,4,Draza at 5.5 kg,5.5,kg/ha,200,l/ha,,,,,,
CS326,1994,W/CS/326,06/05/1994,,Ally,chemical pest control process,,4,ally at 30 g with Oxytril CM at 1.0 1 and Halo at 1.5 l in 200 l,30,g/ha,200,l/ha,,1,,,,
CS326,1994,W/CS/326,06/05/1994,,Oxytril Cm,chemical pest control process,,4,ally at 30 g with Oxytril CM at 1.0 1 and Halo at 1.5 l in 200 l,1,l/ha,200,l/ha,,1,,,,
CS326,1994,W/CS/326,30/05/1994,,Cyclone,chemical pest control process,,4,Cyclone at 1.0 1 with Bravo 500 at 1.0 1 in 200 l,1,l/ha,200,l/ha,,1,,,,
CS326,1994,W/CS/326,30/05/1994,,Bravo 500,chemical pest control process,,4,Cyclone at 1.0 1 with Bravo 500 at 1.0 1 in 200 l,1,l/ha,200,l/ha,,1,,,,
CS326,1994,W/CS/326,14/06/1994,,Hostathion,chemical pest control process,,4,Hostathion at 0.84 1 in 200 l,0.84,l/ha,200,l/ha,,,,,,
CS326,1995,W/CS/326,26/09/1994,,Gramoxone 100,chemical pest control process,,4,Gramoxone 100 at 3.0 1 in 200 l,3,l/ha,200,l/ha,,,,,,
CS326,1995,W/CS/326,02/11/1994,,Avadex BW Granular,chemical pest control process,,4,Avadex BW Granular at 22.5 kg,22.5,kg/ha,200,l/ha,,,,,,
CS326,1995,W/CS/326,02/12/1994,,Stomp 400,chemical pest control process,,4,Stomp 400 at 3.3 l with Stefes IPU at 3.0 1 in 200 l,3.3,l/ha,200,l/ha,,1,,,,
CS326,1995,W/CS/326,02/12/1994,,Stefes IPU,chemical pest control process,,4,Stomp 400 at 3.3 l with Stefes IPU at 3.0 1 in 200 l,3,l/ha,200,l/ha,,1,,,,
CS326,1995,W/CS/326,02/05/1995,,Starane 2,chemical pest control process,,4,Starane 2 at 1.0 l with Halo at 2.0 1 in 200 l,1,l/ha,200,l/ha,,1,,,,
CS326,1995,W/CS/326,02/05/1995,,Halo,chemical pest control process,,4,Starane 2 at 1.0 l with Halo at 2.0 1 in 200 l,2,l/ha,200,l/ha,,1,,,,
CS326,1995,W/CS/326,01/06/1995,,Cyclone,chemical pest control process,,4,Cyclone at 1.0 1 in 300 l.,1,l/ha,300,l/ha,,,,,,
CS326,1995,W/CS/326,30/06/1995,,Primicarb 50 Dg,chemical pest control process,,4,primicarb 50 DG at 280 g in 300 l,280,g/ha,300,l/ha,,,,,,
CS326,1996,W/CS/326,02/10/1995,,Harvest,chemical pest control process,,4,Harvest at 3.0 1 in 300 l,3,l/ha,300,l/ha,,,,,,
CS326,1996,W/CS/326,13/11/1995,,Trump,chemical pest control process,,4,Trump at 5.5 1 in 200 l,5.5,l/ha,200,l/ha,,,,,,
CS326,1996,W/CS/326,30/04/1996,,Halo,chemical pest control process,,4,Halo at 1.5 1 in 200 l,1.5,l/ha,200,l/ha,,,,,,
CS326,1996,W/CS/326,06/06/1996,,Halo,chemical pest control process,,4,Halo at 2.0 l in 300 l,2,l/ha,300,l/ha,,,,,,
CS326,1997,W/CS/326,02/10/1996,,Scythe Lc,chemical pest control process,,4,Scythe LC at 3.0 1 in 200 l,3,l/ha,200,l/ha,,,,,,
CS326,1997,W/CS/326,22/11/1996,,Avadex Excel 15G,chemical pest control process,,4,Avadex Excel 15G at 15 kg,15,kg/ha,200,l/ha,,,,,,
CS326,1997,W/CS/326,12/12/1996,,Stomp 400 SC,chemical pest control process,,4,Stomp 400 SC at 2.5 l with Isoproturon 500 at 1.0 1 in 200 l,2.5,l/ha,200,l/ha,,1,,,,
CS326,1997,W/CS/326,12/12/1996,,Isoproturon 500,chemical pest control process,,4,Stomp 400 SC at 2.5 l with Isoproturon 500 at 1.0 1 in 200 l,1,l/ha,200,l/ha,,1,,,,
CS326,1997,W/CS/326,16/05/1997,,Halo,chemical pest control process,,4,Halo at 2.0 l in 300 l,2,l/ha,300,l/ha,,,,,,
CS326,1997,W/CS/326,08/08/1997,,Barclay Gallup,chemical pest control process,,4,Barclay Gallup at 2.0 1 in 300 l,2,l/ha,300,l/ha,,,,,,
CS326,1998,W/CS/326,22/10/1997,,Avadex BW Granular,chemical pest control process,,4,Avadex BW Granular at 22.5 kg,22.5,kg/ha,100,l/ha,,,,,,
CS326,1998,W/CS/326,29/01/1998,,Panther,chemical pest control process,,4,Panther at 1.0 l with atlas IPU at 1.0 l in 200 l,1,l/ha,200,l/ha,,1,,,,
CS326,1998,W/CS/326,04/05/1998,,Alto 100 SL,chemical pest control process,,4,Alto 100 SL at 0.6 l with Tripart Brevis at 2.0 l in 200 l,0.6,l/ha,200,l/ha,,1,,,,
CS326,1998,W/CS/326,04/05/1998,,Tripart Brevis,chemical pest control process,,4,Alto 100 SL at 0.6 l with Tripart Brevis at 2.0 l in 200 l,2,l/ha,200,l/ha,,1,,,,
CS326,1998,W/CS/326,21/05/1998,,Ally,chemical pest control process,,4,Ally at 20 g in 200 l,20,g/ha,200,l/ha,,,,,,
CS326,1998,W/CS/326,31/05/1998,,Opus,chemical pest control process,,4,Opus at 0.8 l in 200 l,0.8,l/ha,200,l/ha,,,,,,
CS326,1998,W/CS/326,12/06/1998,,Folicur,chemical pest control process,,4,Folicur at 0.3 l with Bavistin DF at 3.0 kg in 200 l,0.3,l/ha,200,l/ha,,1,,,,
CS326,1998,W/CS/326,12/06/1998,,Bavistin DF,chemical pest control process,,4,Folicur at 0.3 l with Bavistin DF at 3.0 kg in 200 l,3,kg/ha,200,l/ha,,1,,,,
CS326,1999,W/CS/326,05/11/1998,,Hardy,chemical pest control process,,4,Hardy at 15 kg,15,kg/ha,100,l/ha,,,,,,
CS326,1999,W/CS/326,25/02/1999,,Platform S,chemical pest control process,,4,Platform S at 1.0 kg in 200 l,1,kg/ha,200,l/ha,,1,,,,
CS326,1999,W/CS/326,25/02/1999,,Isoguard,chemical pest control process,,4,Isoguard at 2.0 1 in 200 l,2,l/ha,200,l/ha,,1,,,,
CS326,1999,W/CS/326,24/04/1999,,Folicur,chemical pest control process,,4,Folicur at 0.5 1 in 200 l B:,0.5,l/ha,200,l/ha,,1,,,,
CS326,1999,W/CS/326,24/04/1999,,Tripart Brevis,chemical pest control process,,4,Tripart Brevis at 2.0 1 in 200 l,2,l/ha,200,l/ha,,1,,,,
CS326,1999,W/CS/326,27/05/1999,,Folicur,chemical pest control process,,4,Folicur at 0.75 l in 200 l,0.75,l/ha,200,l/ha,,1,,,,
CS326,1999,W/CS/326,27/05/1999,,Sipcam Uk Rover 500,chemical pest control process,,4,Sipcam UK Rover 500 at 1.0 l in 200 l,1,l/ha,200,l/ha,,1,,,,
CS326,2000,W/CS/326,11/11/1999,,Hallmark with Zeon Technology,chemical pest control process,,4,Hallmark at 100 ml in 100 l,100,ml/ha,100,l/ha,,,,,,
CS326,2000,W/CS/326,19/03/2000,,Platform S,chemical pest control process,,4,Platform S at 1.0 kg in 200 l,1,kg/ha,200,l/ha,,,,,,
CS326,2000,W/CS/326,13/05/2000,,Ally,chemical pest control process,,4,Ally at 30 g in 200 l,30,g/ha,200,l/ha,,1,,,,
CS326,2000,W/CS/326,13/05/2000,,Starane 2,chemical pest control process,,4,Starane 2 at 1.0 1 in 200 l,1,l/ha,200,l/ha,,1,,,,
CS326,2000,W/CS/326,20/05/2000,,Opus,chemical pest control process,,4,Opus at 0.75 l in 200 l,0.75,l/ha,200,l/ha,,,,,,
CS326,2001,W/CS/326,03/09/2000,,Azural,chemical pest control process,,4,Azural at 4.0 l in 200 l,4,l/ha,200,l/ha,,,,,,
CS326,2001,W/CS/326,21/09/2000,,Sting Eco,chemical pest control process,,4,string ECO at 2.0 l in 200 l,2,l/ha,200,l/ha,,,,,,
CS326,2001,W/CS/326,20/10/2000,,Avadex Excel 15G,chemical pest control process,,4,Avadex Excel 15G at 15.0 kg,15,kg/ha,200,l/ha,,,,,,
CS326,2001,W/CS/326,15/12/2000,,Lexus Class,chemical pest control process,,4,Lexus Class at 60 g in 2001.,60,g/ha,200,l/ha,,,,,,
CS326,2001,W/CS/326,13/04/2001,,Harmony M,chemical pest control process,,4,Harmony M at 75 g in 200 l,75,g/ha,200,l/ha,,1,,,,
CS326,2001,W/CS/326,13/04/2001,,Starane 2,chemical pest control process,,4,Starane 2 at 0.5 1 in 200 l,0.5,l/ha,200,l/ha,,1,,,,
CS326,2001,W/CS/326,08/05/2001,,Opus,chemical pest control process,,4,Opus at 0.5 1 in 200 l,0.5,l/ha,200,l/ha,,1,,,,
CS326,2001,W/CS/326,08/05/2001,,BASF 3C Chlormequat 720,chemical pest control process,,4,BASF 3C Chlormequat 720 at 2.0 l in 200 l,2,l/ha,200,l/ha,,1,,,,
CS326,2001,W/CS/326,31/05/2001,,Opus,chemical pest control process,,4,Opus at 0.7 l in 200 l,0.7,l/ha,200,l/ha,,,,,,
CS326,2002,W/CS/326,13/10/2001,,Avadex Excel 15G,chemical pest control process,,4,Avadex Excel 15G at 15.0 kg,15,kg/ha,100,l/ha,,,,,,
CS326,2002,W/CS/326,16/11/2001,,Stomp 400 S,chemical pest control process,,4,Stomp 400 S at 4.0 l in 200 l,4,l/ha,200,l/ha,,1,,,,
CS326,2002,W/CS/326,16/11/2001,,Tolkan Liquid,chemical pest control process,,4,Tolkan liquid at 2.5 1 in 200 l.,2.5,l/ha,200,l/ha,,1,,,,
CS326,2002,W/CS/326,12/04/2002,,Opus,chemical pest control process,,4,Opus at 0.5 l in 200 l,0.5,l/ha,200,l/ha,,1,,,,
CS326,2002,W/CS/326,12/04/2002,,BASF 3C Chlormequat 720,chemical pest control process,,4,BASF 3C Chlormequat 720 at 2.0 l in 200 l,2,l/ha,200,l/ha,,1,,,,
CS326,2002,W/CS/326,02/05/2002,,Ally,chemical pest control process,,4,Ally at 30 g in 200 l,30,g/ha,200,l/ha,,,,,,
CS326,2002,W/CS/326,27/05/2002,,Opus,chemical pest control process,,4,Opus at 0.75 l in 200 l,0.75,l/ha,200,l/ha,,,,,,
CS326,2003,W/CS/326,19/09/2002,,Cleancrop Egret,chemical pest control process,,4,CleanCrop Egret applied at 4.0 l on 200 l,4,l/ha,200,l/ha,,,,,,
CS326,2003,W/CS/326,26/11/2002,,Tolugan Extra,chemical pest control process,,4,Tolugan extra at 5.0 1 in 200 l,5,l/ha,200,l/ha,,1,,,,
CS326,2003,W/CS/326,26/11/2002,,Ardent,chemical pest control process,,4,Ardent at 1.0 1 in 200 l.,1,l/ha,200,l/ha,,1,,,,
CS326,2003,W/CS/326,26/11/2002,,Hallmark with Zeon Technology,chemical pest control process,,4,Hallmark with Zeon Technology at 25 ml in 200 l.,25,ml/ha,200,l/ha,,1,,,,
CS326,2003,W/CS/326,26/11/2002,,Ardent,chemical pest control process,,4,Ardent at 1.0 1 in 200 l.,1,l/ha,200,l/ha,,,,,,
CS326,2003,W/CS/326,26/03/2003,,Topik,chemical pest control process,,4,Topik at 125 ml in 200 l,125,ml/ha,200,l/ha,,1,,,,
CS326,2003,W/CS/326,26/03/2003,,Phase II,chemical pest control process,,4,Phase II at 1.0 l in 200 l,1,l/ha,200,l/ha,,1,,,,
CS326,2003,W/CS/326,07/05/2003,,Ally,chemical pest control process,,4,Ally at 30 g in 200 l,30,g/ha,200,l/ha,,1,,,,
CS326,2003,W/CS/326,07/05/2003,,Starane 2,chemical pest control process,,4,Starane 2 at 0.75 1 in 200 l,0.75,l/ha,200,l/ha,,1,,,,
CS326,2003,W/CS/326,07/05/2003,,Unix,chemical pest control process,,4,Unix at 0.4 kg in 200 1,0.4,kg/ha,200,l/ha,,1,,,,
CS326,2003,W/CS/326,07/05/2003,,Acanto,chemical pest control process,,4,Acanto at 0.5 1 in 200 l,0.5,l/ha,200,l/ha,,1,,,,
CS326,2003,W/CS/326,09/06/2003,,Landmark,chemical pest control process,,4,Landmark at 0.75 1 in 200 l,0.75,l/ha,200,l/ha,,,,,,
CS326,2003,W/CS/326,19/08/2003,,Cleancrop Egret,chemical pest control process,,4,CleanCrop Egret at 4.0 l in 200 l,4,l/ha,200,l/ha,,,,,,
CS326,2004,W/CS/326,19/08/2003,,Cleancrop Egret,chemical pest control process,,4,CleanCrop Egret applied at 4.0 l on 200 l,4,l/ha,200,l/ha,,,,,,
CS326,2004,W/CS/326,17/12/2003,,Arelon 500,chemical pest control process,,4,Arelon 500 at 3.5 1 in 200 l,3.5,l/ha,200,l/ha,,1,,,,
CS326,2004,W/CS/326,17/12/2003,,Treflan,chemical pest control process,,4,Treflan at 1.5 l in 200 l,1.5,l/ha,200,l/ha,,1,,,,
CS326,2004,W/CS/326,12/03/2004,,Aventis Manganese 500,chemical pest control process,,4,Aventis Manganese 500 at 1.5 1 in 200 l.,1.5,l/ha,200,l/ha,,1,,,,
CS326,2004,W/CS/326,29/03/2004,,Duplosan KV,chemical pest control process,,4,Duplosan KV at 1.0 l in 200 l.,1,l/ha,200,l/ha,,,,,,
CS326,2004,W/CS/326,19/04/2004,,Ally,chemical pest control process,,4,Ally at 30 g in 200 l DB,30,g/ha,200,l/ha,,1,,,,
CS326,2004,W/CS/326,19/04/2004,,Biotril 24/16,chemical pest control process,,4,Biotril 24/16 at 0.5 l in 200 l,0.5,l/ha,200,l/ha,,1,,,,
CS326,2004,W/CS/326,19/04/2004,,Phase II,chemical pest control process,,4,Phase II at 1.0 l in 200 l,1,l/ha,200,l/ha,,1,,,,
CS326,2004,W/CS/326,03/06/2004,,Opus,chemical pest control process,,4,Opus at 0.5 l in 200 l,0.5,l/ha,200,l/ha,,1,,,,
CS326,2004,W/CS/326,03/06/2004,,Twist,chemical pest control process,,4,Twist at 0.75 1 in 200 l,0.75,l/ha,200,l/ha,,1,,,,
CS326,2004,W/CS/326,05/07/2004,,Aphox,chemical pest control process,,4,Aphox at 280 g in 200 l,280,g/ha,200,l/ha,,,,,,
CS326,2005,W/CS/326,26/09/2004,,Glyphos,chemical pest control process,,4,glyphosate 360 at 4.0 1 in 200 l,4,l/ha,200,l/ha,,,,,,
CS326,2005,W/CS/326,14/11/2004,,Claymore,chemical pest control process,,4,Claymore at 2.5 1 in 200 1,2.5,l/ha,200,l/ha,,1,,,,
CS326,2005,W/CS/326,14/11/2004,,Alpha IPU 500,chemical pest control process,,4,Aplha IPU 500 at 2.5 l in 200 l,2.5,l/ha,200,l/ha,,1,,,,
CS326,2005,W/CS/326,14/11/2004,,Hallmark with Zeon Technology,chemical pest control process,,4,Hallmark with Zeon Technology at 50 ml in 200 l,50,ml/ha,200,l/ha,,1,,,,
CS326,2005,W/CS/326,14/11/2004,,Alpha IPU 500,chemical pest control process,,4,Aplha IPU 500 at 2.5 l in 200 l,50,ml/ha,200,l/ha,,,,,,
CS326,2005,W/CS/326,15/05/2005,,Opus,chemical pest control process,,4,Opus at 0.75 l in 200 l,0.75,l/ha,200,l/ha,,1,,,,
CS326,2005,W/CS/326,15/05/2005,,Amistar Opti,chemical pest control process,,4,Amistar Opti at 1.5 1 in 200 1,1.5,l/ha,200,l/ha,,1,,,,
CS326,2005,W/CS/326,15/05/2005,,Starane 2,chemical pest control process,,4,Starane 2 at 0.5 1 in 200 l,0.5,l/ha,200,l/ha,,1,,,,
CS326,2005,W/CS/326,09/06/2005,,Amistar,chemical pest control process,,4,Amistar at 0.3 1 in 200 l,0.3,l/ha,200,l/ha,,1,,,,
CS326,2005,W/CS/326,09/06/2005,,Opus,chemical pest control process,,4,Opus at 0.5 l in 200 l,0.5,l/ha,200,l/ha,,1,,,,
CS326,2006,W/CS/326,22/09/2005,,Azural,chemical pest control process,,4,Azural at 3.0 l in 200 l,3,l/ha,200,l/ha,,,,,,
CS326,2006,W/CS/326,13/11/2005,,Alpha IPU 500,chemical pest control process,,4,Alpha IPU 500 at 2.0 1 in 200 l,2,l/ha,200,l/ha,,1,,,,
CS326,2006,W/CS/326,13/11/2005,,Hallmark with Zeon Technology,chemical pest control process,,4,Hallmark with Zeon Technology at 50 ml in 200 l,50,ml/ha,200,l/ha,,1,,,,
CS326,2006,W/CS/326,13/11/2005,,Alpha IPU 500,chemical pest control process,,4,Alpha IPU 500 at 2.0 1 in 200 l,50,ml/ha,200,l/ha,,,,,,
CS326,2006,W/CS/326,13/11/2005,,Mantrac 500,chemical pest control process,,4,Mantrac 500 at 1.0 1 in 200 l,1,l/ha,200,l/ha,,1,,,,
CS326,2006,W/CS/326,13/11/2005,,Stomp 400 SC,chemical pest control process,,4,Stomp 40 SC at 2.5 1 in 200 l,2.5,l/ha,200,l/ha,,1,,,,
CS326,2006,W/CS/326,07/04/2006,,Pacifica,chemical pest control process,,4,Pacifica at 0.4 kg in 200 l,0.4,kg/ha,200,l/ha,,1,,,,
CS326,2006,W/CS/326,07/04/2006,,Biopower,chemical pest control process,,4,Biopower at 1.0 1 in 200 l,1,l/ha,200,l/ha,,1,,,,
CS326,2006,W/CS/326,07/04/2006,,Duplosan KV,chemical pest control process,,4,Duplosan KV at 2.0 1 in 200 l,2,l/ha,200,l/ha,,1,,,,
CS326,2006,W/CS/326,07/04/2006,,Biopower,chemical pest control process,,4,Biopower at 1.0 1 in 200 l,1,l/ha,200,l/ha,,1,,,,
CS326,2006,W/CS/326,24/04/2006,,Opus,chemical pest control process,,4,Opus at 0.75 l in 200 l,0.75,l/ha,200,l/ha,,1,,,,
CS326,2006,W/CS/326,24/04/2006,,Bravo 500,chemical pest control process,,4,Bravo 500 at 1.25 1 in 200 l,1.25,l/ha,200,l/ha,,1,,,,
CS326,2006,W/CS/326,24/04/2006,,Mantrac 500,chemical pest control process,,4,Mantrac 500 at 1.25 1 in 200 l.,1.25,l/ha,200,l/ha,,1,,,,
CS326,2006,W/CS/326,16/05/2006,,Quantum Sx,chemical pest control process,,4,Quantum SX at 30 g in 200 l,30,g/ha,200,l/ha,,1,,,,
CS326,2006,W/CS/326,16/05/2006,,Copper Maneb,chemical pest control process,,4,Copper maneb at 2.0 1 in 200 l,2,l/ha,200,l/ha,,1,,,,
CS326,2006,W/CS/326,07/06/2006,,Bravo 500ar,chemical pest control process,,4,Bravo 500ar at 1.0 1 in 200 l,1,l/ha,200,l/ha,,1,,,,
CS326,2006,W/CS/326,07/06/2006,,Opus,chemical pest control process,,4,Opus at 0.75 1 in 200 l,0.75,l/ha,200,l/ha,,1,,,,
CS326,2006,W/CS/326,07/06/2006,,Vivid,chemical pest control process,,4,Vivid at 0.4 1 in 200 l,0.4,l/ha,200,l/ha,,1,,,,
CS326,2007,W/CS/326,26/09/2006,,Azural,chemical pest control process,,4,Azural 4.00,4,l/ha,200,l/ha,,,,,,
CS326,2007,W/CS/326,19/12/2006,,Hallmark with Zeon Technology,chemical pest control process,,4,Hallmark with Zeon Technology 50.00,50,ml/ha,200,l/ha,,1,,,,
CS326,2007,W/CS/326,27/03/2007,,Pacifica,chemical pest control process,,4,Pacifica 0.50,0.5,kg/ha,200,l/ha,,,,,,
CS326,2007,W/CS/326,27/03/2007,,Biopower,chemical pest control process,,4,Biopower 1.00,1,l/ha,,,,,,,,
CS326,2007,W/CS/326,20/04/2007,,Splice,chemical pest control process,,4,Splice 1.00 V/200 l/ha,1,l/ha,200,l/ha,,,,,,
CS326,2007,W/CS/326,27/03/2007,,Jupital,chemical pest control process,,4,Jupital 1.00,1,l/ha,200,l/ha,,,,,,
CS326,2007,W/CS/326,20/05/2007,,Opus,chemical pest control process,,4,Opus 0.75,0.75,l/ha,200,l/ha,,,,,,
CS326,2007,W/CS/326,20/05/2007,,Vivid,chemical pest control process,,4,Vivid 0.40,0.4,l/ha,200,l/ha,,,,,,
CS326,2007,W/CS/326,20/05/2007,,Bravo 500,chemical pest control process,,4,Bravo 500 1.00,1,l/ha,200,l/ha,,,,,,
CS326,2008,W/CS/326,01/10/2007,,Azural,chemical pest control process,,4,Azural 2.00,2,l/ha,200,l/ha,,,,,,
CS326,2008,W/CS/326,26/11/2007,,Avadex Excel 15G,chemical pest control process,,4,Avadex Excel 15G,15,kg/ha,,,,,,,,
CS326,2008,W/CS/326,13/12/2007,,Stomp 400 SC,chemical pest control process,,4,Stomp 400 SC 3.30,3.3,l/ha,200,l/ha,,,,,,
CS326,2008,W/CS/326,13/12/2007,,Arelon 500,chemical pest control process,,4,Arelon 500 1.00,1,l/ha,200,l/ha,,,,,,
CS326,2008,W/CS/326,13/12/2007,,Hallmark with Zeon Technology,chemical pest control process,,4,Hallmark with Zeon Technology 50.00,50,l/ha,200,l/ha,,,,,,
CS326,2008,W/CS/326,02/05/2008,,Pacifica,chemical pest control process,,4,Pacifica 0.50,0.5,kg/ha,200,l/ha,,,,,,
CS326,2008,W/CS/326,02/05/2008,,Biopower,chemical pest control process,,4,Biopower 1.00,1,l/ha,200,l/ha,,,,,,
CS326,2008,W/CS/326,02/05/2008,,Deuce,chemical pest control process,,4,Deuce 1.00,1,l/ha,200,l/ha,,,,,,
CS326,2008,W/CS/326,02/05/2008,,Bravo 500,chemical pest control process,,4,Bravo 500 1.00,1,l/ha,200,l/ha,,,,,,
CS326,2008,W/CS/326,02/05/2008,,Flexity,chemical pest control process,,4,Flexity 0.20,0.2,l/ha,200,l/ha,,,,,,
CS326,2008,W/CS/326,05/06/2008,,Amistar Opti,chemical pest control process,,4,Amistar Opti 1.25,1.25,l/ha,200,l/ha,,,,,,
CS326,2008,W/CS/326,05/06/2008,,Opus,chemical pest control process,,4,Opus,1,l/ha,200,l/ha,,,,,,
CS326,2009,W/CS/326,11/12/2008,,Avadex Excel 15G,chemical pest control process,,4,Avadex Excel 15G,15,kg/ha,,,,,,,,
CS326,2009,W/CS/326,20/04/2009,,Pacifica,chemical pest control process,,4,Pacifica,0.5,kg/ha,,,,,,,,
CS326,2009,W/CS/326,20/04/2009,,Biopower,chemical pest control process,,4,Biopower,1,l/ha,,,,,,,,
CS326,2009,W/CS/326,10/05/2009,,Cherokee,chemical pest control process,,4,Cherokee,1.25,l/ha,,,,,,,,
CS326,2009,W/CS/326,10/05/2009,,Cycocel,chemical pest control process,,4,Cycocel,2.25,l/ha,,,,,,,,
CS326,2009,W/CS/326,03/06/2009,,Opus,chemical pest control process,,4,Opus 0.80 Lin,0.8,l/ha,200,l/ha,,,,,,
CS326,2009,W/CS/326,03/06/2009,,Amistar,chemical pest control process,,4,Amistar 1.00 L in,1,l/ha,200,l/ha,,,,,,
CS326,2010,W/CS/326,10/12/2009,,Atlantis,chemical pest control process,,4,Atlantis - 200 l/ha water,400,g/ha,200,l/ha,,,,,,
CS326,2010,W/CS/326,10/12/2009,,Stomp 400 SC,chemical pest control process,,4,Stomp 400 SC - 200 l/ha water,3,l/ha,200,l/ha,,,,,,
CS326,2010,W/CS/326,10/12/2009,,Biopower,chemical pest control process,,4,Biopower - 200 l/ha water 1.00 DLE,1,l/ha,200,l/ha,,,,,,
CS326,2010,W/CS/326,10/04/2010,,Atlantis WG,chemical pest control process,,4,Atlantis WG - 200 It water,0.4,l/ha,200,l/ha,,,,,,
CS326,2010,W/CS/326,10/04/2010,,Biopower,chemical pest control process,,4,Biopower - 200 It water,1,l/ha,200,l/ha,,,,,,
CS326,2010,W/CS/326,02/06/2010,,Opus,chemical pest control process,,4,Opus-200!lt water,0.6,l/ha,200,l/ha,,,,,,
CS326,2010,W/CS/326,02/06/2010,,Comet,chemical pest control process,,4,Comet - 200 lt water 0.6 Vna,0.6,l/ha,200,l/ha,,,,,,
CS326,2011,W/CS/326,26/03/2011,,Atlantis WG,chemical pest control process,,4,Sprayed Atlantis WG,0.4,kg/ha,,,,200,,l/ha,Sprayed,
CS326,2011,W/CS/326,26/03/2011,,Biopower,chemical pest control process,,4,Sprayed Bio Power,1,l/ha,,,,200,,l/ha,Sprayed,
CS326,2011,W/CS/326,28/03/2011,,Cherokee,chemical pest control process,,4,Sprayed wheat with Cherokee,1.25,l/ha,200,l/ha,,1,,l/ha,Sprayed,
CS326,2011,W/CS/326,11/05/2011,,Ally Max SX,chemical pest control process,,4,Sprayed Ally Max SX,42,g/ha,,,,200,,l/ha,Sprayed,
CS326,2011,W/CS/326,11/05/2011,,Gala,chemical pest control process,,4,Sprayed Gala with Opus,0.75,l/ha,200,l/ha,,,,,Sprayed,
CS326,2011,W/CS/326,11/05/2011,,Bravo 500,chemical pest control process,,4,Sprayed Bravo 500,1,l/ha,200,l/ha,,,,,Sprayed,
CS326,2011,W/CS/326,20/05/2011,,Comet,chemical pest control process,,4,sprayed comet,0.6,l/ha,200,l/ha,,,,,Sprayed,
CS326,2011,W/CS/326,20/05/2011,,Opus,chemical pest control process,,4,Sprayed Opus,0.8,l/ha,,,,200,,l/ha,Sprayed,
CS326,2011,W/CS/326,20/05/2011,,Bravo 500,chemical pest control process,,4,Sprayed Bravo 500,1,l/ha,200,l/ha,,,,,Sprayed,
CS326,2012,W/CS/326,15/09/2011,,"Symbol (glyphosate) on 326 area, ex rye area and 12m headland around whole field",chemical pest control process,,4,"Sprayed Symbol (glyphosate) on 326 area, ex rye area and 12m headland around whole field",3,l/ha,,,,,,,Sprayed,
CS326,2012,W/CS/326,17/11/2011,,Sherman,chemical pest control process,,4,Sprayed Sherman,2.5,l/ha,200,l/ha,,,,,Sprayed,
CS326,2012,W/CS/326,17/11/2011,,Tawny,chemical pest control process,,4,Sprayed Tawny,2,ml/ha,200,l/ha,,,,,Sprayed,
CS326,2012,W/CS/326,17/11/2011,,Seal Z,chemical pest control process,,4,Sprayed Seal Z,50,ml/ha,200,l/ha,,,,,Sprayed,
CS326,2012,W/CS/326,29/03/2012,,Cherokee,chemical pest control process,,4,Spray Cherokee,1.25,l/ha,,,,,,,sprayed,
CS326,2012,W/CS/326,29/03/2012,,Pacifica,chemical pest control process,,4,Spray Pacifica,0.4,kg/ha,,,,,,,Sprayed,
CS326,2012,W/CS/326,29/03/2012,,biopower - headland only and 4 tramlines from beans and triangle E of ww1250,chemical pest control process,,4,Spray biopower - headland only and 4 tramlines from beans and triangle E of ww1250,1,kg/ha,,,,,,,sprayed,
CS326,2012,W/CS/326,13/05/2012,,Ignite,chemical pest control process,,4,Spray fungicide T1 - Ignite,1,l/ha,200,l/ha,,,,,sprayed,
CS326,2012,W/CS/326,13/05/2012,,Bravo 500,chemical pest control process,,4,Spray Bravo 500,1,l/ha,200,l/ha,,,,,sprayed,
CS326,2012,W/CS/326,13/05/2012,,Chlormequat,chemical pest control process,,4,Spray Chlormequat,2,l/ha,200,l/ha,,,,,Sprayed,
CS326,2013,W/CS/326,16/05/2013,,Atlantis,chemical pest control process,,4,Sprayed Atlantis,0.4,kg/ha,150,l/ha,,1,,,Sprayed,
CS326,2013,W/CS/326,16/05/2013,,Hadron,chemical pest control process,,4,Sprayed Hadron,0.6,kg/ha,150,l/ha,,1,,,Sprayed,
CS326,2013,W/CS/326,16/05/2013,,Biopower,chemical pest control process,,4,Sprayed Bio Power,1,l/ha,150,l/ha,,1,,,Sprayed,
CS326,2013,W/CS/326,10/06/2013,,Bassoon,chemical pest control process,,4,Sprayed Bassoon,0.4,l/ha,,,,,,,Sprayed,
CS326,2013,W/CS/326,10/06/2013,,Gemstone,chemical pest control process,,4,Sprayed Gemstone,1,l/ha,,,,,,,Sprayed,
CS326,2013,W/CS/326,05/07/2013,,Ally Max,chemical pest control process,,4,Sprayed Ally Max,42,g/ha,,,,,,,Sprayed,
CS326,2013,W/CS/326,05/07/2013,,Ignite,chemical pest control process,,4,sprayed ignite,1.1,l/ha,,,,,,,Sprayed,
CS326,2013,W/CS/326,05/07/2013,,Comet,chemical pest control process,,4,sprayed comet,0.25,l/ha,,,,,,,Sprayed,
CS326,2013,W/CS/326,05/07/2013,,Hatchet Xtra,chemical pest control process,,4,Sprayed Hatchet Xtra,0.75,l/ha,,,,,,,Sprayed,
CS326,2014,W/CS/326,30/09/2013,,Crystal,chemical pest control process,,4,Sprayed Crystal,4,l/ha,,,,,,,Sprayed,
CS326,2014,W/CS/326,30/09/2013,,Hurricane,chemical pest control process,,4,Sprayed Hurricane,0.1,l/ha,,,,,,,Sprayed,
CS326,2014,W/CS/326,30/09/2013,,Dictate,chemical pest control process,,4,Sprayed Dictate,0.2,l/ha,,,,,,,Sprayed,
CS326,2014,W/CS/326,18/11/2013,,Hallmark with Zeon Technology,chemical pest control process,,4,Sprayed Hallmark with Zeon Technology,50,ml/ha,,,,1,,,Sprayed,
CS326,2014,W/CS/326,01/04/2014,,Sprinter,chemical pest control process,,4,Sprayed Sprinter in 147 l/ha water volume,1.5,l/ha,147,l/ha,,,,,Sprayed,
CS326,2014,W/CS/326,15/04/2014,,BASF 3C,chemical pest control process,,4,Sprayed BASF 3C in 200 l/ha water volume.,1.25,l/ha,200,l/ha,,,,,Sprayed,
CS326,2014,W/CS/326,16/04/2014,,Moddus,chemical pest control process,,4,Sprayed Moddus in 200 l/ha water volume.,0.2,l/ha,200,l/ha,,,,,Sprayed,
CS326,2014,W/CS/326,17/04/2014,,Kingdom,chemical pest control process,,4,Sprayed Kingdom in 200 l/ha water volume.,1.25,l/ha,200,l/ha,,,,,Sprayed,
CS326,2014,W/CS/326,18/04/2014,,Bravo 500,chemical pest control process,,4,Sprayed Bravo 500 in 200 l/ha water volume.,1,l/ha,200,l/ha,,,,,Sprayed,
CS326,2014,W/CS/326,19/04/2014,,Hunter,chemical pest control process,,4,Sprayed Hunter in 200 /ha water volume.,1,l/ha,200,l/ha,,,,,Sprayed,
CS326,2014,W/CS/326,21/05/2014,,Vortex,chemical pest control process,,4,Sprayed Vortex in 150 l/ha water volume.,15,l/ha,150,l/ha,,,,,Sprayed,
CS326,2014,W/CS/326,06/06/2014,,Cello,chemical pest control process,,4,Sprayed Cello in 150 l/ha water volume.,0.55,l/ha,150,l/ha,,,,,Sprayed,
CS326,2014,W/CS/326,06/06/2014,,Amistar,chemical pest control process,,4,Sprayed Amistar in 150 l/ha water volume.,0.25,l/ha,150,l/ha,,,,,Sprayed,
CS326,2014,W/CS/326,06/06/2014,,Hallmark,chemical pest control process,,4,Sprayed Hallmark in 150 l/ha water volume.,40,l/ha,150,l/ha,,,,,Sprayed,
CS326,2014,W/CS/326,11/09/2014,,Firebrand,chemical pest control process,,4,"Sprayed Firebrand in 200 V/ha water volumeProblem with ""Auto control on sprayer, switched to manual.",1,l/ha,200,l/ha,,1,,,Sprayed,
CS326,2014,W/CS/326,12/09/2014,,Samurai,chemical pest control process,,4,"Sprayed Samurai in 200 /ha water volumeProblem with ""Auto control on sprayer, switched to manual.",4,l/ha,200,l/ha,,1,,,Sprayed,
CS326,2014,W/CS/326,02/10/2014,,Gallup 360,chemical pest control process,,4,Sprayed Gallup 360 in 200l/ha water volume,4,l/ha,200,l/ha,,,,,Sprayed,
CS326,2014,W/CS/326,02/10/2014,,Firebrand,chemical pest control process,,4,Sprayed Firebrand in 200l/ha water volume,1,l/ha,200,l/ha,,,,,Sprayed,
CS326,2015,W/CS/326,13/04/2015,,Moddus,chemical pest control process,,4,,0.15,l/ha,131,l/ha,,,,,Sprayed,
CS326,2015,W/CS/326,13/04/2015,,Sprinter,chemical pest control process,,4,,2,l/ha,131,l/ha,,,,,Sprayed,
CS326,2015,W/CS/326,25/11/2014,,Hallmark,chemical pest control process,,4,Sprayed Hallmark in 200 l/ha water volume,50,ml/ha,200,l/ha,,,,,Sprayed,
CS326,2015,W/CS/326,25/11/2014,,Movon,chemical pest control process,,4,Sprayed Movon in 200 l/ha water volume,0.35,l/ha,200,l/ha,,,,,Sprayed,
CS326,2015,W/CS/326,25/11/2014,,Sienna,chemical pest control process,,4,Sprayed Sienna in 200 l/ha water volume,2,l/ha,200,l/ha,,,,,Sprayed,
CS326,2015,W/CS/326,07/04/2015,,Chex,chemical pest control process,,4,Sprayed Chex in 200 l/ha water volume,0.25,l/ha,200,l/ha,,,,,Sprayed,
CS326,2015,W/CS/326,07/04/2015,,Pacifica,chemical pest control process,,4,Sprayed Pacifica in 200 l/ha water volume,5,l/ha,200,l/ha,,,,,Sprayed,
CS326,2015,W/CS/326,07/04/2015,,Biopower,chemical pest control process,,4,Sprayed Bio Power in 200lt/ha water volume,1,l/ha,200,l/ha,,,,,Sprayed,
CS326,2015,W/CS/326,13/04/2005,,Artemis,chemical pest control process,,4,Sprayed Artemis in 131 l/ha water volume,1,l/ha,131,l/ha,,,,,Sprayed,
CS326,2015,W/CS/326,13/04/2015,,Bravo 500,chemical pest control process,,4,Sprayed Bravo 500 in 131 l/ha water volume,1,l/ha,131,l/ha,,,,,Sprayed,
CS326,2015,W/CS/326,13/04/2015,,BASF 3C Chlormequat 750,chemical pest control process,,4,"Sprayed BASF 3C, Chlormequat 750 in 131 I/ha water volume 1304/2015 p Sprayed Moddus in 131 ha water volume 015 l/ha 1304/2015 p Sprayed Sprinter in 131 l/ha water volume 2 tha",1.25,l/ha,131,l/ha,,,,,Sprayed,
CS326,2015,W/CS/326,11/08/2015,,Cello,chemical pest control process,,4,sprayed Cello,0.9,l/ha,,,,,,,Sprayed,
CS326,2015,W/CS/326,11/05/2015,,Balear 720,chemical pest control process,,4,Sprayed Balear 720 in 131 l/ha water volume,0.7,l/ha,131,l/ha,,,,,Sprayed,
CS326,2015,W/CS/326,30/05/2015,,Bassoon,chemical pest control process,,4,Sprayed Bassoon in 131 l/ha water volume,0.75,l/ha,131,l/ha,,,,,Sprayed,
CS326,2015,W/CS/326,30/05/2015,,Envoy,chemical pest control process,,4,Sprayed Envoy in 131 l/ha water volume,0.75,l/ha,131,l/ha,,,,,Sprayed,
CS326,2015,W/CS/326,30/05/2015,,Crescent,chemical pest control process,,4,Sprayed Crescent in 131 W/ha water volume 075 Vna,0.75,l/ha,131,l/ha,,,,,Sprayed,
CS326,2016,W/CS/326,31/10/2015,,Liberator,chemical pest control process,,4,Sprayed Liberator (in 200 It/ha water volume.),0.6,l/ha,200,l/ha,,,,,Sprayed,
CS326,2016,W/CS/326,03/11/2015,,Sprinter,chemical pest control process,,4,Sprayed Sprinter (in 200 It/ha water volume.),2,l/ha,200,l/ha,,,,,Sprayed,
CS326,2016,W/CS/326,03/11/2015,,Hallmark,chemical pest control process,,4,Sprayed Hallmark (in 200 It/ha water volume.),40,ml/ha,200,l/ha,,,,,Sprayed,
CS326,2016,W/CS/326,31/03/2016,,Chex,chemical pest control process,,4,Sprayed Chex (in 150 It/ha water volume.),0.25,l/ha,150,l/ha,,,,,Sprayed,
CS326,2016,W/CS/326,31/03/2016,,Pacifica,chemical pest control process,,4,Sprayed Pacifica (in 150 It/ha water volume.),0.5,kg/ha,150,l/ha,,,,,Sprayed,
CS326,2016,W/CS/326,31/03/2016,,Biopower,chemical pest control process,,4,Sprayed Bio Power (in 150 It/ha water volume.),1,l/ha,150,l/ha,,,,,Sprayed,
CS326,2016,W/CS/326,05/04/2016,,Sprinter,chemical pest control process,,4,Sprayed Sprinter (in 150 It/ha water volume.),2,l/ha,150,l/ha,,,,,Sprayed,
CS326,2016,W/CS/326,05/04/2016,,Toledo,chemical pest control process,,4,Sprayed Toledo (in 150 It/ha water volume.),0.3,l/ha,150,l/ha,,,,,Sprayed,
CS326,2016,W/CS/326,05/04/2016,,Bravo 500,chemical pest control process,,4,Sprayed Bravo 500 (in 150 It/ha water volume.),1,l/ha,150,l/ha,,,,,Sprayed,
CS326,2016,W/CS/326,05/04/2016,,Moddus,chemical pest control process,,4,Sprayed Moddus (in 150 It/ha water volume.),0.1,l/ha,150,l/ha,,,,,Sprayed,
CS326,2016,W/CS/326,05/04/2016,,Chlormequat,chemical pest control process,,4,Sprayed Chlormequat (in 150 It/ha water volume.),1.25,l/ha,150,l/ha,,,,,Sprayed,
CS326,2016,W/CS/326,04/05/2016,,Sprinter,chemical pest control process,,4,Sprayed Sprinter (in 150 It/ha water volume.),2,l/ha,150,l/ha,,,,,Sprayed,
CS326,2016,W/CS/326,04/05/2016,,Keystone,chemical pest control process,,4,Sprayed Keystone (in 150 It/ha water volume.),0.8,l/ha,150,l/ha,,,,,Sprayed,
CS326,2016,W/CS/326,04/05/2016,,Balear 720,chemical pest control process,,4,Sprayed Balear 720 (in 150 It/ha water volume.),0.7,l/ha,150,l/ha,,,,,Sprayed,
CS326,2016,W/CS/326,24/05/2016,,Sprinter,chemical pest control process,,4,Sprayed Sprinter (in 150 It/ha water volume.),2,l/ha,150,l/ha,,,,,Sprayed,
CS326,2016,W/CS/326,24/05/2016,,Vortex,chemical pest control process,,4,Sprayed Vortex in 150 l/ha water volume.,1.5,l/ha,150,l/ha,,,,,Sprayed,
CS326,2016,W/CS/326,09/06/2016,,Cello,chemical pest control process,,4,Sprayed Cello (in 150 It/ha water volume.),0.6,l/ha,150,l/ha,,,,,Sprayed,
CS326,2016,W/CS/326,09/06/2016,,Cyflamid,chemical pest control process,,4,Sprayed Cyflamid (in 150 It/ha water volume.),0.15,l/ha,150,l/ha,,,,,Sprayed,
CS326,2016,W/CS/326,09/06/2016,,Hallmark,chemical pest control process,,4,Sprayed Hallmark (in 150 It/ha water volume.),50,ml/ha,150,l/ha,,,,,Sprayed,
CS326,2017,W/CS/326,25/10/2016,,Hallmark,chemical pest control process,,4,sprayed Hallmark,50,ml/ha,200,l/ha,,,,,Sprayed,
CS326,2017,W/CS/326,25/10/2016,,Movon,chemical pest control process,,4,Sprayed Movon,1,l/ha,200,l/ha,,,,,Sprayed,
CS326,2017,W/CS/326,27/03/2017,,Chex,chemical pest control process,,4,sprayed Chex,0.25,l/ha,,,,,,,Sprayed,
CS326,2017,W/CS/326,27/03/2017,,Pacifica,chemical pest control process,,4,sprayed Pacifica,0.5,kg/ha,,,,,,,Sprayed,
CS326,2017,W/CS/326,27/03/2017,,Cogent,chemical pest control process,,4,sprayed Cogent,2,l/ha,,,,,,,Sprayed,
CS326,2017,W/CS/326,07/04/2017,,Sprinter,chemical pest control process,,4,sprayed sprinter,2,l/ha,150,l/ha,,,,,Sprayed,
CS326,2017,W/CS/326,07/04/2017,,Artemis,chemical pest control process,,4,sprayed Artemis,1,l/ha,150,l/ha,,,,,Sprayed,
CS326,2017,W/CS/326,07/04/2017,,Claw 500,chemical pest control process,,4,sprayed Claw 500,1,l/ha,150,l/ha,,,,,Sprayed,
CS326,2017,W/CS/326,07/04/2017,,Moddus,chemical pest control process,,4,sprayed Moddus,0.1,l/ha,150,l/ha,,,,,Sprayed,
CS326,2017,W/CS/326,07/04/2017,,Chlormequat,chemical pest control process,,4,sprayed Chlormequat,1,l/ha,150,l/ha,,,,,Sprayed,
CS326,2017,W/CS/326,28/04/2017,,Sprinter,chemical pest control process,,4,sprayed sprinter,2,l/ha,150,l/ha,,,,,Sprayed,
CS326,2017,W/CS/326,28/04/2017,,Keystone,chemical pest control process,,4,sprayed Keystone,0.8,l/ha,150,l/ha,,,,,Sprayed,
CS326,2017,W/CS/326,28/04/2017,,Balear 720,chemical pest control process,,4,sprayed Balear 720,0.7,l/ha,150,l/ha,,,,,Sprayed,
CS326,2017,W/CS/326,24/05/2017,,Sprinter,chemical pest control process,,4,sprayed sprinter,2,l/ha,150,l/ha,,,,,Sprayed,
CS326,2017,W/CS/326,24/05/2017,,Vortex,chemical pest control process,,4,sprayed Vortex,1.5,l/ha,150,l/ha,,,,,Sprayed,
CS326,2009,R/CS/326,04/05/2009,,Ally Max SX,chemical pest control process,,4,Ally Max SX,42,g/ha,,,,,,,,
