Experiment,year,site,start date,new_start_date,end date,new_end_date,operation,amount,unit,tank_mixture,variety,dressing,plot
CS326,1987,great knott,27-Sep-86,27/09/1986,,,paraquat applied,,,,,,
CS326,1987,great knott,29-Sep-87,29/09/1986,,,rolled,,,,,,
CS326,1987,great knott,01-Oct-87,01/10/1986,,,disced,,,,,,
CS326,1987,great knott,06-Oct-87,06/10/1986,,,rotary harrowed,,,,,,
CS326,1987,great knott,06-Oct-87,06/10/1986,,,seed sown,190,kg/ha,,Mission,,
CS326,1987,great knott,06-Oct-87,06/10/1986,,,harrowed,,,,,,
CS326,1987,great knott,19-Mar-87,19/03/1987,,,N applied,,,,,,
CS326,1987,great knott,18-Apr-87,18/04/1987,,,N applied,,,,,,
CS326,1987,great knott,31-Mar-87,31/03/1987,,,Isoproturon applied,,,,,,
CS326,1987,great knott,18-Apr-87,18/04/1987,,,"Clopyralid, bromoxynil and mecoprop applied",,,,,,
CS326,1987,great knott,28-May-87,28/05/1987,,,propiconazole applied,,,,,,
CS326,1987,great knott,30-Jun-87,30/06/1987,,,"propiconazole, carbendazim and maneb applied",,,,,,
CS326,1987,great knott,19-Aug-87,19/08/1987,,,combine harvested,,,,,,
CS326,1987,far field,08-Oct-86,08/10/1986,,,rotary cultivated with crumbler attached,,,,,,
CS326,1987,far field,08-Oct-86,08/10/1986,,,seed sown,190,kg/ha,,Mission,,
CS326,1987,far field,09-Oct-87,09/10/1986,,,rolled,,,,,,
CS326,1987,far field,10-Oct-87,10/10/1986,,,Tri-allate applied,,,,,,
CS326,1987,far field,10-Oct-87,10/10/1986,,,harrowed,,,,,,
CS326,1987,far field,31-Mar-87,31/03/1987,,,N applied,,,,,,
CS326,1987,far field,16-Apr-87,16/04/1987,,,N applied,,,,,,
CS326,1987,far field,17-Apr-87,17/04/1987,,,"Isoproturon, clopyralid, bromoxynil and mecoprop applied",,,,,,
CS326,1987,far field,05-Jun-87,05/06/1987,,,propiconazole and Tridemorph applied,,,,,,
CS326,1987,far field,30-Jun-87,30/06/1987,,,"propiconazole, carbendazim and maneb applied",,,,,,
CS326,1987,far field,07-Sep-87,07/09/1987,,,combine harvested,,,,,,
CS326,1988,great knott,29-Sep-87,29/09/1987,,,paraquat applied,,,,,,
CS326,1988,great knott,23-Oct-88,23/10/1987,,,spring-tine cultivated,,,,,,
CS326,1988,great knott,24-Oct-88,24/10/1987,,,seed sown,180,kg/ha,,Mission,,
CS326,1988,great knott,24-Oct-88,24/10/1987,,,harrowed,,,,,,
CS326,1988,great knott,08-Dec-88,08/12/1987,,,Tri-allate applied,,,,,,
CS326,1988,great knott,24-Feb-88,24/02/1988,,,N applied,,,,,,
CS326,1988,great knott,22-Apr-88,22/04/1988,,,N applied,,,,,,
CS326,1988,great knott,17-Mar-88,17/03/1988,,,Isoproturon applied,,,,,,
CS326,1988,great knott,06-May-88,06/05/1988,,,"Fluroxypyr, prochloraz and carbendazim applied",,,,,,
CS326,1988,great knott,03-Jun-88,03/06/1988,,,propiconazole and Tridemorph applied,,,,,,
CS326,1988,great knott,23-Jun-88,23/06/1988,,,"propiconazole, carbendazim and maneb applied",,,,,,
CS326,1988,great knott,25-Aug-88,25/08/1988,,,combine harvested,,,,,,
CS326,1988,far field,25-Sep-87,25/09/1987,,,glyphosate applied,,,,,,
CS326,1988,far field,03-Oct-88,03/10/1987,,,Heavy spring- tine cultivated twice to 10 cm,,,,,,
CS326,1988,far field,22-Oct-88,22/10/1987,,,glyphosate applied,,,,,,
CS326,1988,far field,29-Oct-88,29/10/1987,,,power harrowed with crumbler attached,,,,,,
CS326,1988,far field,07-Dec-88,07/12/1987,,,spring-tine cultivated,,,,,,
CS326,1988,far field,09-Dec-88,09/12/1987,,,Spike harrowed with crumbler attached,,,,,,
CS326,1988,far field,09-Dec-88,09/12/1987,,,seed sown,200,kg/ha,,Mission,,
CS326,1988,far field,08-Mar-88,08/03/1988,,,N applied,,,,,,
CS326,1988,far field,03-May-88,03/05/1988,,,N applied,,,,,,
CS326,1988,far field,26-Apr-88,26/04/1988,,,"Isoproturon, bromoxynil, ioxynil and mecoprop applied",,,,,,
CS326,1988,far field,22-Jun-88,22/06/1988,,,Fungicide applied,,,,,,
CS326,1988,far field,16-Aug-88,16/08/1988,,,glyphosate applied,,,,,,
CS326,1988,far field,25-Aug-88,25/08/1988,,,combine harvested,,,,,,
CS326,1989,great knott,06-Sep-88,06/09/1988,,,Magnesian limestone applied,,,,,,
CS326,1989,great knott,14-Sep-89,14/09/1988,,,ploughed,,,,,,
CS326,1989,great knott,29-Sep-89,29/09/1988,,,PK applied,,,,,,
CS326,1989,great knott,18-Oct-89,18/10/1988,,,paraquat applied,,,,,,
CS326,1989,great knott,19-Oct-89,19/10/1988,,,rotary harrowed,,,,,,
CS326,1989,great knott,19-Oct-89,19/10/1988,,,seed sown,180,kg/ha,,Rendezvous,,
CS326,1989,great knott,19-Oct-89,19/10/1988,,,harrowed,,,,,,
CS326,1989,great knott,29-Oct-89,29/10/1988,,,Isoproturon applied,,,,,,
CS326,1989,great knott,21-Feb-89,21/02/1989,,,N applied,,,,,,
CS326,1989,great knott,14-Apr-89,14/04/1989,,,N applied,,,,,,
CS326,1989,great knott,15-Apr-89,15/04/1989,,,metsulfuron-methyl and fluroxypyr applied,,,,,,
CS326,1989,great knott,19-May-89,19/05/1989,,,Chlorothalonil applied,,,,,,
CS326,1989,great knott,20-Jun-89,20/06/1989,,,propiconazole and Tridemorph applied,,,,,,
CS326,1989,great knott,05-Aug-89,05/08/1989,,,combine harvested,,,,,,
CS326,1989,far field,16-Sep-88,16/09/1988,,,PK applied,,,,,,
CS326,1989,far field,20-Sep-89,20/09/1988,,,"Subsoiled with tines 140 cm apart, 40 cm deep",,,,,,
CS326,1989,far field,03-Oct-89,03/10/1988,,,rolled,,,,,,
CS326,1989,far field,19-Oct-89,19/10/1988,,,paraquat applied,,,,,,
CS326,1989,far field,21-Oct-89,21/10/1988,,,spring cultivated with crumbler attached,,,,,,
CS326,1989,far field,21-Oct-89,21/10/1988,,,seed sown,180,kg/ha,,Rendezvous,,
CS326,1989,far field,21-Oct-89,21/10/1988,,,harrowed,,,,,,
CS326,1989,far field,08-Dec-89,08/12/1988,,,Isoproturon applied,,,,,,
CS326,1989,far field,08-Mar-89,08/03/1989,,,N applied,,,,,,
CS326,1989,far field,28-Apr-89,28/04/1989,,,N applied,,,,,,
CS326,1989,far field,23-May-89,23/05/1989,,,Chlorothalonil applied,,,,,,
CS326,1989,far field,22-Jun-89,22/06/1989,,,propiconazole and Tridemorph applied,,,,,,
CS326,1989,far field,04-Aug-89,04/08/1989,,,combine harvested,,,,,,
CS326,1990,great knott,22-Aug-89,22/08/1989,,,ploughed,,,,,,
CS326,1990,great knott,02-Oct-90,02/10/1989,,,paraquat and wetting agent applied,,,,,,
CS326,1990,great knott,04-Oct-90,04/10/1989,,,rotary harrowed,,,,,,
CS326,1990,great knott,05-Oct-90,05/10/1989,,,seed sown,180,kg/ha,,Pastiche,,
CS326,1990,great knott,06-Oct-90,06/10/1989,,,Harrowed,,,,,,
CS326,1990,great knott,06-Oct-90,06/10/1989,,,rolled,,,,,,
CS326,1990,great knott,22-Nov-90,22/11/1989,,,chlortoluron and cyanazine applied,,,,,,
CS326,1990,great knott,23-Feb-90,23/02/1990,,,Isoproturon applied,,,,,,
CS326,1990,great knott,02-Mar-90,02/03/1990,,,N applied,,,,,,
CS326,1990,great knott,12-Apr-90,12/04/1990,,,N applied,,,,,,
CS326,1990,great knott,30-Apr-90,30/04/1990,,,Fluroxypyr and fenoxaprop-ethyl applied,,,,,,
CS326,1990,great knott,31-May-90,31/05/1990,,,Fungicide applied,,,,,,
CS326,1990,great knott,13-Aug-90,13/08/1990,,,combine harvested,,,,,,
CS326,1990,far field,30-Aug-89,30/08/1989,,,Heavy-tine cultivated,,,,,,
CS326,1990,far field,30-Aug-89,11/09/1989,,,Heavy-tine cultivated,,,,,,
CS326,1990,far field,21-Sep-90,21/09/1989,,,rotary cultivated,,,,,,
CS326,1990,far field,06-Oct-90,06/10/1989,,,Subsoiled with vibrating tines 50 cm apart and 40 cm deep,,,,,,
CS326,1990,far field,06-Oct-90,06/10/1989,,,glyphosate applied,,,,,,
CS326,1990,far field,07-Oct-90,07/10/1989,,,rotary harrowed with crumbler attached,,,,,,
CS326,1990,far field,07-Oct-90,07/10/1989,,,seed sown,180,kg/ha,,Pastiche,,
CS326,1990,far field,11-Dec-90,11/12/1989,,,Isoproturon and isoxaben applied,,,,,,
CS326,1990,far field,23-Feb-90,23/02/1990,,,N applied,,,,,,
CS326,1990,far field,05-Apr-90,05/04/1990,,,N applied,,,,,,
CS326,1990,far field,24-Apr-90,24/04/1990,,,metsulfuron-methyl applied,,,,,,
CS326,1990,far field,22-May-90,22/05/1990,,,Fungicide applied,,,,,,
CS326,1990,far field,06-Aug-90,06/08/1990,,,combine harvested,,,,,,
CS326,1991,great knott,24-Aug-90,24/08/1990,,,ploughed,,,,,,
CS326,1991,great knott,24-Aug-90,24/08/1990,,,rolled,,,,,,
CS326,1991,great knott,08-Oct-91,08/10/1990,,,glyphosate applied,,,,,,
CS326,1991,great knott,12-Oct-91,12/10/1990,,,rotary harrowed,,,,,,
CS326,1991,great knott,12-Oct-91,12/10/1990,,,seed sown,190,kg/ha,,Haven,,
CS326,1991,great knott,12-Oct-91,12/10/1990,,,harrowed,,,,,,
CS326,1991,great knott,15-Oct-91,15/10/1990,,,rolled,,,,,,
CS326,1991,great knott,02-Nov-91,02/11/1990,,,Tri-allate applied,,,,,,
CS326,1991,great knott,15-Nov-91,15/11/1990,,,Isoproturon and pendimethalin applied,,,,,,
CS326,1991,great knott,04-Mar-91,04/03/1991,,,N applied,,,,,,
CS326,1991,great knott,03-Apr-91,03/04/1991,,,N applied,,,,,,
CS326,1991,great knott,12-Apr-91,12/04/1991,,,P and K applied,,,,,,
CS326,1991,great knott,24-Apr-91,24/04/1991,,,Fenpropimorph applied,,,,,,
CS326,1991,great knott,11-Jun-91,11/06/1991,,,propiconazole applied,,,,,,
CS326,1991,great knott,21-Aug-91,21/08/1991,,,combine harvested,,,,,,
CS326,1991,far field,23-Aug-91,23/08/1990,,,Magnesian limestone applied,,,,,,
CS326,1991,far field,11-Sep-91,11/09/1990,,,glyphosate applied,,,,,,
CS326,1991,far field,24-Sep-91,24/09/1990,,,disced twice,,,,,,
CS326,1991,far field,02-Oct-91,02/10/1990,,,Tri-allate applied,,,,,,
CS326,1991,far field,02-Oct-91,02/10/1990,,,rotary harrowed,,,,,,
CS326,1991,far field,02-Oct-91,02/10/1990,,,seed sown,170,kg/ha,,Haven,,
CS326,1991,far field,27-Nov-91,27/11/1990,,,"Pendimethalin, isoproturon and deltamethrin applied",,,,,,
CS326,1991,far field,15-Mar-91,15/03/1991,,,N applied,,,,,,
CS326,1991,far field,17-Apr-91,17/04/1991,,,N applied,,,,,,
CS326,1991,far field,24-Apr-91,24/04/1991,,,Fenpropimorph applied,,,,,,
CS326,1991,far field,20-Jun-91,20/06/1991,,,"Fenpropimorph, chlorothalonil and flutriafol applied",,,,,,
CS326,1991,far field,22-Aug-91,22/08/1991,,,combine harvested,,,,,,
CS326,1992,great knott,27-Aug-91,27/08/1991,,,straw applied,T,,,,,"STRAW NORMAL, 2 NORMAL and 4 NORMAL"
CS326,1992,great knott,28-Aug-91,28/08/1991,,,Straw and stubble chopped.,B,,,,,
CS326,1992,great knott,04-Sep-91,04/09/1991,,,ploughed,B,,,,,
CS326,1992,great knott,05-Sep-91,05/09/1991,,,rotary harrowed,,,,,,
CS326,1992,great knott,05-Sep-91,05/09/1991,,,seed sown,8,kg/ha,,Falcon,Lindex-Plus FS,
CS326,1992,great knott,05-Sep-91,05/09/1991,,,Rolled.,B,,,,,
CS326,1992,great knott,06-Sep-91,06/09/1991,,,Butisan S at 2.5 1 in 200 l,B,,,,,
CS326,1992,great knott,13-Oct-91,13/10/1991,,,Pilot at 0.15 1 in 200 l,,,1,,,
CS326,1992,great knott,13-Oct-91,13/10/1991,,,Cropspray 11 E at 2.5 l in 200 l,B,,1,,,
CS326,1992,great knott,19-Feb-92,19/02/1992,,,34.5% N at 220 kg,B,,,,,
CS326,1992,great knott,25-Mar-92,25/03/1992,,,34.5% N at 290 kg,B,,,,,
CS326,1992,great knott,09-Apr-92,09/04/1992,,,Sportak 45 at 1.1 l in 200 l,B,,,,,
CS326,1992,great knott,15-Jul-92,15/07/1992,,,Reglone at 3.0 1 with Farmon Blue at 0.26 1 in 260 l,B,,,,,
CS326,1992,far field,22-Jul-92,22/07/1992,,,combine harvested,B,,,,,
CS326,1992,far field,28-Aug-91,28/08/1991,,,"STRAW NORMAL, 2 NORMAL and 4 NORMAL: straw applied.",T,,,,,
CS326,1992,far field,30-Aug-91,30/08/1991,,,Straw and stubble chopped.,B,,,,,
CS326,1992,far field,02-Sep-91,02/09/1991,,,disced four times to 10 cmRolled.,B,,,,,
CS326,1992,far field,05-Sep-91,05/09/1991,,,"rotary harrowed, Falcon, dressed Lindex-Plus FS, drilled at 7.0 kg",B,,,,,
CS326,1992,far field,12-Oct-91,12/10/1991,,,Pilot at 0.15 1 with Cropspray 11 E at 2.0 1 in 200 l,B,,,,,
CS326,1992,far field,06-Jan-92,06/01/1992,,,PK as (0:16:36) at 740 kg,B,,,,,
CS326,1992,far field,15-Jan-92,15/01/1992,,,Benazalox at l0 kg in 200 l,B,,,,,
CS326,1992,far field,16-Jan-92,16/01/1992,,,PK as (0:16:36) at 300 kg,B,,,,,
CS326,1992,far field,21-Feb-92,21/02/1992,,,34.5% N at 220 kg,B,,,,,
CS326,1992,far field,,,,,,,,,,,
CS326,1992,,31-Mar-92,31/03/1992,,,34.5% N at 290 kg,B,,,,,
CS326,1992,,01-Apr-92,01/04/1992,,,Lentagran 45 WP at 2.0 kg in 200 l,B,,,,,
CS326,1992,,03-May-92,03/05/1992,,,Sportak at l2 1 in 200 l,B,,,,,
CS326,1992,,16-Jul-92,16/07/1992,,,Reglone at 3.0 1 with Agral at 0.46 1 in 400 l,B,,,,,
CS326,1992,,26-Jul-92,26/07/1992,,,combine harvestednote(1) From 1987 to 1991 effects were tested on wwheatIn 1992 wrape was grown in order to control grass weeds(2) Number of pints was started in autumn and springrye weights were measured in springIndividual seed weight and oil content were measured at harvest.,B,,,,,
CS326,1993,great knott,06-Aug-92,06/08/1992,,,"STRAW NORMAL, 2 NORMAL, 4 NORMAL: straw applied.",T,,,,,
CS326,1993,great knott,07-Aug-92,07/08/1992,,,Straw and stubble chopped.,B,,,,,
CS326,1993,great knott,18-Aug-92,18/08/1992,,,Gramoxone 100 at 2.0 1 with Farmon Blue at 0.1 1 in 200 l,B,,,,,
CS326,1993,great knott,14-Oct-92,14/10/1992,,,ploughed,B,,,,,
CS326,1993,great knott,16-Oct-92,16/10/1992,,,"rotary harrowed, Soissons, dressed Cerevax, drilled at 400 seed per square metre.",B,,,,,
CS326,1993,great knott,22-Oct-92,22/10/1992,,,Draza at 5.5 kg,B,,,,,
CS326,1993,great knott,13-Nov-92,13/11/1992,,,Avadex BW Granular at 22.5 kg,B,,,,,
CS326,1993,great knott,24-Nov-92,24/11/1992,,,Draza at 5.5 kg,B,,,,,
CS326,1993,great knott,24-Feb-93,24/02/1993,,,Panthor at 2.0 1 in 200 l,B,,,,,
CS326,1993,great knott,08-Mar-93,08/03/1993,,,34.5% N at 120 kg,B,,,,,
CS326,1993,great knott,15-Apr-93,15/04/1993,,,Halo at 2.0 1 with Tripart Brevis at 2.2 1 in 200 l,B,,,,,
CS326,1993,great knott,16-Apr-93,16/04/1993,,,34.5% N at 460 kg,B,,,,,
CS326,1993,great knott,22-Jun-93,22/06/1993,,,Corbe} at 0.50 1 and Radar at 0.50 1 in 200 l,B,,,,,
CS326,1993,great knott,19-Aug-93,19/08/1993,,,combine harvested,B,,,,,
CS326,1993,far field,10-Aug-92,10/08/1992,,,"STRAW NORMAL, 2 NORMAL, 4 NORMAL: straw applied.",T,,,,,
CS326,1993,far field,10-Aug-92,10/08/1992,,,Straw and stubble chopped.,T,,,,,
CS326,1993,far field,11-Aug-92,11/08/1992,,,Subsoiled to 45 cm with tines 1.5 m apart.,B,,,,,
CS326,1993,far field,29-Sep-92,29/09/1992,,,Roundup at 4.0 1 in 200 l,B,,,,,
CS326,1993,far field,05-Oct-92,05/10/1992,,,Heavy spring cultivated to 20 cm.,B,,,,,
CS326,1993,far field,07-Oct-92,07/10/1992,,,disced twice to 10 cm.,B,,,,,
CS326,1993,far field,09-Oct-92,09/10/1992,,,"rotary harrowed, Soissons, dressed Cerevax, drilled at 350 seed per square metre.",B,,,,,
CS326,1993,far field,09-Oct-92,09/10/1992,,,Avadex BW Granular at 4.2 1 in 200 l,B,,,,,
CS326,1993,far field,12-Oct-92,12/10/1992,,,Pre-Empt at 5.0 1 with Scythe at 3.0 1 in 200 l,B,,,,,
CS326,1993,far field,16-Oct-92,16/10/1992,,,Draza at 5.5 kg,B,,,,,
CS326,1993,far field,16-Mar-93,16/03/1993,,,34.5% N at 120 kg,B,,,,,
CS326,1993,far field,15-Apr-93,15/04/1993,,,Starane 2 at l0 1 with new 5C Cycocel at 2.5 1 in 200 l,B,,,,,
CS326,1993,far field,30-Apr-93,30/04/1993,,,34.5% N at 460 kg,B,,,,,
CS326,1993,far field,18-May-93,18/05/1993,,,Halo at 2.0 1 and Mistral at 0.25 1 in 200 l,B,,,,,
CS326,1993,far field,22-Jun-93,22/06/1993,,,Ashlade mancozeb FL at 3.0 1 and Corbel at 0.50 1 in 200 l,B,,,,,
CS326,1993,far field,14-Aug-93,14/08/1993,,,"combine harvestednote(1) Establishment counts were made in autumnShoot numbers and rye weights in spring, fertilizers ear numbers at anthesis and harvest index were measured(2) Foot and root rots were assessed in summer75",B,,,,,
CS326,1994,great knott,25-Aug-93,25/08/1993,,,"STRAW NORMAL, 2 NORMAL, 4 NORMAL: straw applied.",T,,,,,
CS326,1994,great knott,25-Aug-93,25/08/1993,,,STRAW NONEStraw removed.,T,,,,,
CS326,1994,great knott,25-Aug-93,25/08/1993,,,Straw and stubble chopped.,T,,,,,
CS326,1994,great knott,27-Sep-93,27/09/1993,,,ploughed,B,,,,,
CS326,1994,great knott,19-Oct-93,19/10/1993,,,"disced, spring cultivated.",B,,,,,
CS326,1994,great knott,20-Oct-93,20/10/1993,,,"rotary harrowed, Soissons, dressed Cerevax, drilled at 380 seed per m^.",B,,,,,
CS326,1994,great knott,17-Nov-93,17/11/1993,,,Optimol at 15 kg,B,,,,,
CS326,1994,great knott,09-Mar-94,09/03/1994,,,34.5% N at 118 kg,B,,,,,
CS326,1994,great knott,12-Apr-94,12/04/1994,,,34.5% N at 448 kg,B,,,,,
CS326,1994,great knott,12-Apr-94,12/04/1994,,,Starane 2 at 0.75 1 with Wildcat at l25 1 in 200 l,B,,,,,
CS326,1994,great knott,01-May-94,01/05/1994,,,Halo at 2.0 1 with Tripart Brevis at 2.5 1 in 200 l,B,,,,,
CS326,1994,great knott,24-May-94,24/05/1994,,,all at 30 g with Cheetah per at l5 1 and Starane 2 at 0.75 1 in 200 l,B,,,,,
CS326,1994,great knott,31-May-94,31/05/1994,,,Bombardier at l0 1 with Cyclone at l0 1 in 200 l,B,,,,,
CS326,1994,far field,06-Aug-94,06/08/1994,,,combine harvested,B,,,,,
CS326,1994,far field,17-Aug-93,17/08/1993,,,"STRAW NORMAL, 2 NORMAL, 4 NORMAL: straw applied.",T,,,,,
CS326,1994,far field,17-Aug-93,17/08/1993,,,STRAW NONEStraw removed.,T,,,,,
CS326,1994,far field,20-Aug-93,20/08/1993,,,Straw and stubble chopped.,B,,,,,
CS326,1994,far field,22-Sep-93,22/09/1993,,,Tine cultivated to 10 cm.,B,,,,,
CS326,1994,far field,19-Oct-93,19/10/1993,,,Scythe at 4.0 1 in 200 l 67,B,,,,,
CS326,1994,far field,20-Oct-93,20/10/1993,,,"rotary harrowed, Soissons, dressed Panoctine, drilled at 350 seed per m'.",B,,,,,
CS326,1994,far field,28-Feb-94,28/02/1994,,,Draza at 5.5 kg,B,,,,,
CS326,1994,far field,14-Mar-94,14/03/1994,,,34.5% N at 116 kg,B,,,,,
CS326,1994,far field,04-May-94,04/05/1994,,,34.5% N at 348 kg,B,,,,,
CS326,1994,far field,06-May-94,06/05/1994,,,all at 30 g with Oxytril CM at l0 1 and Halo at l51 in 200 l,B,,,,,
CS326,1994,far field,30-May-94,30/05/1994,,,Cyclone at l0 1 with Bravo 500 at l0 1 in 200 l,B,,,,,
CS326,1994,far field,14-Jun-94,14/06/1994,,,Hostathion at 0.84 1 in 200 l,B,,,,,
CS326,1994,far field,16-Aug-94,16/08/1994,,,combine harvestednoteEstablishment counts were made in WinterIn summer fertilizers ear numbers and harvest index were measured.,B,,,,,
CS326,1995,great knott,16-Aug-94,16/08/1994,,,"STRAW NORMAL, 2 NORMAL, 4 NORMAL: straw applied.",T,,,,,
CS326,1995,great knott,16-Aug-94,16/08/1994,,,STRAW NONEStraw removed.,T,,,,,
CS326,1995,great knott,16-Aug-94,16/08/1994,,,Straw and stubble chopped.,T,,,,,
CS326,1995,great knott,02-Sep-94,02/09/1994,,,PK as(0:20:32) at 1317 kg,B,,,,,
CS326,1995,great knott,27-Sep-94,27/09/1994,,,spring CT at 2.0 1 in 200 l,B,,,,,
CS326,1995,great knott,04-Oct-94,04/10/1994,,,ploughed,B,,,,,
CS326,1995,great knott,07-Oct-94,07/10/1994,,,rolled,B,,,,,
CS326,1995,great knott,10-Oct-94,10/10/1994,,,spring-tine cultivated,B,,,,,
CS326,1995,great knott,11-Oct-94,11/10/1994,,,"rotary harrowed, Soissons, dressed beet 050FS, drilled at 380 seed per mâ€™.",B,,,,,
CS326,1995,great knott,24-Nov-94,24/11/1994,,,Draza at 5.5 kg,B,,,,,
CS326,1995,great knott,25-Nov-94,25/11/1994,,,Avadex BW Granular at 22.5 kg,B,,,,,
CS326,1995,great knott,10-Mar-95,10/03/1995,,,34.5% N at 118 kg,B,,,,,
CS326,1995,great knott,16-Mar-95,16/03/1995,,,Stefes IPU at 5.0 1 in 200 l,B,,,,,
CS326,1995,great knott,11-Apr-95,11/04/1995,,,34.5% N at 463 kg,B,,,,,
CS326,1995,great knott,10-May-95,10/05/1995,,,Halo at 2.0 1 in 200 l,B,,,,,
CS326,1995,great knott,16-Jun-95,16/06/1995,,,Bravo 500 at l0 1 with Silvacur at 0.5 1 in 300 l,B,,,,,
CS326,1995,far field,04-Aug-95,04/08/1995,,,combine harvested,B,,,,,
CS326,1995,far field,24-Aug-94,24/08/1994,,,"STRAW NORMAL, 2 NORMAL, 4 NORMAL: straw applied.",T,,,,,
CS326,1995,far field,24-Aug-94,24/08/1994,,,STRAW NONEStraw removed.,T,,,,,
CS326,1995,far field,26-Aug-94,26/08/1994,,,Straw and stubble chopped.,B,,,,,
CS326,1995,far field,08-Sep-94,08/09/1994,,,PK as (0:20:32) at 781 kg 73,B,,,,,
CS326,1995,far field,26-Sep-94,26/09/1994,,,Gramoxone 100 at 3.0 1 in 200 l,B,,,,,
CS326,1995,far field,29-Sep-94,29/09/1994,,,ploughed,B,,,,,
CS326,1995,far field,30-Sep-94,30/09/1994,,,"rotary harrowed, Soissons, dressed beet 050FS, drilled at 350 seed per m^Rolled.",B,,,,,
CS326,1995,far field,02-Nov-94,02/11/1994,,,Avadex BW Granular at 22.5 kg,B,,,,,
CS326,1995,far field,02-Dec-94,02/12/1994,,,Stomp 400 at 3.3 l with Stefes IPU at 3.0 1 in 200 l,B,,,,,
CS326,1995,far field,15-Mar-95,15/03/1995,,,34.5% N at 116 kg,B,,,,,
CS326,1995,far field,28-Apr-95,28/04/1995,,,34.5% N at 464 kg,B,,,,,
CS326,1995,far field,02-May-95,02/05/1995,,,Starane 2 at l0 l with Halo at 2.0 1 in 200 l,B,,,,,
CS326,1995,far field,01-Jun-95,01/06/1995,,,Cyclone at 1.0 1 in 300 l.,B,,,,,
CS326,1995,far field,30-Jun-95,30/06/1995,,,primicarb 50 DG at 280 g in 300 l,B,,,,,
CS326,1995,far field,02-Aug-95,02/08/1995,,,"combine harvestednoteStubbles were sampled far rye matter in August 1994At Rothamsted soil was sampled in August 1994 far inorganic Nitro, microbial biomass Nitro and carbon, Nitro mineralization and soil respiration measurementsAt Woburn soil was sampled in October 1994 far Nitro measurementsStraw and grain field were measured.",B,,,,,
CS326,1996,great knott,10-Aug-95,10/08/1995,,,"STRAW NORMAL, 2 NORMAL, 4 NORMAL: straw applied.",7,,,,,
CS326,1996,great knott,10-Aug-95,10/08/1995,,,STRAW NONEStraw removed.,7,,,,,
CS326,1996,great knott,15-Aug-95,15/08/1995,,,straw chopped,B,,,,,
CS326,1996,great knott,29-Sep-95,29/09/1995,,,ploughed,B,,,,,
CS326,1996,great knott,05-Oct-95,05/10/1995,,,Heavy spring cultivated.,B,,,,,
CS326,1996,great knott,06-Oct-95,06/10/1995,,,"rotary harrowed, Soissons, dressed Sibutol, drilled at 400 seed per w^.",B,,,,,
CS326,1996,great knott,30-Oct-95,30/10/1995,,,Avadex BW Granular at 22.5 kg,B,,,,,
CS326,1996,great knott,14-Nov-95,14/11/1995,,,Draza at 5.5 kg,B,,,,,
CS326,1996,great knott,07-Mar-96,07/03/1996,,,34.5% N at 116 kg,B,,,,,
CS326,1996,great knott,16-Apr-96,16/04/1996,,,34.5% N at 174 kg,B,,,,,
CS326,1996,great knott,25-Apr-96,25/04/1996,,,all at 30 g with Cheetah per at l25 1 in 200 l,B,,,,,
CS326,1996,great knott,06-Jun-96,06/06/1996,,,Monicle at l0 1 in 320 l,B,,,,,
CS326,1996,far field,08-Aug-96,08/08/1996,,,combine harvested,B,,,,,
CS326,1996,far field,10-Aug-95,10/08/1995,,,"STRAW NORMAL, 2 NORMAL, 4 NORMAL: straw applied.",T,,,,,
CS326,1996,far field,10-Aug-95,10/08/1995,,,STRAW NONEStraw removedll-Aug-95,T,,,,,
CS326,1996,far field,10-Aug-95,10/08/1995,,,straw chopped,T,,,,,
CS326,1996,far field,13-Sep-95,13/09/1995,,,ploughedRolled.,B,,,,,
CS326,1996,far field,02-Oct-95,02/10/1995,,,Harvest at 3.0 1 in 300 l,B,,,,,
CS326,1996,far field,09-Oct-95,09/10/1995,,,"rotary harrowed, Soissons, dressed Sibutol, drilled at 400 seed per m""72",B,,,,,
CS326,1996,far field,13-Nov-95,13/11/1995,,,Trump at 5.5 1 in 200 l,B,,,,,
CS326,1996,far field,08-Mar-96,08/03/1996,,,34.5% N at 116 kg,B,,,,,
CS326,1996,far field,25-Apr-96,25/04/1996,,,34.5% N at 348 kg,B,,,,,
CS326,1996,far field,30-Apr-96,30/04/1996,,,Halo at l5 1 in 200 l,B,,,,,
CS326,1996,far field,06-Jun-96,06/06/1996,,,Halo at 2.0 l in 300 l,B,,,,,
CS326,1996,far field,08-Aug-96,08/08/1996,,,"combine harvestednoteStraw was sampled far Nitro content, grain was sampled far Nitro content, quality and thousand grain weights.",B,,,,,
CS326,1997,great knott,20-Aug-96,20/08/1996,,,"STRAW NORMAL, 2 NORMAL, 4 NORMAL: straw applied and chopped.",T,,,,,
CS326,1997,great knott,20-Aug-96,20/08/1996,,,STRAW NONEStraw removed.,T,,,,,
CS326,1997,great knott,23-Sep-96,23/09/1996,,,spring CT at 2.0 1 in 200 l,B,,,,,
CS326,1997,great knott,01-Oct-96,01/10/1996,,,ploughed,B,,,,,
CS326,1997,great knott,02-Oct-96,02/10/1996,,,"spring cultivated, rotary harrowed, Edward, dressed beet Gold, drilled at 380 seed per m^.",B,,,,,
CS326,1997,great knott,03-Oct-96,03/10/1996,,,rolled,B,,,,,
CS326,1997,great knott,09-Oct-96,09/10/1996,,,Draza at 5.5 kg,B,,,,,
CS326,1997,great knott,14-Nov-96,14/11/1996,,,Avadex BW Granular at 22.1 kg,B,,,,,
CS326,1997,great knott,16-Dec-96,16/12/1996,,,Isoproturon 500 at 4.2 l with Stomp 400 SC at 3.11 in 200 l,B,,,,,
CS326,1997,great knott,18-Apr-97,18/04/1997,,,Starane 2 at 0.75 1 in 300 l,B,,,,,
CS326,1997,great knott,04-Jun-97,04/06/1997,,,Folicur at 0.3 l with Winter at 0.5 l in 300 l,B,,,,,
CS326,1997,great knott,19-Aug-97,19/08/1997,,,combine harvested,B,,,,,
CS326,1997,great knott,21-Aug-96,21/08/1996,,,"STRAW NORMAL, 2 NORMAL, 4 NORMAL: straw applied.",T,,,,,
CS326,1997,great knott,21-Aug-96,21/08/1996,,,STRAW NONEStraw removed.,T,,,,,
CS326,1997,great knott,22-Aug-96,22/08/1996,,,straw chopped,B,,,,,
CS326,1997,great knott,02-Oct-96,02/10/1996,,,Scythe LC at 3.0 1 in 200 l,B,,,,,
CS326,1997,great knott,03-Oct-96,03/10/1996,,,"rotary harrowed, Edward, dressed Sibutol, drilled at 325 seed per m?.",B,,,,,
CS326,1997,great knott,22-Nov-96,22/11/1996,,,Avadex Excel 15G at 15 kg 67,B,,,,,
CS326,1997,far field,12-Dec-96,12/12/1996,,,Stomp 400 SC at 2.5 l with Isoproturon 500 at l0 1 in 200 l,B,,,,,
CS326,1997,far field,16-May-97,16/05/1997,,,Halo at 2.0 l in 300 l,B,,,,,
CS326,1997,far field,08-Aug-97,08/08/1997,,,Barclay Gallup at 2.0 1 in 300 l,B,,,,,
CS326,1997,far field,15-Aug-97,15/08/1997,,,combine harvestednote(1) No Nitro fertilizers was applied in 1997(2) Crop and soil sampled were taken in March and August far Nitro and carbon content.,,B,,,,
CS326,1998,great knott,02-Sep-97,02/09/1997,,,"STRAW NORMAL, 2 NORMAL, 4 NORMAL: straw applied and chopped.",T,,,,,
CS326,1998,great knott,02-Sep-97,02/09/1997,,,STRAW NONEStraw removed.,T,,,,,
CS326,1998,great knott,09-Sep-97,09/09/1997,,,PK as (0:20:32) at 1250 kg,B,,,,,
CS326,1998,great knott,11-Sep-97,11/09/1997,,,Scythe LC at 3.0 1 in 300 l,B,,,,,
CS326,1998,great knott,08-Oct-97,08/10/1997,,,ploughed,B,,,,,
CS326,1998,great knott,22-Oct-97,22/10/1997,,,"rotary harrowed, Edward, dressed Anchor, drilled at 380 seed per rnâ€™.",B,,,,,
CS326,1998,great knott,13-Jan-98,13/01/1998,,,Hawk at 2.5 1 with Sprayprover at l01 in 200 l,B,,,,,
CS326,1998,great knott,13-Feb-98,13/02/1998,,,34.5% N at 116 kg,B,,,,,
CS326,1998,great knott,17-Mar-98,17/03/1998,,,Ally at 20 g with Alpha Briotril 24/16 at 0.5 l in 200 l,B,,,,,
CS326,1998,great knott,27-Apr-98,27/04/1998,,,34.5% N at 460 kg,B,,,,,
CS326,1998,great knott,09-May-98,09/05/1998,,,Standon Tebuconazole at 0.7 1 with Starane 2 at 0.5 1 in 200 l,B,,,,,
CS326,1998,great knott,28-May-98,28/05/1998,,,Opus at 0.7 l in 200 l,B,,,,,
CS326,1998,great knott,12-Jun-98,12/06/1998,,,Bavistin DF at 0.5 kg with Folicur at 0.5 1 in 100 l,B,,,,,
CS326,1998,great knott,17-Aug-98,17/08/1998,,,combine harvested,B,,,,,
CS326,1999,great knott,20-Aug-98,20/08/1998,,,NONE: Straw removed,T,,,,,
CS326,1999,great knott,20-Aug-98,20/08/1998,,,"NORMAL,2 NORMAL, 4 NORMAL: straw applied and chopped.",T,,,,,
CS326,1999,great knott,08-Oct-98,08/10/1998,,,ploughed,B,,,,,
CS326,1999,great knott,13-Oct-98,13/10/1998,,,"rotary harrowedDrilled Edward, trSibutol, at 380 seed with the Nordsten drill2B:Hardy at 10.0 kg",B,,,,,
CS326,1999,great knott,15-Oct-98,15/10/1998,,,Hardy at 7.5 kg,B,,,,,
CS326,1999,great knott,04-Nov-98,04/11/1998,,,Dec at 7.5 kg,B,,,,,
CS326,1999,great knott,10-Mar-99,10/03/1999,,,Isoguard at 1.0 l in 200 l,B,,,,,
CS326,1999,great knott,10-Mar-99,10/03/1999,,,Unite A at 0.125 1 in 200 l %*33,B,,,,,
CS326,1999,great knott,10-Mar-99,10/03/1999,,,UnÃ­te B at l0 1 in 200 l 2 beans,B,,,,,
CS326,1999,great knott,10-Mar-99,10/03/1999,,,Cropoil at l0 1 in 200 l,B,,,,,
CS326,1999,great knott,15-Mar-99,15/03/1999,,,34.5% N at 145 kg,B:,,,,,
CS326,1999,great knott,12-Apr-99,12/04/1999,,,34.5% N at 435 kg,B:,,,,,
CS326,1999,great knott,01-May-99,01/05/1999,,,Opus at 0.7 l in 200 l,B,,,,,
CS326,1999,great knott,29-May-99,29/05/1999,,,Folicur at 1.0 1 in 100 l,B,,,,,
CS326,1999,great knott,29-May-99,29/05/1999,,,Sipcam UK Rover 500 at 1.0 l in 200 l,B,,,,,
CS326,1999,great knott,17-Jun-99,17/06/1999,,,Folicur at 0.25 1 in 100 l,B:,,,,,
CS326,1999,great knott,23-Aug-99,23/08/1999,,,combine harvested,B:,,,,,
CS326,1999,far field,17-Aug-98,17/08/1998,,,NONE: Straw removed,T,,,,,
CS326,1999,far field,17-Aug-98,17/08/1998,,,"NORMAL,2 NORMAL, 4 NORMAL: straw applied and chopped.",T,,,,,
CS326,1999,far field,02-Sep-98,02/09/1998,,,ploughed,B,,,,,
CS326,1999,far field,14-Sep-98,14/09/1998,,,Cambridge rolled,B,,,,,
CS326,1999,far field,12-Oct-98,12/10/1998,,,"rotary harrowedDrilled Edward, trSibutol, at 325 seed? with the Accord drill.",B,,,,,
CS326,1999,far field,05-Nov-98,05/11/1998,,,Hardy at 15 kg,B,,,,,
CS326,1999,far field,18-Feb-99,18/02/1999,,,34.5% N at 145 kg,B,,,,,
CS326,1999,far field,25-Feb-99,25/02/1999,,,Platform S at 1.0 kg in 200 l,B,,,,,
CS326,1999,far field,25-Feb-99,25/02/1999,,,Isoguard at 2.0 1 in 200 l,B,,,,,
CS326,1999,far field,02-Apr-99,02/04/1999,,,34.5% N at 377 kg,B,,,,,
CS326,1999,far field,24-Apr-99,24/04/1999,,,FolÃ­cur at 0.5 1 in 200 l B:,B,,,,,
CS326,1999,far field,24-Apr-99,24/04/1999,,,Tripart Brevis at 2.0 1 in 200 l,B,,,,,
CS326,1999,far field,27-May-99,27/05/1999,,,Folicur at 0.75 l in 200 l,B,,,,,
CS326,1999,far field,27-May-99,27/05/1999,,,Sipcam UK Rover 500 at 1.0 l in 200 l,B,,,,,
CS326,1999,far field,20-Aug-99,20/08/1999,,,combine harvested,B:,,,,,
CS326,2000,great knott,24-Aug-99,24/08/1999,,,NONE: Straw removed,T,,,,,
CS326,2000,great knott,24-Aug-99,24/08/1999,,,"NORMAL,2 NORMAL, 4 NORMAL: straw applied and chopped.",T,,,,,
CS326,2000,great knott,16-Sep-99,16/09/1999,,,ploughed and furrow pressed.,B,,,,,
CS326,2000,great knott,17-Sep-99,17/09/1999,,,"Combination drilled, Edward, trSibutol, at 350 seed* with the Accord drillRolled.",B,,,,,
CS326,2000,great knott,15-Nov-99,15/11/1999,,,Lexus 50 DF at 20 g in 200 l,B,,,,,
CS326,2000,great knott,15-Nov-99,15/11/1999,,,Stomp 400 SC at 2.5 1 in 200 l 3B8Â«t,B,,,,,
CS326,2000,great knott,15-Nov-99,15/11/1999,,,Toppel 10 at 250 ml in 200 l,B,,,,,
CS326,2000,great knott,09-Mar-00,09/03/2000,,,34.5% N at 145 kg,B,,,,,
CS326,2000,great knott,06-Apr-00,06/04/2000,,,Boxer at 100 ml in 200 l,B,,,,,
CS326,2000,great knott,19-Apr-00,19/04/2000,,,34.5% N at 290 kg,B,,,,,
CS326,2000,great knott,27-Apr-00,27/04/2000,,,Opus at 0.5 l in 200 l,B,,,,,
CS326,2000,great knott,27-Apr-00,27/04/2000,,,Unix at 0.5 kg in 200 l,B,,,,,
CS326,2000,great knott,24-May-00,24/05/2000,,,Amistar at 0.8 1 in 100 l,B,,,,,
CS326,2000,great knott,24-May-00,24/05/2000,,,Folicur at 0.75 1 in 100 l,B,,,,,
CS326,2000,far field,12-Aug-00,12/08/2000,,,combine harvested,T,,,,,
CS326,2000,far field,23-Aug-99,23/08/1999,,,NONE: Straw removed,T,,,,,
CS326,2000,far field,23-Aug-99,23/08/1999,,,"NORMAL,2 NORMAL, 4 NORMAL: straw applied and chopped.",T,,,,,
CS326,2000,far field,20-Sep-99,20/09/1999,,,ploughed and furrow pressed.,B,,,,,
CS326,2000,far field,01-Oct-99,01/10/1999,,,"Combination drilled, Edward, trSibutol, at 350 seed with the Nordsten drill.",B,,,,,
CS326,2000,far field,11-Nov-99,11/11/1999,,,Hallmark at 100 ml in 100 l,B:,,,,,
CS326,2000,far field,19-Mar-00,19/03/2000,,,Platform S at 1.0 kg in 200 l,B,,,,,
CS326,2000,far field,27-Apr-00,27/04/2000,,,"Sulphan (30.0% N, 7.6% S%) at 333 kg 64",B,,,,,
CS326,2000,far field,13-May-00,13/05/2000,,,Ally at 30 g in 200 lBs:Starane 2 at l0 1 in 200 l,B,,,,,
CS326,2000,far field,20-May-00,20/05/2000,,,Opus at 0.75 l in 200 l,B,,,,,
CS326,2000,far field,21-Aug-00,21/08/2000,,,combine harvestednotegrain and straw sampled were analysed far Nitro content.,B,,,,,
CS326,2001,great knott,16-Aug-00,16/08/2000,,,,7,,,,,
CS326,2001,great knott,22-Aug-00,22/08/2000,,,"cropped loaded straw.TStraw/normal, 15.5 kg per plot.",T,,,,,
CS326,2001,great knott,22-Aug-00,22/08/2000,,,"Straw/2 x normal, 31.0 kg per plot.",T,,,,,
CS326,2001,great knott,22-Aug-00,22/08/2000,,,"Straw/4 x normal, 62.0 kg per plot.",T,,,,,
CS326,2001,great knott,13-Oct-00,13/10/2000,,,ploughed,B,,,,,
CS326,2001,great knott,19-Oct-00,19/10/2000,,,"Combination drilled, Edward, trSibutol, at 350 s/m*? with the Accord drill.",B,,,,,
CS326,2001,great knott,17-Nov-00,17/11/2000,,,Dec Wetex at 5.0 kg,B,,,,,
CS326,2001,great knott,26-Mar-01,26/03/2001,,,33.5% N at 149 kg,B,,,,,
CS326,2001,great knott,09-Apr-01,09/04/2001,,,Harmony M at 75 g in 100 L1> B:,B,,,,,
CS326,2001,great knott,09-Apr-01,09/04/2001,,,Topik at 125 ml in 100 l1- B:,B,,,,,
CS326,2001,great knott,09-Apr-01,09/04/2001,,,Toil at l0 1 in 100 l,B,,,,,
CS326,2001,great knott,05-May-01,05/05/2001,,,33.5% N at 299 kg,B,,,,,
CS326,2001,great knott,08-May-01,08/05/2001,,,Amistar at 0.5 1 in 100 l,B,,,,,
CS326,2001,great knott,08-May-01,08/05/2001,,,Unix at 0.5 kg in 100 l,,,,,,
CS326,2001,great knott,08-May-01,08/05/2001,,,BASF 3C Chlormequat 720 at 125 l in 100 l,B,,,,,
CS326,2001,great knott,08-May-01,08/05/2001,,,Moddus at 0.2 1 in 100 l.,B,,,,,
CS326,2001,great knott,04-Jun-01,04/06/2001,,,Amistar at 0.7 l in 100 l,,,,,,
CS326,2001,great knott,04-Jun-01,04/06/2001,,,Folicur at 0.5 l in 100 l,B,,,,,
CS326,2001,great knott,25-Aug-01,25/08/2001,,,combine harvested plots for yield,,,,,,
CS326,2001,great knott,25-Aug-01,25/08/2001,,,carted straw,B,,,,,
CS326,2001,great knott,29-Aug-01,29/08/2001,,,"combine harvested, all remaining wheat.",B,,,,,
CS326,2001,great knott,,29/08/2001,,,"sampled, baled and weighed straw",,,,,,
CS326,2001,great knott,,29/08/2001,,,carted straw,,,,,,
CS326,2001,far field,,01/09/2000,,,Muriate of potash at 200 kg,,,,,,
CS326,2001,far field,03-Sep-00,03/09/2000,,,Azural at 4.0 l in 200 l,B,,,,,
CS326,2001,far field,13-Sep-00,13/09/2000,,,cropped loaded straw.,T,,,,,
CS326,2001,far field,13-Sep-00,13/09/2000,,,Straw applied at 11.5 kg per plot>,T,,,,,
CS326,2001,far field,13-Sep-00,13/09/2000,,,Straw applied at 23.0 kg per plot.,T,,,,,
CS326,2001,far field,13-Sep-00,13/09/2000,,,Straw applied at 46.0 kg per plot.,T,,,,,
CS326,2001,far field,21-Sep-00,21/09/2000,,,spring CAO at 2.0 l in 200 l,B,,,,,
CS326,2001,far field,25-Sep-00,25/09/2000,,,"ploughed, seed.",B,,,,,
CS326,2001,far field,03-Oct-00,03/10/2000,,,"rotary harrowed.B:Drilled, Edward, trSibutol and Rhodoman, at 350 s/m* with the 4.0 m Accord drill.",B,,,,,
CS326,2001,far field,20-Oct-00,20/10/2000,,,Avadex Excel 15 g at 15.0 kg,B,,,,,
CS326,2001,far field,15-Dec-00,15/12/2000,,,Lexus Class at 60 g in 2001.,B,,,,,
CS326,2001,far field,30-Mar-01,30/03/2001,,,"Sulphur Gold 30.02 N, 7.6% S at 167 kg",,,,,,
CS326,2001,far field,30-Mar-01,30/03/2001,,,"Sulphur Gold 30.0% N, 7.6% S at 167 kg",B,,,,,
CS326,2001,far field,13-Apr-01,13/04/2001,,,Harmony M at 75 g in 200 l,,,,,,
CS326,2001,far field,13-Apr-01,13/04/2001,,,Starane 2 at 0.5 1 in 200 l,B:,,,,,
CS326,2001,far field,30-Apr-01,30/04/2001,,,"Sulphur Gold 30.0% N, 7.6% S at 333 kg",,,,,,
CS326,2001,far field,30-Apr-01,30/04/2001,,,"Sulphur Gold 30.0% N, 7.6% S at 333 kg",B,,,,,
CS326,2001,far field,08-May-01,08/05/2001,,,Opus at 0.5 1 in 200 l.B:,B,,,,,
CS326,2001,far field,08-May-01,08/05/2001,,,BASF 3C Chlormequat 720 at 2.0 l in 200 l,B,,,,,
CS326,2001,far field,31-May-01,31/05/2001,,,Opus at 0.7 l in 200 l 2l-Aug-01,,,,,,
CS326,2001,far field,31-May-01,21/08/2001,,,combine harvested plots for yield and discard,B:,,,,,
CS326,2001,far field,31-May-01,21/08/2001,,,carted straw,B:,,,,,
CS326,2001,far field,23-Aug-01,23/08/2001,,,"sampled, baled and weighed straw",,,,,,
CS326,2001,far field,,Note,,,Grain & straw sampled were taken far N analysis.,B,,,,,
CS326,2002,great knott,29-Aug-01,29/08/2001,,,Straw treatments applied.,T,,,,,
CS326,2002,great knott,30-Aug-01,30/08/2001,,,straw chopped,T,,,,,
CS326,2002,great knott,14-Sep-01,14/09/2001,,,ploughed,,B,,,,
CS326,2002,great knott,26-Sep-01,26/09/2001,,,"Combination drilled, Edward, trSibutol Secur, at 350 seed^ with the Accord 2 drill.",B,,,,,
CS326,2002,great knott,28-Sep-01,28/09/2001,,,RolledOl-Nov-01,B,,,,,
CS326,2002,great knott,28-Sep-01,28/09/2001,,,Lexus 50 DF at 20 g in 200 l,B,,,,,
CS326,2002,great knott,28-Sep-01,28/09/2001,,,Stomp 400 SC at 3.0 1 in 200 l,B,,,,,
CS326,2002,great knott,14-Mar-02,14/03/2002,,,33.5% N at 150 kg,B,,,,,
CS326,2002,great knott,04-Apr-02,04/04/2002,,,Opus at 0.4 1 in 100 l ,B,,,,,
CS326,2002,great knott,04-Apr-02,04/04/2002,,,Twist at 0.6 1 in 100 l,B,,,,,
CS326,2002,great knott,04-Apr-02,04/04/2002,,,BASF 3C Chlormequat 720 at l25 1 in 100 l ,B,,,,,
CS326,2002,great knott,04-Apr-02,04/04/2002,,,Moddus at 0.2 l in 100 l,B,,,,,
CS326,2002,great knott,25-Apr-02,25/04/2002,,,33.5% N at 418 kg,B,,,,,
CS326,2002,great knott,31-May-02,31/05/2002,,,Opus at 0.5 l in 200 l,B,,,,,
CS326,2002,great knott,31-May-02,31/05/2002,,,Twist at 0.8 l in 200 l,B,,,,,
CS326,2002,great knott,31-May-02,01/08/2002,,,Roundup Biactive at 3.0 1 in 100 l,B,,,,,
CS326,2002,great knott,13-Aug-02,13/08/2002,,,"combine harvested plots for field, and discard.",,,,,,
CS326,2002,great knott,13-Aug-02,13/08/2002,,,chopped discard straw,T,,,,,
CS326,2002,great knott,14-Aug-02,14/08/2002,,,"sampled, baled and weighed straw",T,,,,,
CS326,2002,great knott,30-Aug-02,30/08/2002,,,sprayed and cropped straw as plan.,T,,,,,
CS326,2002,far field,03-Aug-01,03/08/2001,,,Muriate of potash at 250 kg,B,,,,,
CS326,2002,far field,23-Aug-01,23/08/2001,,,Straw treatments applied.,T,,,,,
CS326,2002,far field,20-Sep-01,20/09/2001,,,ploughed,B,,,,,
CS326,2002,far field,21-Sep-01,21/09/2001,,,rolled,B,,,,,
CS326,2002,far field,22-Sep-01,22/09/2001,,,rotary harrowed,,,,,,
CS326,2002,far field,22-Sep-01,22/09/2001,,,"Drilled, Edward, trSibutol + Aventis Manganese 500 at 350 seed^ with the Accord drill",B,,,,,
CS326,2002,far field,13-Oct-01,13/10/2001,,,Avadex Excel 15 g at 15.0 kg,B,,,,,
CS326,2002,far field,16-Nov-01,22/09/2001,,,rolled,B,,,,,
CS326,2002,far field,16-Nov-01,16/11/2001,,,Stomp 400 S at 4.0 l in 200 l,B,,,,,
CS326,2002,far field,16-Nov-01,16/11/2001,,,Tolkan liquid at 2.5 1 in 200 l.,B,,,,,
CS326,2002,far field,12-Mar-02,12/03/2002,,,"Sulphur Gold 30% N, 7.6% S at 167 kg",B,,,,,
CS326,2002,far field,12-Apr-02,12/03/2002,,,"Sulphur Gold 30% N, 7.6% S at 167 kg",B,,,,,
CS326,2002,far field,12-Apr-02,12/04/2002,,,Opus at 0.5 l in 200 l,B,,,,,
CS326,2002,far field,12-Apr-02,12/04/2002,,,BASF 3C Chlormequat 720 at 2.0 l in 200 l,B,,,,,
CS326,2002,far field,02-May-02,02/05/2002,,,Ally at 30 g in 200 l,B,,,,,
CS326,2002,far field,07-May-02,07/05/2002,,,"Sulphur Gold 30% N, 7.6% S at 333 kg",,,,,,
CS326,2002,far field,07-May-02,07/05/2002,,,"Sulphur Gold 30% N, 7.6% S at 333 kg",B,,,,,
CS326,2002,far field,27-May-02,27/05/2002,,,Opus at 0.75 l in 200 l,B,,,,,
CS326,2002,far field,23-Aug-02,23/08/2002,,,combine harvested plots far fieldearthed straw.,T9,,,,,
CS326,2002,far field,30-Aug-02,30/08/2002,,,"sampled, baled and weighed straw",,,,,,
CS326,2002,far field,30-Aug-02,31/08/2002,,,baled and removed straw,,,,,,
CS326,2002,far field,30-Aug-02,note,,,Grain and straw samples were taken for N analysis.,T,,,,,
CS326,2003,great knott,14-Aug-02,14/08/2002,,,Straw treatments applied.,T,,,,,
CS326,2003,great knott,18-Aug-02,18/08/2002,,,straw chopped,T,,,,,
CS326,2003,great knott,17-Sep-02,17/09/2002,,,ploughed 25 cm furrows.,B,,,,,
CS326,2003,great knott,18-Sep-02,18/09/2002,,,"Combination drilled, Edward, trSibutol Secur, at 200 seed? with the Accord 2 drill.",B,,,,,
CS326,2003,great knott,24-Sep-02,24/09/2002,,,Crystal at 4.0 l in 200 l,B,,,,,
CS326,2003,great knott,10-Mar-03,10/03/2003,,,Sulphur Gold at 167 kg lO-Mar-03,B,,,,,
CS326,2003,great knott,10-Mar-03,10/03/2003,,,Sulphur Gold at 167 kg,B,,,,,
CS326,2003,great knott,29-Apr-03,29/04/2003,,,33.5% N at 448 kg,B,,,,,
CS326,2003,great knott,07-May-03,07/05/2003,,,Ally at 30 g in 200 l,,,,,,
CS326,2003,great knott,07-May-03,07/05/2003,,,Starane 2 at 0.75 l in 200 l,B,,,,,
CS326,2003,great knott,10-May-03,10/05/2003,,,Opus at 0.5 l in 200 l,B,,,,,
CS326,2003,great knott,10-May-03,10/05/2003,,,Amistar at 0.6 l in 200 l,B,,,,,
CS326,2003,great knott,28-May-03,28/05/2003,,,Opus at 0.5 l in 200 l,B,,,,,
CS326,2003,great knott,28-May-03,28/05/2003,,,Twist at l0 1 in 200 l,B,,,,,
CS326,2003,great knott,04-Aug-03,04/08/2003,,,combine harvested discard.,B,,,,,
CS326,2003,great knott,06-Aug-03,06/08/2003,,,combine harvested plots for yield, ,,,,,
CS326,2003,great knott,07-Aug-03,07/08/2003,,,Straw weighedBEB:combine harvested discardCDL QU,T,,,,,
CS326,2003,far field,16-Sep-02,16/09/2002,,,Muriate of potash at 250 kg,B,,,,,
CS326,2003,far field,19-Sep-02,19/09/2002,,,CleanCrop great applied at 4.0 l on 200 l,B,,,,,
CS326,2003,far field,23-Sep-02,23/09/2002,,,,T,,,,,
CS326,2003,far field,30-Sep-02,30/09/2002,,,ploughed 35 cm furrows.,,,,,,
CS326,2003,far field,30-Sep-02,30/09/2002,,,rolled,,,,,,
CS326,2003,far field,30-Sep-02,30/09/2002,,,power harrowed,,,,,,
CS326,2003,far field,30-Sep-02,30/09/2002,,,"drilled, Edward, trSibutol Secur at 350 seed/m2 with the Accord drill.",,,,,,
CS326,2003,far field,30-Sep-02,30/09/2002,,,rolled,B,,,,,
CS326,2003,far field,26-Nov-02,26/11/2002,,,Tolugan extra at 5.0 1 in 200 l,,,1,,,
CS326,2003,far field,26-Nov-02,26/11/2002,,,Ardent at 1.0 1 in 200 l.,,,,,,
CS326,2003,far field,26-Nov-02,26/11/2002,,,Hallmark with Zeon Technology at 25 ml in 200 l.,Bi:,,,,,
CS326,2003,far field,24-Mar-03,24/03/2003,,,"Sulphur Gold 30% N, 7.6% S at 167 kg",B:,,,,,
CS326,2003,far field,26-Mar-03,26/03/2003,,,Topik at 125 ml in 200 l,,,,,,
CS326,2003,far field,26-Mar-03,26/03/2003,,,Phase II at 10 l in 200 l,.,B:,,,,
CS326,2003,far field,02-May-03,02/05/2003,,,"Sulphur Gold 30% N, 7.6% S at 333 kg",B,,,,,
CS326,2003,far field,07-May-03,07/05/2003,,,Ally at 30 g in 200 l,,,,,,
CS326,2003,far field,07-May-03,07/05/2003,,,Starane 2 at 0.75 1 in 200 l,,,,,,
CS326,2003,far field,07-May-03,07/05/2003,,,Unix at 0.4 kg in 200 1,,,,,,
CS326,2003,far field,07-May-03,07/05/2003,,,Acanto at 0.5 1 in 200 l,B,,,,,
CS326,2003,far field,09-Jun-03,09/06/2003,,,Landmark at 0.75 1 in 200 l,B,,,,,
CS326,2003,far field,09-Aug-03,09/08/2003,,,"combine harvested plots for field, and discard.",T,,,,,
CS326,2003,far field,11-Aug-03,11/08/2003,,,"sampled, baled and weighed straw",T9,,,,,
CS326,2003,far field,19-Aug-03,19/08/2003,,,CleanCrop great at 4.0 l in 200 l,B,,,,,
CS326,2003,far field,29-Aug-03,29/08/2003,,,cropped straw,,,,,,
CS326,2003,far field,29-Aug-03,note,,,Grain and straw samples were taken for N analysis.,B,,,,,
CS326,2004,great knott,18-Aug-03,18/08/2003,,,Straw treatments applied.,T,,,,,
CS326,2004,great knott,18-Aug-03,18/08/2003,,,straw chopped,T,,,,,
CS326,2004,great knott,24-Sep-03,24/09/2003,,,ploughed 35 cm furrows.,B,,,,,
CS326,2004,great knott,25-Sep-03,25/09/2003,,,Cultipressed,B,,,,,
CS326,2004,great knott,27-Sep-03,27/09/2003,,,Cultipressed,,,,,,
CS326,2004,great knott,27-Sep-03,27/09/2003,,,"Combination drilled, Edward, trSibutol Secur at 350 seed/m2 with the Accord drill.",B,,,,,
CS326,2004,great knott,21-Oct-03,21/10/2003,,,Wetex at 5 kg,:,,,,,
CS326,2004,great knott,07-Nov-03,07/11/2003,,,Crystal at 4.0 l in 200 l,B,,,,,
CS326,2004,great knott,17-Mar-04,17/03/2004,,,Sulphur Gold at 167 kg (50 kg N).,B:,,,,,
CS326,2004,great knott,09-Apr-04,09/04/2004,,,Topik at 0.125 1 in 100 l,B,,,,,
CS326,2004,great knott,09-Apr-04,09/04/2004,,,Amber at 0.5 1 in 100 l.,B,,,,,
CS326,2004,great knott,17-Apr-04,17/04/2004,,,Ally at 30 g in 200 l,,,,,,
CS326,2004,great knott,17-Apr-04,17/04/2004,,,Starane XL at l5 1 in 200 l,B:,,,,,
CS326,2004,great knott,06-May-04,06/05/2004,,,Sulphur Gold at 467 kg (140 kg N).,B,,,,,
CS326,2004,great knott,13-May-04,13/05/2004,,,Opus at 0.75 l in 200 l,B,,,,,
CS326,2004,great knott,13-May-04,13/05/2004,,,Moddus at 0.15 1 in 200 l,B,,,,,
CS326,2004,great knott,13-Jun-04,13/06/2004,,,Folicur at 0.7 1 in 200 1,,,1,,,
CS326,2004,great knott,13-Jun-04,13/06/2004,,,Amistar at 0.5 l in 200 1,,,,,,
CS326,2004,great knott,13-Jun-04,13/06/2004,,,Hallmark with Zeon Technology at 50 ml in 200 l,,,,,,
CS326,2004,great knott,3l-Aug-2004,3l/08/2004,,,combine harvested plots,,,,,,
CS326,2004,far field,3l-Aug-2004,3l/08/2004,,,Straw baled and weighedm,B,,,,,
CS326,2004,far field,19-Aug-03,19/08/2003,,,CleanCrop great applied at 4.0 l on 200 l,B,,,,,
CS326,2004,far field,29-Aug-03,29/08/2003,,,Straw treatments applied.,T,,,,,
CS326,2004,far field,29-Sep-03,29/09/2003,,,Muriate of potash at 250 kg,B,,,,,
CS326,2004,far field,05-Oct-03,05/10/2003,,,ploughed 30 cm furrows.,B,,,,,
CS326,2004,far field,06-Oct-03,06/10/2003,,,Cultipressed,B,,,,,
CS326,2004,far field,07-Oct-03,07/10/2003,,,"Drilled, Consort, trSibutol Secur at 300 seed' with the Accord drill.",B,,,,,
CS326,2004,far field,17-Dec-03,17/12/2003,,,Arelon 500 at 3.5 1 in 200 l,B,,,,,
CS326,2004,far field,17-Dec-03,17/12/2003,,,Treflan at l5 l in 200 l,B,,,,,
CS326,2004,far field,12-Mar-04,12/03/2004,,,Cutonic cropped Ultra at 0.25 l in 200 ll,B,,,,,
CS326,2004,far field,12-Mar-04,12/03/2004,,,Aventis Manganese 500 at 1.5 1 in 200 l.,B,,,,,
CS326,2004,far field,18-Mar-04,18/03/2004,,,"Sulphur Gold 30% N, 7.6% S at 167 kg",B:,,,,,
CS326,2004,far field,29-Mar-04,29/03/2004,,,Duplosan KV at 1.0 l in 200 l.,,B,,,,
CS326,2004,far field,19-Apr-04,19/04/2004,,,Ally at 30 g in 200 l DB,B,,,,,
CS326,2004,far field,19-Apr-04,19/04/2004,,,Biotril 24/16 at 0.5 l in 200 l > B:,B,,,,,
CS326,2004,far field,19-Apr-04,19/04/2004,,,Phase II at 10 l in 200 l,B,,,,,
CS326,2004,far field,03-May-04,03/05/2004,,,"Sulphur Gold 30% N, 7.6% S at 467 kg",B,,,,,
CS326,2004,far field,03-Jun-04,03/06/2004,,,Opus at 0.5 l in 200 l,B:,,1,,,
CS326,2004,far field,03-Jun-04,03/06/2004,,,Twist at 0.75 1 in 200 l,B:,,,,,
CS326,2004,far field,05-Jul-04,05/07/2004,,,Aphox at 280 g in 200 l,B,,,,,
CS326,2004,far field,05-Sep-04,05/09/2004,,,combine harvested plots far field OT earthed straw,T,,,,,
CS326,2004,far field,07-Sep-04,07/09/2004,,,"sampled, baled and weighed straw",,,,,,
CS326,2004,far field,07-Sep-04,note,,,Grain and straw samples were taken for N analysis.,,,,,,
CS326,2004,far field,07-Sep-04,note,,,"Because of operational difficulties while harvesting the grain field of new plot was lost, with treatment combination 4 NORMALAn started value was used in the analysis.",T,,,,,
CS326,2005,great knott,02-Sep-04,02/09/2004,,,Straw treatments applied.,T,,,,,
CS326,2005,great knott,07-Sep-04,07/09/2004,,,straw chopped,T,,,,,
CS326,2005,great knott,21-Sep-04,21/09/2004,,,ploughed 35 cm furrows.,B,,,,,
CS326,2005,great knott,22-Sep-04,22/09/2004,,,Cultipressed,B,,,,,
CS326,2005,great knott,27-Sep-04,27/09/2004,,,"Combination drilled, Edward, trSibutol Secur, at 350 seed? with the Accord drill, rolled.",B,,,,,
CS326,2005,great knott,05-Nov-04,05/11/2004,,,Claymore at 3.3 l in 200 l DB,B,,,,,
CS326,2005,great knott,05-Nov-04,05/11/2004,,,Aplha IPU 500 at 2.5 l in 200 l,,,,,,
CS326,2005,great knott,05-Nov-04,05/11/2004,,,Hallmark with Zeon Technology at 50 ml in 200 l,B,,,,,
CS326,2005,great knott,19-Mar-05,19/03/2005,,,Duplosan KV at 1.5 1 in 200 1,,,,,,
CS326,2005,great knott,19-Mar-05,19/03/2005,,,Atlantis at 0.4 1 in 200 l.,,,,,,
CS326,2005,great knott,19-Mar-05,19/03/2005,,,Biopower at l0 1 in 200 l,B,,,,,
CS326,2005,great knott,03-Apr-05,03/04/2005,,,Sulphur Gold at 167 kg (50 kg N).,B,,,,,
CS326,2005,great knott,30-Apr-05,30/04/2005,,,34.5% N at 406 kg (140 kg N).,B,,,,,
CS326,2005,great knott,27-May-05,27/05/2005,,,Opus at 0.75 1 in 200 l > B:,B,,,,,
CS326,2005,great knott,27-May-05,27/05/2005,,,Twist at 0.8 l in 200 l,,,,,,
CS326,2005,great knott,27-May-05,27/05/2005,,,Starane 2 at 0.75 1 in 200 l,B,,,,,
CS326,2005,great knott,17-Aug-05,17/08/2005,,,"combine harvested plots far field, combine discard, earthed straw and weighed.",B:,,,,,
CS326,2005,far field,07-Sep-04,07/09/2004,,,Straw treatments applied.,T,,,,,
CS326,2005,far field,26-Sep-04,26/09/2004,,,glyphosate 360 at 4.0 1 in 200 l,B,,,,,
CS326,2005,far field,02-Oct-04,02/10/2004,,,ploughed 35 cm furrows.,,,,,,
CS326,2005,far field,02-Oct-04,02/10/2004,,,power harrowed,,,,,,
CS326,2005,far field,02-Oct-04,02/10/2004,,,"drilled, Edward, trSibutol Secur at 350 seed/m2 with the Accord drill.",B,,,,,
CS326,2005,far field,14-Nov-04,14/11/2004,,,Claymore at 2.5 1 in 200 1,. DB : ,B,,,,
CS326,2005,far field,14-Nov-04,14/11/2004,,,Aplha IPU 500 at 2.5 l in 200 l,,,,,,
CS326,2005,far field,14-Nov-04,14/11/2004,,,Hallmark with Zeon Technology at 50 ml in 200 l,B,,,,,
CS326,2005,far field,09-Apr-05,09/04/2005,,,"Sulphur Gold 30% N, 7.6% S at 167 kg", ,,,,,
CS326,2005,far field,14-May-05,14/05/2005,,,"Sulphur Gold 30% N, 7.6% S at 467 kg",B,,,,,
CS326,2005,far field,15-May-05,15/05/2005,,,Opus at 0.75 l in 200 l,B:,,,,,
CS326,2005,far field,15-May-05,15/05/2005,,,Amistar Opti at 1.5 1 in 200 1,,,,,,
CS326,2005,far field,15-May-05,15/05/2005,,,Starane 2 at 0.5 1 in 200 l,,B:,,,,
CS326,2005,far field,09-Jun-05,09/06/2005,,,Amistar at 0.3 1 in 200 1.B 5,B,,1,,,
CS326,2005,far field,09-Jun-05,09/06/2005,,,Opus at 0.5 l in 200 l,B,,,,,
CS326,2005,far field,02-Sep-05,02/09/2005,,,"combine harvested plots far field, combine discard, earthed straw, sampled, baled and weighed straw",,,,,,
CS326,2005,far field,02-Sep-05,note,,,Grain and straw samples were taken for N analysis.,T,,,,,
CS326,2006,great knott,18-Aug-05,18/08/2005,,,"Straw treatments applied, baled remaining straw.",T,,,,,
CS326,2006,great knott,26-Sep-05,26/09/2005,,,ploughed 35 cm furrows.,B,,,,,
CS326,2006,great knott,28-Sep-05,28/09/2005,,,"Cultipress, combination drilled, Edward, trSibutol Secur, at 350 seed, rolled.",B,,,,,
CS326,2006,great knott,03-Oct-05,03/10/2005,,,Crystal at 4.0 l in 200 l,B,,,,,
CS326,2006,great knott,05-Dec-05,05/12/2005,,,Hallmark with Zeon Technology at 50 ml in 200 l,B,,,,,
CS326,2006,great knott,15-Mar-06,15/03/2006,,,Double topped at 185 kg (50 kg N)2l-Apr-06,B,,,,,
CS326,2006,great knott,15-Mar-06,15/03/2006,,,Opus at 0.75 l in 200 l,. > B: ,B,,,,
CS326,2006,great knott,15-Mar-06,15/03/2006,,,Bravo 500 at 1.0 l in 200 l,B,,,,,
CS326,2006,great knott,15-Mar-06,15/03/2006,,,Flexity at 0.2 l in 200 l,B,,,,,
CS326,2006,great knott,24-Apr-06,24/04/2006,,,Double topped at 435 kg (140 kg N).,B,,,,,
CS326,2006,great knott,16-May-06,16/05/2006,,,Ally Mar SX at 42 g in 200 1,,,,,,
CS326,2006,great knott,16-May-06,16/05/2006,,,Starane 2 at 0.75 l in 200 l,B,,,,,
CS326,2006,great knott,02-Jun-06,02/06/2006,,,Opus at 0.75 l in 200 l,,,,,,
CS326,2006,great knott,02-Jun-06,02/06/2006,,,Bravo 500 at 1.0 1 in 200 l., : B: ,B,,,,
CS326,2006,great knott,02-Jun-06,02/06/2006,,,Vivid at 0.4 1 in 200 l,B,,,,,
CS326,2006,great knott,06-Aug-06,06/08/2006,,,"combine harvested plots far field, combine discard, earthed straw, sampled and weighed.",B,,,,,
CS326,2006,far field,07-Sep-05,07/09/2005,,,Straw treatments appliedremaining straw baled and removed.,T,,,,,
CS326,2006,far field,22-Sep-05,22/09/2005,,,Azural at 3.0 l in 200 l,B,,,,,
CS326,2006,far field,22-Sep-05,01/10/2005,,,ploughed 35 cm furrows.,B,,,,,
CS326,2006,far field,08-Oct-05,08/10/2005,,,rolled,B,,,,,
CS326,2006,far field,12-Oct-05,12/10/2005,,,"Combination drilled, Edward, trSibutol Secur at 350 seed/m2 with the Accord drill.",B,,,,,
CS326,2006,far field,14-Oct-05,14/10/2005,,,rolled,B,,,,,
CS326,2006,far field,13-Nov-05,13/11/2005,,,Alpha IPU 500 at 2.0 1 in 200 l ,B,,,,,
CS326,2006,far field,13-Nov-05,13/11/2005,,,Hallmark with Zeon Technology at 50 ml in 200 l,B,,,,,
CS326,2006,far field,13-Nov-05,13/11/2005,,,Mantrac 500 at 1.0 1 in 200 l,B,,,,,
CS326,2006,far field,13-Nov-05,13/11/2005,,,Stomp 40 SC at 2.5 1 in 200 l,B,,,,,
CS326,2006,far field,17-Mar-06,17/03/2006,,,"N Sulphur 30% N, 7.6% S at 185 kg",B,,,,,
CS326,2006,far field,07-Apr-06,07/04/2006,,,Pacifica at 0.4 kg in 200 l,B,,,,,
CS326,2006,far field,07-Apr-06,07/04/2006,,,Biopower at l0 1 in 200 l > B:,B,,,,,
CS326,2006,far field,07-Apr-06,07/04/2006,,,Duplosan KV at 2.0 1 in 200 l,B,,,,,
CS326,2006,far field,07-Apr-06,07/04/2006,,,Biopower at l0 1 in 200 l,B,,,,,
CS326,2006,far field,24-Apr-06,24/04/2006,,,Opus at 0.75 l in 200 l,B:,,,,,
CS326,2006,far field,24-Apr-06,24/04/2006,,,Bravo 500 at 1.25 1 in 200 l.B:,B:,,,,,
CS326,2006,far field,24-Apr-06,24/04/2006,,,Mantrac 500 at 1.25 1 in 200 l.,B:,,,,,
CS326,2006,far field,25-Apr-06,25/04/2006,,,"Double topped 27% N, 12 S at 481 kg",B,,,,,
CS326,2006,far field,16-May-06,16/05/2006,,,Quantum SX at 30 g in 200 l > B:,B,,,,,
CS326,2006,far field,16-May-06,16/05/2006,,,Copper maneb at 2.0 1 in 200 l,B,,,,,
CS326,2006,far field,07-Jun-06,07/06/2006,,,Bravo 500ar at 1.0 1 in 200 l,B,,,,,
CS326,2006,far field,07-Jun-06,07/06/2006,,,Opus at 0.75 1 in 200 l > B:,B,,,,,
CS326,2006,far field,07-Jun-06,07/06/2006,,,Vivid at 0.4 1 in 200 l,B,,,,,
CS326,2006,far field,27-Aug-06,27/08/2006,,,"combine harvested plots far field, combine discard, earthed straw, sampled, baled and weighed straw.",,,,,,
CS326,2006,far field,27-Aug-06,note,,,Grain and straw samples were taken for N analysis.,,T,,,,
CS326,2007,great knott,16-Aug-06,16/08/2006,,,"Baled, remove straw",None,None,,,,
CS326,2007,great knott,06-Sep-06,06/09/2006,,,Azural 3.00,V200,Vha,,,,
CS326,2007,great knott,12-Oct-06,12/10/2006,,,Load straw normal 22.14 kg/plot,None,None,,,,
CS326,2007,great knott,12-Oct-06,12/10/2006,,,Load Straw - 2 x Normal 44.28 kg/plot,None,None,,,,
CS326,2007,great knott,12-Oct-06,12/10/2006,,,Load Straw - 4 x Normal 89.12 kg/piot,None,None,,,,
CS326,2007,great knott,19-Oct-06,19/10/2006,,,Plough / E,None,None,,,,
CS326,2007,great knott,29-Oc-06,29/Oc/2006,,,Combination Drilled,None,None,,,,
CS326,2007,great knott,29-Oc-06,29/Oc/2006,,,Hereward tr Redigo Twin +Deter,350,seeds/m*,,,,
CS326,2007,great knott,03-Nov-06,03/11/2006,,,Ice 4.00,200,Vha,,,,
CS326,2007,great knott,07-Nov-06,07/11/2006,,,Decoy Wetex,5,kg/ha,,,,
CS326,2007,great knott,04-Dec-06,04/12/2006,,,Entice,7,kg/ha,,,,
CS326,2007,great knott,16-Mar-07,16/03/2007,,,Double Top,148,kg/ha,,,,
CS326,2007,great knott,05-Apr-07,05/04/2007,,,Hallmark with Zeon Technology 50.00,mU200,l/ha,,,,
CS326,2007,great knott,11-Apr-07,11/04/2007,,,Pacifica 0.50,kg/200,l/ha,,,,
CS326,2007,great knott,11-Apr-07,11/04/2007,,,Biopower 1.00,V200,l/ha,,,,
CS326,2007,great knott,19-Apr-07,19/04/2007,,,Clean Crop Wanderer 1.00,U200,Vha,,,,
CS326,2007,great knott,19-Apr-07,19/04/2007,,,Splice 1.00,200,Vha,,,,
CS326,2007,great knott,26-Ap-07,26/Ap/2007,,,Nitraprill,435,kg/ha,,,,
CS326,2007,great knott,22-May-07,22/05/2007,,,Amistar Opti 1.25,200,Vha,,,,
CS326,2007,great knott,22-May-07,22/05/2007,,,Landgold Epoxiconazole 0.60,V200,l/ha,,,,
CS326,2007,far field,27-Aug-06,27/08/2006,,,"Baled, remove straw",None,None,,,,
CS326,2007,far field,26-Sep-06,26/09/2006,,,Azural 4.00,V200,Vha,,,,
CS326,2007,far field,30-Sep-06,30/09/2006,,,Muriate of Potash,200,kg/ha,,,,
CS326,2007,far field,01-Oct-06,01/10/2006,,,Triple Superphosphate,300,kg/ha,,,,
CS326,2007,far field,18-Oct-06,18/10/2006,,,Load Straw normal 15.40 kg/plot,None,None,,,,
CS326,2007,far field,18-Oct-06,18/10/2006,,,Load straw Normal x 2 30.80 kg/plot,None,None,,,,
CS326,2007,far field,18-Oct-06,18/10/2006,,,Load straw Normal x 4 61.60 kg/plot,None,None,,,,
CS326,2007,far field,19-Oct-06,19/10/2006,,,Topped to chop straw,None,None,,,,
CS326,2007,far field,20-Oct-06,20/10/2006,,,Ploughed / NW,None,None,,,,
CS326,2007,far field,29-Oct-06,29/10/2006,,,power harrowed,None,None,,,,
CS326,2007,far field,29-Oct-06,29/10/2006,,,Accord Drilled,None,None,,,,
CS326,2007,far field,29-Oct-06,29/10/2006,,,Hereward tr Redigo Twin +Deter,375,seeds/m?,,,,
CS326,2007,far field,19-Dec-06,19/12/2006,,,Hallmark with Zeon Technology 50.00,,,,,,
CS326,2007,far field,15-Mar-07,15/03/2007,,,Double Top 148.00 kg/ha,ml/200,l/ha,,,,
CS326,2007,far field,27-Mar-07,27/03/2007,,,Pacifica 0.50,k9/200,l/ha,,,,
CS326,2007,far field,27-Mar-07,27/03/2007,,,Biopower 1.00,,,,,,
CS326,2007,far field,20-Apr-07,20/04/2007,,,Splice 1.00 V/200 l/ha,200,l/ha,,,,
CS326,2007,far field,27-Mar-07,27/03/2007,,,Jupital 1.00,1/200,Vha,,,,
CS326,2007,far field,02-May-07,02/05/2007,,,Double Top,518,kg/ha,,,,
CS326,2007,far field,20-May-07,20/05/2007,,,Opus 0.75,V200,ha,,,,
CS326,2007,far field,20-May-07,20/05/2007,,,Vivid 0.40,200,Vha,,,,
CS326,2007,far field,20-May-07,20/05/2007,,,Bravo 500 1.00,200,Vha,,,,
CS326,2007,far field,20-May-07,20/05/2007,,,Sedema Manganese Sulphate 5.00,k9/200,l/ha,,,,
CS326,2007,far field,05-Sep-07,05/09/2007,,,"Combine harvest, plots for yield",None,None,,,,
CS326,2007,far field,05-Sep-07,05/09/2007,,,Swath straw,None,None,,,,
CS326,2008,great knott,03-Sep-07,03/09/2007,,,Load straw normal 10.68 kg/plot,None,None,,,,
CS326,2008,great knott,03-Sep-07,03/09/2007,,,Load straw 2 x normal 21.36 kg/plot,None,None,,,,
CS326,2008,great knott,03-Sep-07,03/09/2007,,,Load straw 4 x normal 42.72 kg/plot,None,None,,,,
CS326,2008,great knott,03-Sep-07,03/09/2007,,,Baled - plots,None,None,,,,
CS326,2008,great knott,29-Sep-07,29/09/2007,,,ploughed,None,None,,,,
CS326,2008,great knott,13-Oct-07,13/10/2007,,,Combination Drilled,None,None,,,,
CS326,2008,great knott,13-Oct-07,13/10/2007,,,Hereward tr beret gold,350,seeds/m?,,,,
CS326,2008,great knott,14-Oct-07,14/10/2007,,,rolled,None,None,,,,
CS326,2008,great knott,15-Oct-07,15/10/2007,,,Decoy Wetex,7,kg/ha,,,,
CS326,2008,great knott,18-Oct-07,18/10/2007,,,Liberator 0.60,1/200,Uha,,,,
CS326,2008,great knott,18-Oct-07,18/10/2007,,,Alpha Trifluralin 48 EC 2.00,1/200,Vha,,,,
CS326,2008,great knott,17-Nov-07,17/11/2007,,,Stomp 400 SC 3.30,1/200,Vha,,,,
CS326,2008,great knott,17-Nov-07,17/11/2007,,,Arelon 500 2.00,200,Vha,,,,
CS326,2008,great knott,17-Nov-07,17/11/2007,,,Hallmark with Zeon Technology 50.00,ml/200,ha,,,,
CS326,2008,great knott,18-Mar-08,18/03/2008,,,Double Top,148,kg/ha,,,,
CS326,2008,great knott,18-Apr-08,18/04/2008,,,Nitraprill,460,kg/ha,,,,
CS326,2008,great knott,05-May-08,05/05/2008,,,Manganese Sulphate 32% Premium 5.00,kg/200,I/ha,,,,
CS326,2008,great knott,09-May-08,09/05/2008,,,Deuce 1.00,1/150,Vha,,,,
CS326,2008,great knott,09-May-08,09/05/2008,,,Bravo 500 0.75,1/150,Uha,,,,
CS326,2008,great knott,09-May-08,09/05/2008,,,Flexity 0.20,150,Vha,,,,
CS326,2008,great knott,09-May-08,09/05/2008,,,BASF 3C Chlormequat 720 1.00,1/150,Uha,,,,
CS326,2008,great knott,19-May-08,19/05/2008,,,Ally Max SX 42.00,9/200,Wha,,,,
CS326,2008,great knott,19-May-08,19/05/2008,,,Starane 2 0.75,1/200,Vha,,,,
CS326,2008,great knott,31-May-08,31/05/2008,,,Amistar Opti 1.25,200,Vha,,,,
CS326,2008,great knott,31-May-08,31/05/2008,,,Opus Team 1.00,1/200,Vha,,,,
CS326,2008,great knott,17-Jun-08,17/06/2008,,,Mow / Rotavate paths,None,None,,,,
CS326,2008,great knott,27-Aug-08,27/08/2008,,,"Combine harvest, plots for yield",None,None,,,,
CS326,2008,great knott,27-Aug-08,27/08/2008,,,Swath straw,None,None,,,,
CS326,2008,great knott,27-Aug-08,27/08/2008,,,"Sample, bale and weigh straw",None,None,,,,
CS326,2008,far field,07-Sep-07,07/09/2007,,,"Load straw, normal 12.00 kg/plot",None,None,,,,
CS326,2008,far field,07-Sep-07,07/09/2007,,,"Load straw, 2 x normal 24.00 kg/plot",None,None,,,,
CS326,2008,far field,07-Sep-07,07/09/2007,,,"Load straw, 4 x normal 48.00 kg/plot",None,None,,,,
CS326,2008,far field,01-Oct-07,01/10/2007,,,Azural 2.00,1/200,Uha,,,,
CS326,2008,far field,09-Oct-07,09/10/2007,,,Ploughed / NW,None,None,,,,
CS326,2008,far field,24-Oct-07,24/10/2007,,,power harrowed,None,None,,,,
CS326,2008,far field,26-Oct-07,26/10/2007,,,Accord Drilled,None,None,,,,
CS326,2008,far field,26-Oct-07,26/10/2007,,,Hereward tr beret gold 350.00,â€”,seeds/m?,,,,
CS326,2008,far field,27-Oct-07,27/10/2007,,,rolled,None,None,,,,
CS326,2008,far field,26-Nov-07,26/11/2007,,,Avadex Excel 15G,15,kg/ha,,,,
CS326,2008,far field,13-Dec-07,13/12/2007,,,Stomp 400 SC 3.30,1/200,Uha,,,,
CS326,2008,far field,13-Dec-07,13/12/2007,,,Arelon 500 1.00,1/200,/ha,,,,
CS326,2008,far field,13-Dec-07,13/12/2007,,,Hallmark with Zeon Technology 50.00,mv200,l/ha,,,,
CS326,2008,far field,05-Mar-08,05/03/2008,,,Double Top,133,kg/ha,,,,
CS326,2008,far field,02-May-08,02/05/2008,,,Pacifica 0.50,kg/200,I/ha,,,,
CS326,2008,far field,02-May-08,02/05/2008,,,Biopower 1.00,1/200,Uha,,,,
CS326,2008,far field,02-May-08,02/05/2008,,,Deuce 1.00,200,Vha,,,,
CS326,2008,far field,02-May-08,02/05/2008,,,Bravo 500 1.00,1/200,Vha,,,,
CS326,2008,far field,02-May-08,02/05/2008,,,Flexity 0.20,1/200,Uha,,,,
CS326,2008,far field,10-May-08,10/05/2008,,,Double Top,533,kg/ha,,,,
CS326,2008,far field,05-Jun-08,05/06/2008,,,Amistar Opti 1.25,200,Vha,,,,
CS326,2008,far field,05-Jun-08,05/06/2008,,,Opus 1.00 1 Manganese Sulphate 5.00 kg/200 l/ha,1/200,/ha,,,,
CS326,2008,far field,15-Sep-08,15/09/2008,,,"Combine harvest, plots for yield",None,None,,,,
CS326,2008,far field,15-Sep-08,15/09/2008,,,Swath straw,None,None,,,,
CS326,2009,great knott,28-Aug-08,28/08/2008,,,Load straw Normal plots 24.30 kg/plot,None,None,,,,
CS326,2009,great knott,28-Aug-08,28/08/2008,,,Load straw x 2 Plots 48.60 kg/plot,None,None,,,,
CS326,2009,great knott,28-Aug-08,28/08/2008,,,Load straw x 4 Plots 97.20 kg/plot,None,None,,,,
CS326,2009,great knott,28-Aug-08,28/08/2008,,,Topped to chop straw,None,None,,,,
CS326,2009,great knott,12-Sep-08,12/09/2008,,,Dow Agrosciences Glyphosate 360 2.00,1/200,Vha,,,,
CS326,2009,great knott,02-Oct-08,02/10/2008,,,ploughed,None,None,,,,
CS326,2009,great knott,04-Oct-08,04/10/2008,,,Cultipressed,None,None,,,,
CS326,2009,great knott,16-Oct-08,16/10/2008,,,Combination Drilled,None,None,,,,
CS326,2009,great knott,16-Oct-08,16/10/2008,,,Hereward tr Anchor,350,seeds/m2,,,,
CS326,2009,great knott,22-0c-08,22/0c/2008,,,Liberator 0.60,1/200,l/ha,,,,
CS326,2009,great knott,24-Oct-08,24/10/2008,,,Decoy Wetex,7,kg/ha,,,,
CS326,2009,great knott,20-Nov-08,20/11/2008,,,Karan,5,kg/ha,,,,
CS326,2009,great knott,27-Nov-08,27/11/2008,,,Avadex Excel 15G,15,kg/ha,,,,
CS326,2009,great knott,10-Dec-08,10/12/2008,,,Alpha Pendimethalin 330 EC,4,l/ha,,,,
CS326,2009,great knott,10-Dec-08,10/12/2008,,,Arelon 500,3,l/ha,,,,
CS326,2009,great knott,10-Dec-08,10/12/2008,,,Hallmark with Zeon Technology,50,mi,,,,
CS326,2009,great knott,03-Mar-09,03/03/2009,,,Top,185,kg/ha,,,,
CS326,2009,great knott,14-Apr-09,14/04/2009,,,Pacifica,0.4,kg/ha,,,,
CS326,2009,great knott,14-Apr-09,14/04/2009,,,Biopower,1,Vha,,,,
CS326,2009,great knott,02-May-09,02/05/2009,,,Splice,1,l/ha,,,,
CS326,2009,great knott,02-May-09,02/05/2009,,,Bravo 500,1,Vha,,,,
CS326,2009,great knott,02-May-09,02/05/2009,,,Talius,0.13,Vha,,,,
CS326,2009,great knott,02-May-09,02/05/2009,,,BASF 3C Chlormequat 720,,,,,,
CS326,2009,Ally Max SX 42.00 g/ha,04-May-09,04/05/2009,,,2.25,l/ha,,,,,
CS326,2009,great knott,02-May-09,02/05/2009,,,Agriguard Fluroxypyr,,,,,,
CS326,2009,Nitram 14500  kg/ha,14-May-09,14/05/2009,,,0.75,l/ha,,,,,
CS326,2009,great knott,28-May-09,28/05/2009,,,Brutus P Amistar Opti 1.25 l/ha,1.5,l/ha,,,,
CS326,2009,great knott,25-Jun-09,25/06/2009,,,Mow / Rotavate paths,None,None,,,,
CS326,2009,great knott,13-Aug-09,13/08/2009,,,Combine harvest discards,None,None,,,,
CS326,2009,great knott,15-Aug-09,15/08/2009,,,"Combine harvest, plots for yield",None,None,,,,
CS326,2009,great knott,15-Aug-09,15/08/2009,,,"Sample, bale and weigh straw",None,None,,,,
CS326,2009,great knott,19-Aug-09,19/08/2009,,,"Sample, bale and weigh straw",None,None,,,,
CS326,2009,far field,16-Sep-08,16/09/2008,,,Load straw Normal plots 17.31 kg/plot,None,None,,,,
CS326,2009,far field,16-Sep-08,16/09/2008,,,Load straw x 2 Plots 34.63 kg/plot,None,None,,,,
CS326,2009,far field,16-Sep-08,16/09/2008,,,Load straw x 4 Plots 69.25 kg/plot,None,None,,,,
CS326,2009,far field,25-Sep-08,25/09/2008,,,Topped to chop straw,None,None,,,,
CS326,2009,far field,14-Oct-08,14/10/2008,,,Ploughed / NW,None,None,,,,
CS326,2009,far field,14-Oct-08,14/10/2008,,,power harrowed,None,None,,,,
CS326,2009,far field,14-Oct-08,14/10/2008,,,Accord Drilled,None,None,,,,
CS326,2009,far field,14-Oct-08,14/10/2008,,,Hereward tr Anchor,350,seeds/m2,,,,
CS326,2009,far field,14-Oct-08,14/10/2008,,,rolled,None,None,,,,
CS326,2009,far field,11-Dec-08,11/12/2008,,,Avadex Excel 15G,15,kg/ha,,,,
CS326,2009,far field,11-Mar-09,11/03/2009,,,Double Top,185,kg/ha,,,,
CS326,2009,far field,20-Apr-09,20/04/2009,,,Pacifica,0.5,kg/ha,,,,
CS326,2009,far field,20-Apr-09,20/04/2009,,,Biopower,1,Vha,,,,
CS326,2009,far field,29-Apr-09,29/04/2009,,,,145,kg/ha,,,,
CS326,2009,far field,10-May-09,10/05/2009,,,Cherokee,1.25,l/ha,,,,
CS326,2009,far field,10-May-09,10/05/2009,,,Cycocel,2.25,l/ha,,,,
CS326,2009,far field,10-May-09,10/05/2009,,,"Headiand Manganese 500 1,00 L in",200,l/ha,,,,
CS326,2009,far field,03-Jun-09,03/06/2009,,,Opus 0.80 Lin,200,Vha,,,,
CS326,2009,far field,03-Jun-09,03/06/2009,,,Amistar 1.00 L in,200,l/ha,,,,
CS326,2009,far field,05-Jun-09,05/06/2009,,,Nitram,116,kg/ha,,,,
CS326,2009,far field,24-Aug-09,24/08/2009,,,"Combine harvest, plots for yield",None,None,,,,
CS326,2010,great knott,19-Aug-09,19/08/2009,,,Load straw,None,None,,,,
CS326,2010,great knott,11-Sep-09,11/09/2009,,,Nufosate Ace - on stubble,1.5,Vha,,,,
CS326,2010,great knott,05-Oct-09,05/10/2009,,,Combination Drilled % Hereward - At 350 seeds per m2 145.00 kg/ha,None,None,,,,
CS326,2010,great knott,05-Oct-09,05/10/2009,,,Liberator - 200 It water,0.6,Vha,,,,
CS326,2010,great knott,12-Mar-10,12/03/1910,,,f Double top,185,kg/ha,,,,
CS326,2010,great knott,08-Apr-10,08/04/1910,,,p Unix - 146 It water,1,Vha,,,,
CS326,2010,great knott,08-Apr-10,08/04/1910,,,Unix- 146 t water,1,Vha,,,,
CS326,2010,great knott,08-Apr-10,08/04/1910,,,Cherokee - 146 It water,1,Vha,,,,
CS326,2010,great knott,08-Apr-10,08/04/1910,,,Cherokee - 146 It water,1,Vha,,,,
CS326,2010,great knott,15-Apr-10,15/04/1910,,,Nitram,232,kg/ha,,,,
CS326,2010,great knott,17-Apr-10,17/04/1910,,,Pacifica - Winter wheat only (146 It water),0.5,kg/ha,,,,
CS326,2010,great knott,17-Apr-10,17/04/1910,,,Biopower - Started (146 It water),1,Vha,,,,
CS326,2010,great knott,05-May-10,05/05/1910,,,Bravo 500,1,l/ha,,,,
CS326,2010,great knott,05-May-10,05/05/1910,,,Splice,1,Wha,,,,
CS326,2010,great knott,05-May-10,05/05/1910,,,Tracker,1,Vha,,,,
CS326,2010,great knott,05-May-10,05/05/1910,,,Talius,0.13,Vha,,,,
CS326,2010,great knott,05-May-10,05/05/1910,,,Talius,0.13,Vha,,,,
CS326,2010,great knott,05-May-10,05/05/1910,,,Agriguard Chlormequat 720,2.25,Vha,,,,
CS326,2010,great knott,05-May-10,05/05/1910,,,Chlormequat 3C,2.25,l/ha,,,,
CS326,2010,great knott,10-May-10,10/05/1910,,,Mow / Rotavate paths,None,None,,,,
CS326,2010,great knott,18-May-10,18/05/1910,,,Nitram,174,kg/ha,,,,
CS326,2010,great knott,19-May-10,19/05/1910,,,AllyMax SX,42,gha,,,,
CS326,2010,great knott,19-May-10,19/05/1910,,,Tomahawk,1,Vha,,,,
CS326,2010,great knott,31-May-10,31/05/1910,,,Comet 200 - 200 It water,0.6,vha,,,,
CS326,2010,great knott,31-May-10,31/05/1910,,,Opus - 200 It water,0.6,Vha,,,,
CS326,2010,great knott,07-Jun-10,07/06/1910,,,Cut paths,None,None,,,,
CS326,2010,great knott,17-Jun-10,17/06/1910,,,Cut paths,None,None,,,,
CS326,2010,great knott,14-Jul-10,14/07/1910,,,Mow / Rotavate paths,None,None,,,,
CS326,2010,great knott,31-Aug-10,31/08/1910,,,"Combine harvest, plots for yield",None,None,,,,
CS326,2010,great knott,31-Aug-10,31/08/1910,,,"Sample, bale and weigh straw",None,None,,,,
CS326,2010,great knott,01-Sep-10,01/09/1910,,,"Sample, bale and weigh straw",None,None,,,,
CS326,2010,great knott,04-Sep-10,04/09/1910,,,Baled,None,None,,,,
CS326,2010,far field,01-Oct-09,01/10/2009,,,Combination Drilled,None,None,,,,
CS326,2010,far field,01-Oct-09,01/10/2009,,,, Rolled S  Hereward - At 350 seeds per m2,None,None,,,
CS326,2010,far field,10-Dec-09,10/12/2009,,,Atlantis - 200 l/ha water,400,g/ha,,,,
CS326,2010,far field,10-Dec-09,10/12/2009,,,Stomp 400 SC - 200 l/ha water,3,liha,,,,
CS326,2010,far field,10-Dec-09,10/12/2009,,,Biopower - 200 l/ha water 1.00 DLE,None,None,,,,
CS326,2010,far field,18-Mar-10,18/03/1910,,,Double Top,185,kg/ha,,,,
CS326,2010,far field,10-Apr-10,10/04/1910,,,Atlantis WG - 200 It water,0.4,Ivha,,,,
CS326,2010,far field,10-Apr-10,10/04/1910,,,Biopower - 200 It water,1,Iiha,,,,
CS326,2010,far field,15-Apr-10,15/04/1910,,,Nitram - Winter wheat,232,kg/ha,,,,
CS326,2010,far field,17-May-10,17/05/1910,,,Nitram 34.595,115,kg/ha,,,,
CS326,2010,far field,02-Jun-10,02/06/1910,,,Opus-200!lt water,0.6,Vha,,,,
CS326,2010,far field,02-Jun-10,02/06/1910,,,Comet - 200 lt water 0.6 Vna,None,None,,,,
CS326,2010,far field,06-Sep-10,06/09/1910,,,"Cutharvest strips, weighed and sampled",None,None,,,,
CS326,2010,far field,06-Sep-10,06/09/1910,,,Swath straw,None,None,,,,
CS326,2010,far field,13-Sep-10,13/09/1910,,,"Sample, bale and weigh straw",None,None,,,,
CS326,2011,great knott,04-Sep-10,04/09/1910,,,Load straw,,,,,,
CS326,2011,great knott,13-Sep-10,13/09/1910,,,Lime - Applied by contractors,4,t/ha,,,,
CS326,2011,great knott,20-Sep-10,20/09/1910,,,Reaper,3,l/ha,,,,
CS326,2011,great knott,21-Sep-10,21/09/1910,,22/09/1910,ploughed,,,,,,
CS326,2011,great knott,11-Oct-10,11/10/1910,,,Cultipressed,None,None,,,,
CS326,2011,great knott,15-Oct-10,15/10/1910,,,Drilled Hereward trt Redigo Deter - 350 seeds/m?,158,kg/ha,,,,
CS326,2011,great knott,16-Oct-10,16/10/1910,,,rolled,None,None,,,,
CS326,2011,great knott,17-Oc-10,17/10/2010,,,Sprayed Regatta,0.6,Vha,200,l/ha,,
CS326,2011,great knott,13-Dec-10,13/12/1910,,,Spread Avadex Excel 15 G,15,kg/ha,,,,
CS326,2011,great knott,09-Mar-11,09/03/1911,,,Applied Double Top Fertilizer,133,kg/ha,,,,
CS326,2011,great knott,29-Mar-11,29/03/1911,,,Sprayed Cherokee,1.25,l/ha,118,l/ha,,
CS326,2011,great knott,08-Apr-11,08/04/1911,,,Applied Nitram fertiliser,262,kg/ha,,,,
CS326,2011,great knott,,13/04/2011,,,sprayed Pacifica,0.5,kg/ha,,,,
CS326,2011,great knott,,13/04/2011,,,sprayed Bio-power (wheat only),1,l/ha,,,,
CS326,2011,great knott,21-Ap-11,21/04/2011,,,Sprayed Opus,0.8,l/ha,200,l/ha,,
CS326,2011,great knott,21-Ap-11,21/04/2011,,,Sprayed Bravo 500,1,l/ha,200,l/ha,,
CS326,2011,great knott,21-Ap-11,21/04/2011,,,Sprayed Agriguard Chlormequat - Wheat only,2.25,l/ha,200,l/ha,,
CS326,2011,great knott,21-Ap-11,21/04/2011,,,Sprayed Bravo 500,1,l/ha,200,l/ha,,
CS326,2011,great knott,21-Ap-11,21/04/2011,,,Sprayed Tracker,1,l/ha,200,l/ha,,
CS326,2011,great knott,06-May-11,06/05/1911,,,Sprayed Agriguard Chlormequat 720,2.25,l/ha,200,l/ha,,
CS326,2011,great knott,06-May-11,06/05/1911,,,Sprayed Justice - wheat only,0.25,l/ha,200,l/ha,,
CS326,2011,great knott,10-May-11,10/05/1911,,,Applied Nitram,261,kg/ha,,,,
CS326,2011,great knott,11-May-11,11/05/1911,,,Cut paths,None,None,,,,
CS326,2011,great knott,20-May-11,20/05/1911,,,Sprayed Opus,0.8,l/ha,,,,
CS326,2011,great knott,20-May-11,20/05/1911,,,Sprayed Comet 200,0.6,l/ha,,,,
CS326,2011,great knott,20-May-11,20/05/1911,,,Sprayed Bravo 500,1,l/ha,,,,
CS326,2011,great knott,23-May-11.,23/05/2011,,,Cut paths,None,None,,,,
CS326,2011,great knott,08-Jun-11,08/06/1911,,,Cut paths,None,None,,,,
CS326,2011,great knott,27-Jun-11,27/06/1911,,,Cut paths,None,None,,,,
CS326,2011,great knott,26-Jul-11,26/07/1911,,,Cut paths,None,None,,,,
CS326,2011,great knott,16-Aug-11,16/08/1911,,,Combined for yields,None,None,,,,
CS326,2011,far field,10-Oct-10,10/10/1910,,,"Straw treatment applied, chopped and spread, rate 1 = 15.3 kg",None,None,,,,
CS326,2011,far field,16-Oct-10,16/10/1910,,,Ploughed with 3 furrow Ransome at 14 inches,None,None,,,,
CS326,2011,far field,18-Oct-10,18/10/1910,,,"Combination Drilled Hereward, dressed Beret Gold",350,seeds/m2,,,,
CS326,2011,far field,18-Oct-10,18/10/1910,,,Cambridge rolled,None,None,,,,
CS326,2011,far field,03-Mar-11,03/03/1911,,,Broadcast Double Top,185,kg/ha,,,,
CS326,2011,far field,26-Mar-11,26/03/1911,,,Sprayed Atlantis WG,0.4,kg/ha,200,l/ha,,
CS326,2011,far field,26-Mar-11,26/03/1911,,,Sprayed Bio Power,1,l/ha,200,l/ha,,
CS326,2011,far field,28-Mar-11,28/03/1911,,,Sprayed wheat with Cherokee,1.25,l/ha,200,l/ha,,
CS326,2011,far field,28-Mar-11,28/03/1911,,,Sprayed wheat with Manganese,1.5,l/ha,200,l/ha,,
CS326,2011,far field,18-Apr-11,18/04/1911,,,Broadcast Nitram 34.5% N,262,kg/ha,,,,
CS326,2011,far field,11-May-11,11/05/1911,,,Sprayed Ally Max SX,42,g/ha,200,l/ha,,
CS326,2011,far field,11-May-11,11/05/1911,,,Sprayed Gala with Opus,0.75,l/ha,200,l/ha,,
CS326,2011,far field,11-May-11,11/05/1911,,,Sprayed Bravo 500,1,l/ha,200,l/ha,,
CS326,2011,far field,16-May-11,16/05/1911,,,Broadcast Nitram 34.5% N,116,kg/ha,,,,
CS326,2011,far field,20-May-11,20/05/1911,,,Sprayed Comet,0.6,l/ha,200,l/ha,,
CS326,2011,far field,20-May-11,20/05/1911,,,Sprayed Opus,0.8,l/ha,200,l/ha,,
CS326,2011,far field,20-May-11,20/05/1911,,,Sprayed Bravo 500,1,l/ha,200,l/ha,,
CS326,2011,far field,01-Sep-11,01/09/1911,,,Combined for yields,,,,,,
CS326,2011,far field,01-Sep-11,02/09/1911,,,straw weights,None,None,,,,
CS326,2012,great knott,17-Aug-11,17/08/1911,,,"Straw applied to treatments, as per plan",None,None,,,,
CS326,2012,great knott,30-Aug-11,30/08/1911,,,Sprayed Statis 360 (Sprayed stubble prior to primary cultivations),1.5,l/ha,200,l/ha,,
CS326,2012,great knott,15-Sep-11,15/09/1911,,,Sprayed Symbol (Stubble glyphosate prior to primary cultivations),1.5,l/ha,200,l/ha,,
CS326,2012,great knott,17-Sep-11,17/09/1911,,19/09/1911,Ploughed - started .,None,None,,,,
CS326,2012,great knott,20-Sep-11,20/09/1911,,,Cultipressed,None,None,,,,
CS326,2012,great knott,07-Oct-11,07/10/1911,,,Drilled Hereward trt Beret Gold,350,seeds/m*,,,,
CS326,2012,great knott,13-Oct-11,13/10/1911,,,Sprayed Liberator,0.6,l/ha,200,l/ha,,
CS326,2012,great knott,13-Oct-11,13/10/1911,,,Sprayed Cinder,2,l/ha,200,l/ha,,
CS326,2012,great knott,28-Nov-11,28/11/1911,,,Sprayed Hallmark with Zeon Technology,50,ml/ha,200,l/ha,,
CS326,2012,great knott,29-Feb-12,29/02/1912,,,sprayed Pacifica,0.4,kg/ha,150,l/ha,,
CS326,2012,great knott,29-Feb-12,29/02/1912,,,Sprayed Bio Power,1,l/ha,150,l/ha,,
CS326,2012,great knott,15-Mar-12,15/03/1912,,,Sprayed Cherokee SE,1,l/ha,200,l/ha,,
CS326,2012,great knott,15-Mar-12,15/03/1912,,,Sprayed Justice,0.125,l/ha,200,l/ha,,
CS326,2012,great knott,,12/04/2012,,,Applied Nitram fertiliser,262,kg/ha,,,,
CS326,2012,great knott,16-Apr-12,16/04/1912,,,Mowed Paths :,None,None,,,,
CS326,2012,great knott,23-Apr-12.,23/04/12.,,,"Sprayed Bravo 500, Tracker, Agriguard and Starane2 in 200Vha of water Tr@0.8 Ag2.25 %10.50",Br@1.0,vha,,,,
CS326,2012,great knott,06-May-12,06/05/1912,,,Sprayed Ally Max in 200I/ha of water,42,g/ha,,,,
CS326,2012,great knott,16-May-12,16/05/1912,,,Cut paths,None,None,,,,
CS326,2012,great knott,17-May-12,17/05/1912,,,Applied Nitram,262,kg/ha,,,,
CS326,2012,great knott,22-May-12,22/05/1912,,,Sprayed Topik and Adigor To(Q90.125 AdQ1.0,,l/ha,,,,
CS326,2012,great knott,23-May-12,23/05/1912,,,"Sprayed Comet, Bravo 500 and Opus 8r@1.0 Op@0.8",Co@0.6,Vha,,,,
CS326,2012,great knott,13-Jun-12,13/06/1912,,,p Sprayed w/ Amistar and Prosaro in 100I/ha of water Am@0.3 Pro@0.7,,Vha,,,,
CS326,2012,great knott,15-Jun-12,15/06/1912,,,Cut paths,None,None,,,,
CS326,2012,great knott,09-Ju-12,09/Ju/1912,,,Topped/Cut Paths -,None,None,,,,
CS326,2012,great knott,30-Jul-12,30/07/1912,,,Cut paths,None,None,,,,
CS326,2012,great knott,23-Aug-12,23/08/1912,,,"Plots harvested, straw weighed and baled-",None,None,,,,
CS326,2012,great knott,19-Sep-12,19/09/1912,,,SubSoiled :,None,None,,,,
CS326,2012,great knott,20-Sep-12,20/09/1912,,,ploughed,None,None,,,,
CS326,2012,great knott,13-Oct-12.,13/10/12.,,,MOP onto Stubble,227,kg/ha,,,,
CS326,2012,far field,08-Sep-11,08/09/1911,,,"Straw applied to treatments, as per plan",None,None,,,,
CS326,2012,far field,15-Sep-11.,15/09/11.,,,"Sprayed Symbol (glyphosate) on 326 area, ex rye area and 12m headland around whole field",3,l/ha,,,,
CS326,2012,far field,23-Sep-11,23/09/1911,,,"Ploughed, soil thrown west",None,None,,,,
CS326,2012,far field,10-Oct-11.,10/10/11.,,,Drilled Hereward trt Redigo Deter,350,seeds/m*,,,,
CS326,2012,far field,11-Oct-11.,11/10/11.,,,Cambridge rolled,None,None,,,,
CS326,2012,far field,11-Oct-11.,11/10/11.,,,rolled,None,None,,,,
CS326,2012,far field,11-Oct-11,11/10/1911,,,Errected rabbit netting .,None,None,,,,
CS326,2012,far field,17-Nov-11.,17/11/11.,,,"Sprayed Sherman, Tawny and Seal Z in 200l/ha of water TaQ2.0 ""mlha Se@s0*",Sh@2.5,ha,,,,
CS326,2012,far field,28-Mar-12,28/03/1912,,,Double Top applied @ 148 kg/ha= 40 kg/ha N,148,kg/ha,,,,
CS326,2012,far field,29-Mar-12,29/03/1912,,,Spray Cherokee,1.25,Vha,,,,
CS326,2012,far field,29-Mar-12,29/03/1912,,,"Spray Pacifica + biopower - headland only and 4 tramlines from beans and triangle E of ww1250Bi@* ""kg/ha 1.0",SpQ04,Vha,,,,
CS326,2012,far field,10-May-12,10/05/1912,,,Nitram,203,kg/ha,,,,
CS326,2012,far field,13-May-12,13/05/1912,,,Spray fungicide T1 - Ignite + Bravo 500+ Chlormequat+ Mn in 200 l/ha of water Br@1.0 Ch@2.0 Mn@2.0,g@1.0,Wha,,,,
CS326,2012,far field,24-May-12,24/05/1912,,,Nitram applied as per plan,203,kg/ha,,,,
CS326,2012,far field,06-Sep-12,06/09/1912,,,Combined Plots .,None,None,,,,
CS326,2013,great knott,23-Aug-12,23/08/1912,,,Baled and weighed straw See above,None,None,,,,
CS326,2013,great knott,20-Sep-12,20/09/1912,,,ploughed,None,None,,,,
CS326,2013,great knott,11-Oct-12,11/10/1912,,,Orilled w/Crusoe dr Redigo Deter,145,kg/ha,,,,
CS326,2013,great knott,13-Oct-12.,13/10/12.,,,Spread MOP,227,kg/ha,,,,
CS326,2013,great knott,13-Oct-12.,13/10/12.,,,Sprayed Liberator,6,Vha,,,,
CS326,2013,great knott,18-Oct-12,18/10/1912,,,Spread Slug Pellets - Gusto,6,kg/ha,,,,
CS326,2013,great knott,25-Apr-13,25/04/1913,,,Applied Nitram (second N application),261,kg/ha,,,,
CS326,2013,great knott,07-May-13,07/05/1913,,,"Sprayed Kingdom, Bravo and Cycocel Brav@1.0 l/ha Cyco@2.0 l/ha",King@1.25,Vha,,,,
CS326,2013,great knott,05-Jun-13,05/06/1913,,,"sprayed refine max, ignite, comet, hatchet ign@1.2 com@0.4 l/ha hat@0.75 l/ha l/ha",ret(75,g/ha,,,,
CS326,2013,great knott,13-Jun-13.,13/06/13.,,,Cut Paths e v,None,None,,,,
CS326,2013,great knott,18-Ju-13,18/Ju/1913,,,Cut paths,None,None,,,,
CS326,2013,great knott,13-Aug-13.,13/08/13.,,,Sampo - Harvested plots,None,None,,,,
CS326,2013,great knott,13-Aug-13.,13/08/13.,,,"Baled weighed and sampled plots - The first and third split N applications of Nitram were 148 and 261 kg/ha, but the application dates were not recorded.",None,None,,,,
CS326,2013,far field,07-Sep-12,07/09/1912,,,Straw weighed See above,None,None,,,,
CS326,2013,far field,20-Sep-12,20/09/1912,,,Ploughed all plots mE,None,None,,,,
CS326,2013,far field,27-Oct-12,27/10/1912,,,Drilled Crusoe trt Redigo Deter 400,,seeds/m?,,,,
CS326,2013,far field,20-Feb-13,20/02/1913,,,"Orilled Crusoe trt Redigo Deter, re-drilled trial 500",,seeds/m*,,,,
CS326,2013,far field,19-Apr-13,19/04/1913,,,Applied Double Top Fertilizer,148,kg/ha,,,,
CS326,2013,far field,09-May-13.,09/05/13.,,,Applied Nitram,203,kg/ha,,,,
CS326,2013,far field,16-May-13,16/05/1913,,,Sprayed Atlantis + Hadron + Biopower in 150 Itha water Had@0.6 kg/ha Bio@1.0 l/ha,At(90.4,kg/ha,,,,
CS326,2013,far field,31-May-13,31/05/1913,,,Applied Nitram,203,kg/ha,,,,
CS326,2013,far field,10-Jun-13,10/06/1913,,,Sprayed Bassoon and Gemstone Ba0.4 1.0 l/ha,Ge,Vha,,,,
CS326,2013,far field,05-Jul-13.,05/07/13.,,,"Sprayed Ally Max, Ignite, Comet and Hatchet Al Xtra in 200 It/ha water volumelg 1.1 Co l/ha 0.25 Ha l/ha Wha 0.75",42,g/ha,,,,
CS326,2013,far field,02-Sep-13,02/09/1913,,,Cut plots for yield v,None,None,,,,
CS326,2014,great knott,13-Aug-13,13/08/1913,,,"Straw baled, sampled and loaded on plots See above .",None,None,,,,
CS326,2014,great knott,02-Oct-13,02/10/1913,,,Drilled var Crusoe - exp site and immediate surrounds,350,seeds/m*,,,,
CS326,2014,great knott,03-Oct-13,03/10/1913,,,Power-harrowed - Exp site and immediate surrounds .,None,None,,,,
CS326,2014,great knott,05-Oct-13,05/10/1913,,,rolled,None,None,,,,
CS326,2014,great knott,05-Oct-13,05/10/1913,,,Sprayed liberator + Defy def@2.0 l/ha,lib@0.6,Vha,,,,
CS326,2014,great knott,15-Oct-13,15/10/1913,,,Applied Major Slug Pellets,4,kg/ha,,,,
CS326,2014,great knott,02-Dec-13,02/12/1913,,,Sprayed Hallmark,50,mi/ha,,,,
CS326,2014,great knott,07-Mar-14,07/03/1914,,,Applied Double Top Fertilizer (1* N application),148,kg/ha,,,,
CS326,2014,great knott,29-Mar-14,29/03/1914,,,Sprayed Artemis,1,l/ha,,,,
CS326,2014,great knott,29-Mar-14,29/03/1914,,,Sprayed Bravo 500,1,l/ha,,,,
CS326,2014,great knott,29-Mar-14,29/03/1914,,,Sprayed Moddus,150,l/ha,,,,
CS326,2014,great knott,29-Mar-14,29/03/1914,,,Sprayed BASF 3C 720,1.25,l/ha,,,,
CS326,2014,great knott,01-Apr-14.,01/04/14.,,,Applied Nitram Fertilizer (2 N application),261,kg/ha,,,,
CS326,2014,great knott,23-Apr-14,23/04/1914,,,Applied Nitram (3Â° N application),261,kg/ha,,,,
CS326,2014,great knott,25-Apr-14,25/04/1914,,,"Sprayed Ally Max, Kindom, Bravo 500 and Hatchet Xtra king@1.25 l/ha bra@1.0 l/ha Hatc@1.0 l/ha",ally@30,g/ha,,,,
CS326,2014,great knott,16-May-14.,16/05/14.,,,Sprayed Vortex,1.5,Vha,,,,
CS326,2014,great knott,20-Jun-14,20/06/1914,,,Cut Paths with Iseki and mower - -,None,None,,,,
CS326,2014,great knott,05-Sep-14,05/09/1914,,,Sampo -Harvested All Plots for Grain Yield .,None,None,,,,
CS326,2014,great knott,08-Sep-14,08/09/1914,,,"Sampled, Baled and Weighed Straw - All plots with - - conventional baler",None,None,,,,
CS326,2014,great knott,10-Sep-14,10/09/1914,,,Baled and Removed all straw swath - -,None,None,,,,
CS326,2014,far field,11-Sep-13,11/09/1913,,,Straw loaded See above -,None,None,,,,
CS326,2014,far field,13-Sep-13,13/09/1913,,,Plough / E,None,None,,,,
CS326,2014,far field,20-Sep-13,20/09/1913,,,Drilled varCrusoe trt Redigo Deter,400,seeds/m?,,,,
CS326,2014,far field,20-Sep-13,20/09/1913,,,power harrowed,None,None,,,,
CS326,2014,far field,22-Sep-13.,22/09/13.,,,rolled,None,None,,,,
CS326,2014,far field,26-Sep-13,26/09/1913,,,Put up Rabbit Fencing - -,None,None,,,,
CS326,2014,far field,30-Sep-13,30/09/1913,,,Sprayed Crystal,4,Vha,,,,
CS326,2014,far field,30-Sep-13,30/09/1913,,,Sprayed Hurricane,0.1,Vha,,,,
CS326,2014,far field,30-Sep-13,30/09/1913,,,Sprayed Dictate,0.2,Vha,,,,
CS326,2014,far field,18-Nov-13,18/11/1913,,,Sprayed Hallmark with Zeon Technology 28.-Mar14 f Applied Double Top Fertilizer (1* N application) 148 kg/ha,50,ml/ha,,,,
CS326,2014,far field,01-Apr-14,01/04/1914,,,Sprayed Sprinter in 147 l/ha water volume,15,l/ha,,,,
CS326,2014,far field,15-Apr-14,15/04/1914,,,Sprayed BASF 3C in 200 l/ha water volume.,1.25,Vha,,,,
CS326,2014,far field,16-Apr-14,16/04/1914,,,Sprayed Moddus in 200 l/ha water volume.,0.2,Vha,,,,
CS326,2014,far field,17-Apr-14,17/04/1914,,,Sprayed Kingdom in 200 l/ha water volume.,1.25,Vha,,,,
CS326,2014,far field,18-Apr-14,18/04/1914,,,Sprayed Bravo 500 in 200 l/ha water volume.,1,Vha,,,,
CS326,2014,far field,19-Apr-14,19/04/1914,,,Sprayed Hunter in 200 /ha water volume.,1,Vha,,,,
CS326,2014,far field,16-Apr-14,16/04/1914,,,Applied Nitram (3Â° N application),203,kg/ha,,,,
CS326,2014,far field,07-May-14,07/05/1914,,,Applied Nitram (3Â° N application),203,kg/ha,,,,
CS326,2014,far field,21-May-14,21/05/1914,,,Sprayed Vortex in 150 l/ha water volume.,15,Vha,,,,
CS326,2014,far field,06-Jun-14,06/06/1914,,,Sprayed Cello in 150 l/ha water volume.,0.55,Vha,,,,
CS326,2014,far field,06-Jun-14,06/06/1914,,,Sprayed Amistar in 150 l/ha water volume.,0.25,l/ha,,,,
CS326,2014,far field,06-Jun-14,06/06/1914,,,Sprayed Hallmark in 150 l/ha water volume.,40,Vha,,,,
CS326,2014,far field,24-Aug-14,24/08/1914,,,Combined plots for yield,None,None,,,,
CS326,2014,far field,06-Sep-14,06/09/1914,,,Straw weights done - -,None,None,,,,
CS326,2014,far field,11-Sep-14,11/09/1914,,,"Sprayed Firebrand in 200 V/ha water volumeProblem with ""Auto controlâ€� on sprayer, switched to manual.",1,Vha,,,,
CS326,2014,far field,12-Sep-14,12/09/1914,,,"Sprayed Samurai in 200 /ha water volumeProblem with ""Auto controlâ€� on sprayer, switched to manual.",4,Vha,,,,
CS326,2014,far field,02-Oct-14,02/10/1914,,,Sprayed Gallup 360 in 200l/ha water volume,4,Vha,,,,
CS326,2015,great knott,11/09/2014,11/09/2014,,,"Loaded Straw by hand onto plots 4, 7, 11, 14 See above",None,None,,,,
CS326,2015,great knott,11/09/2014,11/09/2014,,,"Loaded Straw by hand onto plots 26, 10, 13 See above",None,None,,,,
CS326,2015,great knott,11/09/2014,11/09/2014,,,"Loaded Straw by hand onto plots 3, 5, 9, 16 See above",None,None,,,,
CS326,2015,great knott,01/10/2014,01/10/2014,,,Drilled Crusoe trt Redigo Deter,325,seeds/m*,,,,
CS326,2015,great knott,03/10/2014,03/10/2014,,,Sprayed Liberator,6,vVha,,,,
CS326,2015,great knott,03/10/2014,03/10/2014,,,Sprayed Anthem,24,Vha,,,,
CS326,2015,great knott,29/10/2014,29/10/2014,,,Applied TOS Major Slug Pellets,5,kg/ha,,,,
CS326,2015,great knott,25/11/2014,25/11/2014,,,Sprayed Hallmark + Pixie,50,mlha,,,,
CS326,2015,great knott,25/11/2014,25/11/2014,,,Sprayed Hallmark + Pixie,125,Vha,,,,
CS326,2015,great knott,12/03/2015,12/03/2015,,,Applied DoubleTop (27 %N) Fertilizer,148,kg/ha,,,,
CS326,2015,great knott,23/03/2015,23/03/2015,,,Sprayed Chex onto Winter Wheat,250,mlha,,,,
CS326,2015,great knott,23/03/2015,23/03/2015,,,Sprayed Pacifica onto Winter Wheat,500,mlha,,,,
CS326,2015,great knott,23/03/2015,23/03/2015,,,Sprayed Bio Power onto Winter Wheat,1,vha,,,,
CS326,2015,great knott,27/03/2015,27/03/2015,,,Sprayed Artemis 1 Una,None,None,,,,
CS326,2015,great knott,27/03/2015,27/03/2015,,,Sprayed Bravo 500,1,Vha,,,,
CS326,2015,great knott,27/03/2015,27/03/2015,,,"Sprayed BASF 3C, Chlormequat 750",125,ha,,,,
CS326,2015,great knott,27/03/2015,27/03/2015,,,Sprayed Moddus,150,mlha,,,,
CS326,2015,,31/03/2015,31/03/2015,,,great knott,Applied Nitram (34.5 %N) Fertiliser to Winter Wheat,262,kg/ha,,,
CS326,2015,great knott,22/04/2015,22/04/2015,,,Sprayed Kingdom,1.25,kg/ha,,,,
CS326,2015,great knott,22/04/2015,22/04/2015,,,Sprayed Balear720,700,kg/ha,,,,
CS326,2015,great knott,30/04/2015,30/04/2015,,,Applied Nitram (34.5% N),26,kg/ha,,,,
CS326,2015,great knott,22/05/2015,22/05/2015,,,Sprayed Ally Max,30,gm/ha,,,,
CS326,2015,great knott,22/05/2015,22/05/2015,,,Sprayed Envoy,750,mlha,,,,
CS326,2015,great knott,22/05/2015,22/05/2015,,,Sprayod Bravo500 1 Va,None,None,,,,
CS326,2015,great knott,12/06/2015,12/06/2015,,,Sprayed Cello,550,mlha,,,,
CS326,2015,great knott,04/08/2015,04/08/2015,,,"Harvested surrounds of trial area - Swathed Straw, D ready to be removed.",None,None,,,,
CS326,2015,great knott,05/08/2015,05/08/2015,,,Harvested all plots for yield - Sampo - Swathed Dc Straw to be baled,None,None,,,,
CS326,2015,great knott,05/08/2015,05/08/2015,,,"Sampled, Baled and Weighed all plots on trial - 7 conventional baled.",None,None,,,,
CS326,2015,great knott,05/08/2015,05/08/2015,,,"Loaded Straw onto plots 4, 7, 11, 14",17.87,kg/ha,,,,
CS326,2015,great knott,05/08/2015,05/08/2015,,,"Loaded Straw onto plots 2, 6, 10, 13",35.74,kg/ha,,,,
CS326,2015,great knott,05/08/2015,05/08/2015,,,"Loaded Straw onto plots 3, 5, 9, 16",71.4,kg/ha,,,,
CS326,2015,great knott,05/08/2015,05/08/2015,,,Topped all plots with topper 9 to condition straw 7 for ploughing,None,None,,,,
CS326,,,,,,,,None,None,,,,
CS326,2015,far field,28/10/2014,28/10/2014,,,Drilled Crusoe trt Redigo Deter,400,seeds/m?,,,,
CS326,2015,far field,28/10/2014,28/10/2014,,,rolled,None,None,,,,
CS326,2015,far field,25/11/2014,25/11/2014,,,Sprayed Hallmark in 200 l/ha water volume 2511/2014 p Sprayed Movon in 200 l/ha water volume 035 Wha,50,mi/ha,,,,
CS326,2015,far field,25/11/2014,25/11/2014,,,Sprayed Sienna in 200 l/ha water volume 2 Vna 26/032015 1 Applied Double Top Fertilizer (27% N) 148 kg/ha,None,None,,,,
CS326,2015,far field,07/04/2015,07/04/2015,,,Sprayed Chex in 200 l/ha water volume,0.25,wha,,,,
CS326,2015,far field,07/04/2015,07/04/2015,,,Sprayed Pacifica in 200 l/ha water volume 5 Wa,None,None,,,,
CS326,2015,far field,07/04/2015,07/04/2015,,,Sprayed Bio Power in 200lt/ha water volume,1,wha,,,,
CS326,2015,far field,13/04/2005,13/04/2005,,,Sprayed Artemis in 131 l/ha water volume 1 Vna,None,None,,,,
CS326,2015,far field,13/04/2015,13/04/2015,,,Sprayed Bravo 500 in 131 l/ha water volume,1,Vha,,,,
CS326,2015,far field,13/04/2005,13/04/2005,,,"Sprayed BASF 3C, Chlormequat 750 in 131 I/ha water volume 1304/2015 p Sprayed Moddus in 131 ha water volume 015 l/ha 1304/2015 p Sprayed Sprinter in 131 l/ha water volume 2 tha",1.25,Wha,,,,
CS326,2015,far field,14/04/2015,14/04/2015,,,Applied Nitram (34.5% N),203,kg/ha,,,,
CS326,2015,far field,01/05/2015,01/05/2015,,,Applied Nitram (34.5% N),203,kg/ha,,,,
CS326,2015,far field,11/08/2015,11/08/2015,,,Sprayed Cello,9,wha,,,,
CS326,2015,far field,11/05/2015,11/05/2015,,,Sprayed Balear 720 in 131 l/ha water volume,7,Vha,,,,
CS326,2015,far field,20/05/2005,20/05/2005,,,Cutpaths 30/05'2015 p Sprayed Bassoon in 131 l/ha water volume 0.75 Wha,None,None,,,,
CS326,2015,far field,30/05/2015,30/05/2015,,,Sprayed Envoy in 131 l/ha water volume,0.75,Wha,,,,
CS326,2015,far field,30/05/2015,30/05/2015,,,Sprayed Crescent in 131 W/ha water volume 075 Vna,None,None,,,,
CS326,2015,far field,11/09/2015,11/09/2015,,,Combined plots for yield,None,None,,,,
CS326,2016,great knott,05/08/2015,05/08/2015,,,"Loaded Straw onto plots 4, 7, 11, 14",17.87,kg/ha,,,,
CS326,2016,great knott,05/08/2015,05/08/2015,,,"Loaded Straw onto plots 2, 6, 10, 13",35.74,kg/ha,,,,
CS326,2016,great knott,05/08/2015,05/08/2015,,,"Loaded Straw onto plots 3, 5, 9, 16",71.4,kg/ha,,,,
CS326,2016,great knott,05/08/2015,05/08/2015,,,Topped all plots with topper 9 to condition straw,None,None,,,,
CS326,2016,great knott,05/08/2015,05/08/2015,,,ploughing - -,None,None,,,,
CS326,2016,great knott,06/09/2015,06/09/2015,,,Sprayed Samurai,1,It/ha,,,,
CS326,2016,great knott,06/09/2015,06/09/2015,,,Sprayed Firebrand,2,It/ha,,,,
CS326,2016,great knott,15/09/2015,15/09/2015,,,Ploughed; Thrown West,None,None,,,,
CS326,2016,great knott,28/09/2015,28/09/2015,,,Cultipressed,None,None,,,,
CS326,2016,great knott,05/10/2015,05/10/2015,,,Drilled Crusoe dr Redigo,350,seeds/m?,,,,
CS326,2016,great knott,05/10/2015,05/10/2015,,,Ring Rolled,None,None,,,,
CS326,2016,great knott,09/10/2015,09/10/2015,,,Sprayed Liberator,600,ml/ha,,,,
CS326,2016,great knott,12/11/2015,12/11/2015,,,Sprayed Hallmark,40,mi/ha,,,,
CS326,2016,great knott,08/03/2016,08/03/2016,,,Applied Double Top Fertilizer (27% N); Applied with Kuhn Aerospreader,148,kg/ha,,,,
CS326,2016,great knott,01/04/2016,01/04/2016,,,Applied Nitram (34.5% N),260,kg/ha,,,,
CS326,2016,great knott,05/04/2016,05/04/2016,,,Sprayed 3C Chlormequat 750,1.25,It/ha,,,,
CS326,2016,great knott,05/04/2016,05/04/2016,,,Sprayed Moddus 200.00,,ml/ha,,,,
CS326,2016,great knott,05/04/2016,05/04/2016,,,SprayedSavannah,500,mi/ha,,,,
CS326,2016,great knott,05/04/2016,05/04/2016,,,Sprayed Bravo 500,1,It/ha,,,,
CS326,2016,great knott,08/04/2016,08/04/2016,,,Sprayed Moddus,150,ml/ha,,,,
CS326,2016,great knott,08/04/2016,08/04/2016,,,Sprayed 3C Chlormequat 750,1.25,It/ha,,,,
CS326,2016,great knott,08/04/2016,08/04/2016,,,Sprayed Odin,500,ml/ha,,,,
CS326,2016,great knott,08/04/2016,08/04/2016,,,Sprayed Mirage 40ec,500,mi/ha,,,,
CS326,2016,great knott,08/04/2016,08/04/2016,,,Sprayed Bravo 500,1,It/ha,,,,
CS326,2016,great knott,14/04/2016,14/04/2016,,,Applied MOP; Applied to wheat only,250,kg/ha,,,,
CS326,2016,great knott,14/04/2016,14/04/2016,,,Applied TSP,298,kg/ha,,,,
CS326,2016,great knott,25/04/2016,25/04/2016,,,Applied Nitram (34.5% N),260,kg/ha,,,,
CS326,2016,great knott,04/05/2016,04/05/2016,,,Sprayed Ally Max,20,g/ha,,,,
CS326,2016,great knott,04/05/2016,04/05/2016,,,Sprayed Keystone 800.00,,ml/ha,,,,
CS326,2016,great knott,04/05/2016,04/05/2016,,,Sprayed Balear 720 700.00,,ml/ha,,,,
CS326,2016,great knott,25/05/2016,25/05/2016,,,Sprayed Vortex,1.5,It/ha,,,,
CS326,2016,great knott,25/05/2016,25/05/2016,,,SprayedSpiggot,250,ml/ha,,,,
CS326,2016,great knott,25/05/2016,25/05/2016,,,Sprayed Hatchet Xtra 750.00,,ml/ha,,,,
CS326,2016,great knott,08/07/2016,08/07/2016,,,Sprayed Cello,550,mi/ha,,,,
CS326,2016,great knott,08/07/2016,08/07/2016,,,Sprayed Hallmark,50,ml/ha,,,,
CS326,2016,far field,05/10/2015,05/10/2015,,,Topped straw,None,None,,,,
CS326,2016,far field,07/10/2015,07/10/2015,,,Ploughed; Thrown north west,None,None,,,,
CS326,2016,far field,08/10/2015,08/10/2015,,,Springtyne,None,None,,,,
CS326,2016,far field,16/10/2015,16/10/2015,,,Orilled Crusoe dr Redigo Deter,375,Seeds/m2,,,,
CS326,2016,far field,17/10/2015,17/10/2015,,,rolled,None,None,,,,
CS326,2016,far field,31/10/2015,31/10/2015,,,Sprayed Liberator (in 200 It/ha water volume.),0.6,It/ha,,,,
CS326,2016,far field,03/11/2015,03/11/2015,,,Sprayed Sprinter (in 200 It/ha water volume.),2,It/ha,,,,
CS326,2016,far field,03/11/2015,03/11/2015,,,Sprayed Hallmark (in 200 It/ha water volume.),40,ml/ha,,,,
CS326,2016,far field,26/02/2016,26/02/2016,,,Applied Double Top Fertilizer,148,kg/ha,,,,
CS326,2016,far field,31/03/2016,31/03/2016,,,Sprayed Chex (in 150 It/ha water volume.),0.25,It/ha,,,,
CS326,2016,far field,31/03/2016,31/03/2016,,,Sprayed Pacifica (in 150 It/ha water volume.),0.5,kg/ha,,,,
CS326,2016,far field,31/03/2016,31/03/2016,,,Sprayed Bio Power (in 150 It/ha water volume.),1,It/ha,,,,
CS326,2016,far field,04/04/2016,04/04/2016,,,Applied Nitram (34.5% N) Fertiliser,203,kg/ha,,,,
CS326,2016,far field,05/04/2016,05/04/2016,,,Sprayed Sprinter (in 150 It/ha water volume.),2,It/ha,,,,
CS326,2016,far field,05/04/2016,05/04/2016,,,Sprayed Toledo (in 150 It/ha water volume.),0.3,,t/ha,,,
CS326,2016,far field,05/04/2016,05/04/2016,,,Sprayed Bravo 500 (in 150 It/ha water volume.) 1.00,,It/ha,,,,
CS326,2016,far field,05/04/2016,05/04/2016,,,Sprayed Moddu (in 150 It/ha water volume.) 0.10,,It/ha,,,,
CS326,2016,far field,05/04/2016,05/04/2016,,,Sprayed Chlormequat (in 150 It/ha water volume.),1.25,It/ha,,,,
CS326,2016,far field,29/04/2016,29/04/2016,,,Applied Nitram (34.5% N) Fertiliser,203,kg/ha,,,,
CS326,2016,far field,04/05/2016,04/05/2016,,,Sprayed Sprinter (in 150 It/ha water volume.),2,It/ha,,,,
CS326,2016,far field,04/05/2016,04/05/2016,,,Sprayed Keystone (in 150 It/ha water volume.) 0.80,,It/ha,,,,
CS326,2016,far field,04/05/2016,04/05/2016,,,Sprayed Balear 720 (in 150 It/ha water volume.),0.7,It/ha,,,,
CS326,2016,far field,24/05/2016,24/05/2016,,,Sprayed Sprinter (in 150 It/ha water volume.),2,It/ha,,,,
CS326,2016,far field,24/05/2016,24/05/2016,,,Sprayed Vortex in 150 l/ha water volume.,1.5,It/ha,,,,
CS326,2016,far field,09/06/2016,09/06/2016,,,Sprayed Cello (in 150 It/ha water volume.),0.6,It/ha,,,,
CS326,2016,far field,09/06/2016,09/06/2016,,,Sprayed Cyflamid (in 150 It/ha water volume.),0.15,It/ha,,,,
CS326,2016,far field,09/06/2016,09/06/2016,,,Sprayed Hallmark (in 150 It/ha water volume.),50,ml/ha,,,,
CS326,2016,far field,13/08/2016,13/08/2016,,,Combined,None,None,,,,
