Experiment,Year,section,start date,end date,operation,amount,amount unit,water,water unit,tank mix,plot
RFW3,1856,cropped section,01/09/1856,,harvested,,,,,,
RFW3,1857,cropped section,18/08/1857,,harvested,,,,,,
RFW3,1858,cropped section,12/08/1858,,harvested,,,,,,
RFW3,1859,cropped section,11/08/1859,12/08/1859,harvested,,,,,,
RFW3,1860,cropped section,01/10/1860,02/10/1860,harvested,,,,,,
RFW3,1861,cropped section,24/08/1861,26/08/1861,harvested,,,,,,
RFW3,1862,cropped section,05/09/1862,,harvested,,,,,,
RFW3,1863,cropped section,19/08/1863,,harvested,,,,,,
RFW3,1864,cropped section,,,,,,,,,
RFW3,1865,cropped section,,,,,,,,,
RFW3,1866,cropped section,,,,,,,,,
RFW3,1867,cropped section,31/08/1867,02/09/1867,harvested,,,,,,
RFW3,1868,cropped section,25/07/1868,28/07/1868,harvested,,,,,,
RFW3,1869,cropped section,30/08/1869,01/09/1869,harvested,,,,,,
RFW3,1870,cropped section,09/08/1870,10/08/1870,harvested,,,,,,
RFW3,1871,cropped section,26/08/1871,,harvested,,,,,,
RFW3,1872,cropped section,23/08/1872,,harvested,,,,,,
RFW3,1873,cropped section,12/09/1873,16/09/1873,harvested,,,,,,
RFW3,1874,cropped section,12/08/1874,,harvested,,,,,,
RFW3,1875,cropped section,23-08-1875,,harvested,,,,,,
RFW3,1876,cropped section,21-08-1876,,harvested,,,,,,
RFW3,1877,cropped section,23-08-1877,,harvested,,,,,,
RFW3,1878,cropped section,13-08-1878,,harvested,,,,,,
RFW3,1879,cropped section,17/09/1879,,harvested,,,,,,
RFW3,1880,cropped section,20/08/1880,,harvested,,,,,,
RFW3,1881,cropped section,15/08/1881,,harvested,,,,,,
RFW3,1882,cropped section,16/08/1882,,harvested,,,,,,
RFW3,1883,cropped section,25/08/1883,,harvested,,,,,,
RFW3,1884,cropped section,06/08/1884,,harvested,,,,,,
RFW3,1885,cropped section,13/08/1885,,harvested,,,,,,
RFW3,1886,cropped section,26/08/1886,,harvested,,,,,,
RFW3,1887,cropped section,11/08/1887,,harvested,,,,,,
RFW3,1888,cropped section,08/08/1888,,harvested,,,,,,
RFW3,1889,cropped section,20/08/1889,21/08/1889,harvested,,,,,,
RFW3,1890,cropped section,09/08/1890,,harvested,,,,,,
RFW3,1891,cropped section,02/09/1891,,harvested,,,,,,
RFW3,1892,cropped section,23/08/1892,,harvested,,,,,,
RFW3,1893,cropped section,31/07/1893,01/08/1893,harvested,,,,,,
RFW3,1894,cropped section,21/08/1894,,harvested,,,,,,
RFW3,1895,cropped section,09/08/1895,,harvested,,,,,,
RFW3,1896,cropped section,25/07/1896,,harvested,,,,,,
RFW3,1897,cropped section,13/08/1897,,harvested,,,,,,
RFW3,1898,cropped section,13/08/1898,,harvested,,,,,,
RFW3,1899,cropped section,11/08/1899,,harvested,,,,,,
RFW3,1900,cropped section,11/08/1900,13/08/1900,harvested,,,,,,
RFW3,1901,cropped section,13/08/1901,14/08/1901,harvested,,,,,,
RFW3,1902,cropped section,28/08/1902,,harvested,,,,,,
RFW3,1903,cropped section,03/09/1903,,harvested,,,,,,
RFW3,1904,cropped section,08/08/1904,,harvested,,,,,,
RFW3,1905,cropped section,01/08/1905,,harvested,,,,,,
RFW3,1906,cropped section,13/08/1906,,harvested,,,,,,
RFW3,1907,cropped section,24/08/1907,,harvested,,,,,,
RFW3,1908,cropped section,21/08/1908,,harvested,,,,,,
RFW3,1909,cropped section,10/09/1909,,harvested,,,,,,
RFW3,1910,cropped section,19/08/1910,,harvested,,,,,,
RFW3,1911,cropped section,04/08/1911,,harvested,,,,,,
RFW3,1912,cropped section,21/08/1912,22/08/1912,harvested,,,,,,
RFW3,1913,cropped section,01/09/1913,??,harvested,,,,,,
RFW3,1914,cropped section,04/08/1914,,harvested,,,,,,
RFW3,1915,cropped section,30/08/1915,,harvested,,,,,,
RFW3,1916,cropped section,28/08/1916,,harvested,,,,,,
RFW3,1917,cropped section,22/08/1917,,harvested,,,,,,
RFW3,1918,cropped section,20/08/1918,??,harvested,,,,,,
RFW3,1919,cropped section,27/08/1919,??,harvested,,,,,,
RFW3,1920,cropped section,17/08/1920,,harvested,,,,,,
RFW3,1921,cropped section,28/07/1921,,harvested,,,,,,
RFW3,1922,cropped section,06/09/1922,,harvested,,,,,,
RFW3,1923,cropped section,16/08/1923,,harvested,,,,,,
RFW3,1924,cropped section,06/09/1924,??,harvested,,,,,,
RFW3,1925,cropped section,18/08/1925,,harvested,,,,,,
RFW3,1926,cropped section,,,,,,,,,
RFW3,1927,cropped section,31/08/1927,,harvested,,,,,,
RFW3,1928,cropped section,22/08/1928,,harvested,,,,,,
RFW3,1929,cropped section,21/08/1929,,harvested,,,,,,
RFW3,1930,cropped section,14/08/1930,,harvested,,,,,,
RFW3,1931,cropped section,21/08/1931,,harvested,,,,,,
RFW3,1932,cropped section,10/08/1932,,harvested,,,,,,
RFW3,1874,cropped section,30/10/1873,,seed sown,,,,,,
RFW3,1880,cropped section,29/10/1879,,seed sown,,,,,,
RFW3,1881,cropped section,26/10/1880,,seed sown,,,,,,
RFW3,1883,cropped section,07/11/1882,,seed sown,,,,,,
RFW3,1884,cropped section,23/10/1883,,seed sown,,,,,,
RFW3,1885,cropped section,25/10/1884,,seed sown,,,,,,
RFW3,1886,cropped section,25/10/1885,,seed sown,,,,,,
RFW3,1887,cropped section,26/10/1886,,seed sown,,,,,,
RFW3,1889,cropped section,01/11/1888,,seed sown,,,,,,
RFW3,1890,cropped section,05/11/1889,,seed sown,,,,,,
RFW3,1891,cropped section,25/10/1890,,seed sown,,,,,,
RFW3,1894,cropped section,25/10/1893,,seed sown,,,,,,
RFW3,1895,cropped section,22/10/1894,,seed sown,,,,,,
RFW3,1896,cropped section,23/10/1895,,seed sown,,,,,,
RFW3,1898,cropped section,20/10/1897,,seed sown,,,,,,
RFW3,1899,cropped section,31/10/1898,,seed sown,,,,,,
RFW3,1900,cropped section,23/10/1899,,seed sown,,,,,,
RFW3,1901,cropped section,23/10/1900,,seed sown,,,,,,
RFW3,1902,cropped section,23/10/1901,,seed sown,,,,,,
RFW3,1903,cropped section,31/10/1902,,seed sown,,,,,,
RFW3,1905,cropped section,19/10/1904,,seed sown,,,,,,
RFW3,1906,cropped section,19/12/1905,,seed sown,,,,,,
RFW3,1907,cropped section,16/10/1906,,seed sown,,,,,,
RFW3,1908,cropped section,07/11/1907,,seed sown,,,,,,
RFW3,1909,cropped section,26/10/1908,,seed sown,,,,,,
RFW3,1910,cropped section,27/11/1909,,seed sown,,,,,,
RFW3,1911,cropped section,22/10/1910,,seed sown,,,,,,
RFW3,1912,cropped section,7/??/1911,,seed sown,,,,,,
RFW3,1913,cropped section,21/10/1912,,seed sown,,,,,,
RFW3,1914,cropped section,03/11/1913,,seed sown,,,,,,
RFW3,1915,cropped section,03/11/1914,,seed sown,,,,,,
RFW3,1917,cropped section,01/11/1916,,seed sown,,,,,,
RFW3,1919,cropped section,26/10/1918,,seed sown,,,,,,
RFW3,1920,cropped section,27/10/1919,,seed sown,,,,,,
RFW3,1921,cropped section,05/11/1920,,seed sown,,,,,,
RFW3,1922,cropped section,29/10/1921,,seed sown,,,,,,
RFW3,1923,cropped section,02/11/1922,,seed sown,,,,,,
RFW3,1924,cropped section,12/11/1923,,seed sown,,,,,,
RFW3,1929,cropped section,09/10/1928,,seed sown,,,,,,
RFW3,1930,cropped section,15/10/1929,,seed sown,,,,,,
RFW3,1931,cropped section,17/10/1930,,seed sown,,,,,,
RFW3,1932,cropped section,14/10/1931,,seed sown,,,,,,
RFW3,1874,cropped section,September 1873,,ploughed,,,,,,
RFW3,1880,cropped section,28/10/1879,,ploughed,,,,,,
RFW3,1884,cropped section,13/10/1883,,ploughed,,,,,,
RFW3,1886,cropped section,Sept 1885,,ploughed,,,,,,
RFW3,1887,cropped section,02/10/1886,,ploughed,,,,,,
RFW3,1888,cropped section,21/09/1887,,ploughed,,,,,,
RFW3,1891,cropped section,11/09/1890,,ploughed,,,,,,
RFW3,1895,cropped section,16/10/1894,,ploughed,,,,,,
RFW3,1896,cropped section,21/09/1895,,ploughed,,,,,,
RFW3,1899,cropped section,07/10/1898,,ploughed,,,,,,
RFW3,1903,cropped section,06/10/1902,,ploughed,,,,,,
RFW3,1907,cropped section,04/10/1906,,ploughed,,,,,,
RFW3,1908,cropped section,01/11/1907,,ploughed,,,,,,
RFW3,1909,cropped section,21/10/1908,,ploughed,,,,,,
RFW3,1910,cropped section,27/09/1909,,ploughed,,,,,,
RFW3,1913,cropped section,21/10/1912,,ploughed,,,,,,
RFW3,1915,cropped section,19/09/1914,,ploughed,,,,,,
RFW3,1918,cropped section,04/09/1917,,ploughed,,,,,,
RFW3,1919,cropped section,16/10/1918,,ploughed,,,,,,
RFW3,1922,cropped section,22/10/1921,,ploughed,,,,,,
RFW3,1929,cropped section,17/09/1928,,ploughed,,,,,,
RFW3,1930,cropped section,06/09/1929,,ploughed,,,,,,
RFW3,1931,cropped section,06/10/1930,,ploughed,,,,,,
RFW3,1932,cropped section,16/09/1931,,ploughed,,,,,,
RFW3,1873,fallow sections,June 1873,,ploughed,,,,,,
RFW3,1874,fallow sections,,,Cultivated 4 times between Sept 1873 and June 1874,,,,,,
RFW3,1880,fallow sections,,,Ploughed 3 times between October 1879 and June 1880,,,,,,
RFW3,1881,fallow sections,29/09/1880,,ploughed,,,,,,
RFW3,1883,fallow sections,March 1883,,ploughed,,,,,,
RFW3,1884,fallow sections,13/10/1883,,ploughed,,,,,,
RFW3,1885,fallow sections,,,Ploughed 4 times between Oct 1884 and June 1885,,,,,,
RFW3,1886,fallow sections,,,Ploughed 4 times between Sept 1885 and Aug 1886,,,,,,
RFW3,1887,fallow sections,,,Ploughed 3 times between Oct 1886 and June 1887,,,,,,
RFW3,1888,fallow sections,21/09/1887,22/09/1887,ploughed,,,,,,
RFW3,1889,fallow sections,,,Ploughed 4 times between Oct 1888 and Aug 1889,,,,,,
RFW3,1891,fallow sections,11/09/1890,,ploughed,,,,,,
RFW3,1894,fallow sections,25/10/1893,,ploughed,,,,,,
RFW3,1895,fallow sections,16/10/1894,24/09/1895,ploughed,,,,,,
RFW3,1896,fallow sections,21/09/1895,,ploughed,,,,,,
RFW3,1897,fallow sections,July 1896,,ploughed,,,,,,
RFW3,1899,fallow sections,07/10/1898,,ploughed,,,,,,
RFW3,1902,fallow sections,,,Ploughed 3 times between Oct 1901 and July 1902,,,,,,
RFW3,1903,fallow sections,06/10/1902,,ploughed,,,,,,
RFW3,1905,fallow sections,20/05/1905,,ploughed,,,,,,
RFW3,1906,fallow sections,25/09/1905,,ploughed,,,,,,
RFW3,1907,fallow sections,04/10/1906,06/10/1906,ploughed,,,,,,
RFW3,1908,fallow sections,,,Ploughed 3 times between Nov 1907 and July 1908,,,,,,
RFW3,1909,fallow sections,,,Ploughed 4 times between October 1908 and July 1909,,,,,,
RFW3,1910,fallow sections,27/09/1909,,ploughed,,,,,,
RFW3,1912,fallow sections,18/09/1911,,ploughed,,,,,,
RFW3,1913,fallow sections,21/10/1912,,ploughed,,,,,,
RFW3,1915,fallow sections,19/09/1914,,ploughed,,,,,,
RFW3,1916,fallow sections,,,Ploughed 3 times between ?? 191? And July 1916,,,,,,
RFW3,1918,fallow sections,04/09/1917,,ploughed,,,,,,
RFW3,1919,fallow sections,16/10/1918,,ploughed,,,,,,
RFW3,1922,fallow sections,,,Cultivated 4 times between Oct 1921 and Aug 1922,,,,,,
RFW3,1924,fallow sections,17/04/1924,,ploughed,,,,,,
RFW3,1929,fallow sections,,,Ploughed 3 times between Sept 1928 and July 1929,,,,,,
RFW3,1930,fallow sections,,,Cultivated 3 times between Sept 1929 and June 1930,,,,,,
RFW3,1931,fallow sections,06/10/1930,,ploughed,,,,,,
RFW3,1932,fallow sections,,,Cultivated 3 times between Sept 1931 and June 1932,,,,,,
RFW3,1873,fallow sections,July 1872,,ploughed,,,,,,
RFW3,1874,fallow sections,02/05/1874,,ploughed,,,,,,
RFW3,1879,fallow sections,July 1879,,ploughed,,,,,,
RFW3,1881,fallow sections,April 1881,,ploughed,,,,,,
RFW3,1882,fallow sections,June 1882,,ploughed,,,,,,
RFW3,1883,fallow sections,13/07(?)/1883,,ploughed,,,,,,
RFW3,1891,fallow sections,06/07/1891,,ploughed,,,,,,
RFW3,1892,fallow sections,22/08/1892,,ploughed,,,,,,
RFW3,1894,fallow sections,Aug 1894,,ploughed,,,,,,
RFW3,1896,fallow sections,October 1895,,ploughed,,,,,,
RFW3,1897,fallow sections,14/09/1896(?),15/09/1896(?),ploughed,,,,,,
RFW3,1899,fallow sections,26/07/1899,,ploughed,,,,,,
RFW3,1903,fallow sections,17/11/1902,,ploughed,,,,,,
RFW3,1905,fallow sections,10/07/1905,,ploughed,,,,,,
RFW3,1906,fallow sections,26/05/1906,,ploughed,,,,,,
RFW3,1907,fallow sections,06/06/1907,,ploughed,,,,,,
RFW3,1910,fallow sections,28/06/1910,,ploughed,,,,,,
RFW3,1911,fallow sections,10/12/1910,,ploughed,,,,,,
RFW3,1912,fallow sections,22/11/1911,,ploughed,,,,,,
RFW3,1913,fallow sections,12/04/1913,,ploughed,,,,,,
RFW3,1915,fallow sections,21/10/1914,,ploughed,,,,,,
RFW3,1917,fallow sections,07/06/1917,,ploughed,,,,,,
RFW3,1919,fallow sections,10/03/1919,,ploughed,,,,,,
RFW3,1920,fallow sections,17/05/1920,,ploughed,,,,,,
RFW3,1921,fallow sections,21/05/1921,,ploughed,,,,,,
RFW3,1931,fallow sections,08/05/1931,,ploughed,,,,,,
RFW3,1933,cropped sections,02/09/1932,,ploughed,,,,,,
RFW3,1933,cropped sections,15/10/1932,,harrowed,,,,,,
RFW3,1933,cropped sections,31/03/1933,,harrowed,,,,,,
RFW3,1933,cropped sections,15/10/1932,,seed sown,,,,,,
RFW3,1933,cropped sections,26/07/1933,,harvested,,,,,,
RFW3,1933,fallow sections,02/09/1932,,ploughed,,,,,,
RFW3,1933,fallow sections,31/05/1933,,ploughed,,,,,,
RFW3,1933,fallow sections,01/06/1933,,ploughed,,,,,,
RFW3,1933,fallow sections,31/03/1933,,harrowed,,,,,,
RFW3,1934,cropped sections,12/09/1933,,ploughed,,,,,,
RFW3,1934,cropped sections,07/04/1934,,harrowed,,,,,,
RFW3,1934,cropped sections,09/04/1934,,rolled,,,,,,
RFW3,1934,cropped sections,13/10/1933,,seed sown,,,,,,
RFW3,1934,cropped sections,08/08/1934,,harvested,,,,,,
RFW3,1934,fallow sections,07/02/1934,,ploughed,,,,,,
RFW3,1934,fallow sections,20/04/1934,,tractor cultivated,,,,,,
RFW3,1934,fallow sections,04/05/1934,,tractor cultivated,,,,,,
RFW3,1934,fallow sections,17/05/1934,,horse harrow,,,,,,
RFW3,1934,fallow sections,17/05/1934,,ploughed,,,,,,
RFW3,1934,fallow sections,16/06/1934,,tractor cultivated,,,,,,
RFW3,1934,fallow sections,22/06/1934,,two horse roll,,,,,,
RFW3,1934,fallow sections,28/06/1934,,ploughed,,,,,,
RFW3,1934,fallow sections,24/07/1934,,tractor cultivated,,,,,,
RFW3,1935,cropped sections,23/08/1934,,ploughed,,,,,,
RFW3,1935,cropped sections,23/08/1934,,cultivated,,,,,,
RFW3,1935,cropped sections,20/10/1934,,harrowed,,,,,,
RFW3,1935,cropped sections,21/03/1935,,harrowed,,,,,,
RFW3,1935,cropped sections,26/03/1935,,rolled,,,,,,
RFW3,1935,cropped sections,20/10/1934,,seed sown,,,,,,
RFW3,1935,cropped sections,13/08/1935,,harvested,,,,,,
RFW3,1935,fallow sections,23/08/1934,,ploughed,,,,,,
RFW3,1935,fallow sections,28/05/1935,,ploughed,,,,,,
RFW3,1935,fallow sections,23/08/1934,,cultivated,,,,,,
RFW3,1935,fallow sections,11/05/1935,,cultivated,,,,,,
RFW3,1935,fallow sections,03/07/1935,,cultivated,,,,,,
RFW3,1936,cropped sections,27/08/1935,,ploughed,,,,,,
RFW3,1936,cropped sections,24/10/1935,,harrowed,,,,,,
RFW3,1936,cropped sections,26/10/1935,,harrowed,,,,,,
RFW3,1936,cropped sections,24/03/1936,,harrowed,,,,,,
RFW3,1936,cropped sections,06/05/1936,,rolled,,,,,,
RFW3,1936,cropped sections,26/10/1935,,seed sown,,,,,,
RFW3,1936,cropped sections,01/09/1936,,harvested,,,,,,
RFW3,1936,fallow sections,27/08/1935,,ploughed,,,,,,
RFW3,1936,fallow sections,01/04/1936,,ploughed,,,,,,
RFW3,1937,fallow sections,24/08/1936,,ploughed,,,,,,
RFW3,1936,fallow sections,14/02/1936,,springtine harrowed,,,,,,
RFW3,1936,fallow sections,20/05/1936,,cultivated,,,,,,
RFW3,1936,fallow sections,29/06/1936,,cultivated,,,,,,
RFW3,1937,cropped sections,16/10/1936,,ploughed,,,,,,
RFW3,1937,cropped sections,21/10/1936,,harrowed,,,,,,
RFW3,1937,cropped sections,03/05/1937,,harrowed,,,,,,
RFW3,1937,cropped sections,21/10/1936,,seed sown,,,,,,
RFW3,1937,cropped sections,20/08/1937,,harvested,,,,,,
RFW3,1937,fallow sections,03/06/1937,04/06/1937,ploughed,,,,,,
RFW3,1937,fallow sections,05/10/1936,,cultivated,,,,,,
RFW3,1937,fallow sections,09/06/1937,,cultivated,,,,,,
RFW3,1937,fallow sections,26/04/1937,,springtine harrowed,,,,,,
RFW3,1937,fallow sections,26/03/1937,,springtine harrowed,,,,,,
RFW3,1938,cropped sections,23/09/1937,27/09/1937,ploughed,,,,,,
RFW3,1938,cropped sections,16/10/1937,,cultivated,,,,,,
RFW3,1938,cropped sections,06/11/1937,,harrowed,,,,,,
RFW3,1938,cropped sections,17/03/1938,,harrowed,,,,,,
RFW3,1938,cropped sections,20/10/1937,,springtine harrowed,,,,,,
RFW3,1938,cropped sections,20/10/1937,,rolled,,,,,,
RFW3,1938,cropped sections,19/03/1938,,rolled,,,,,,
RFW3,1938,cropped sections,06/11/1937,,seed sown,,,,,,
RFW3,1938,cropped sections,11/08/1938,,harvested,,,,,,
RFW3,1938,fallow sections,23/09/1937,27/09/1937,ploughed,,,,,,
RFW3,1938,fallow sections,16/10/1937,,cultivated,,,,,,
RFW3,1938,fallow sections,05/03/1938,,cultivated,,,,,,
RFW3,1938,fallow sections,07/05/1938,,springtine harrowed,,,,,,
RFW3,1938,fallow sections,03/06/1938,,springtine harrowed,,,,,,
RFW3,1938,fallow sections,07/05/1938,,rolled,,,,,,
RFW3,1938,fallow sections,03/06/1938,,rolled,,,,,,
RFW3,1938,fallow sections,21/06/1938,,thistles cut,,,,,,
RFW3,1938,fallow sections,14/08/1938,,thistles cut,,,,,,
RFW3,1939,cropped sections,26/08/1938,,ploughed,,,,,,
RFW3,1940,cropped sections,12/09/1939,13/09/1939,ploughed,,,,,,
RFW3,1941,cropped sections,10/09/1940,11/09/1940,ploughed,,,,,,
RFW3,1942,cropped sections,19/09/1941,22/09/1941,ploughed,,,,,,
RFW3,1943,cropped sections,01/09/1942,04/09/1942,ploughed,,,,,,
RFW3,1944,cropped sections,31/08/1943,09/09/1943,ploughed,,,,,,
RFW3,1945,cropped sections,21/08/1944,28/08/1944,ploughed,,,,,,
RFW3,1946,cropped sections,30/08/1945,03/09/1945,ploughed,,,,,,
RFW3,1947,cropped sections,11/10/1946,15/10/1946,ploughed,,,,,,
RFW3,1939,cropped sections,24/10/1938,,seed sown,,,,,,
RFW3,1940,cropped sections,23/10/1939,,seed sown,,,,,,
RFW3,1941,cropped sections,28/10/1940,,seed sown,,,,,,
RFW3,1942,cropped sections,21/10/1941,,seed sown,,,,,,
RFW3,1943,cropped sections,15/10/1942,,seed sown,,,,,,
RFW3,1944,cropped sections,08/10/1943,,seed sown,,,,,,
RFW3,1945,cropped sections,30/10/1944,,seed sown,,,,,,
RFW3,1946,cropped sections,15/10/1945,,seed sown,,,,,,
RFW3,1947,cropped sections,18/10/1946,,seed sown,,,,,,
RFW3,1939,cropped sections,24/08/1939,,harvested,,,,,,
RFW3,1940,cropped sections,08/08/1940,,harvested,,,,,,
RFW3,1941,cropped sections,21/08/1941,,harvested,,,,,,
RFW3,1942,cropped sections,17/08/1942,,harvested,,,,,,
RFW3,1943,cropped sections,03/08/1943,,harvested,,,,,,
RFW3,1944,cropped sections,10/08/1944,,harvested,,,,,,
RFW3,1945,cropped sections,11/08/1945,,harvested,,,,,,
RFW3,1946,cropped sections,16/08/1946,,harvested,,,,,,
RFW3,1947,cropped sections,12/08/1947,,harvested,,,,,,
RFW3,1939,fallow sections,,,Cultivated 6 times between Aug 1938 and July 1939,,,,,,
RFW3,1940,fallow sections,,,Cultivated 4 times between Sept 1939 and July 1940,,,,,,
RFW3,1941,fallow sections,,,Cultivated 4 times between Sept 1940 and May 1941,,,,,,
RFW3,1942,fallow sections,,,Cultivated 8 times between Sept 1941 and July 1942,,,,,,
RFW3,1943,fallow sections,,,Cultivated 10 times between Sept 1942 and July 1943,,,,,,
RFW3,1944,fallow sections,,,Cultivated 5 times between Aug 1943 and June 1944,,,,,,
RFW3,1945,fallow sections,,,Cultivated 6 times between Aug 1944 and July 1945,,,,,,
RFW3,1946,fallow sections,,,Cultivated 4 times between Aug 1945 and July 1946,,,,,,
RFW3,1947,fallow sections,,,Ploughed once and Springtined twice between Oct 1946 and July 1947,,,,,,
RFW3,1948,cropped sections,15/09/1947,16/09/1947,ploughed,,,,,,
RFW3,1948,cropped sections,24/10/1947,,rolled,,,,,,
RFW3,1948,cropped sections,24/10/1947,,springtine harrowed,,,,,,
RFW3,1948,cropped sections,25/10/1947,,seed drilled,,,,,,
RFW3,1948,cropped sections,25/10/1947,,harrowed in,,,,,,
RFW3,1948,cropped sections,31/03/1948,,ring rolled,,,,,,
RFW3,1948,cropped sections,29/07/1948,,weeds hand pulled,,,,,,
RFW3,1948,cropped sections,23/08/1948,,harvested,,,,,,
RFW3,1948,fallow sections,15/09/1947,16/09/1947,ploughed,,,,,,
RFW3,1948,fallow sections,24/10/1947,,rolled,,,,,,
RFW3,1948,fallow sections,24/10/1947,,springtine harrowed,,,,,,
RFW3,1948,fallow sections,10/03/1948,,springtine harrowed,,,,,,
RFW3,1948,fallow sections,22/04/1948,,thistles cut,,,,,,
RFW3,1948,fallow sections,21/05/1948,,ploughed,,,,,,
RFW3,1948,fallow sections,09/06/1948,,ring rolled,,,,,,
RFW3,1949,cropped sections,03/09/1948,06/09/1948,ploughed,,,,,,
RFW3,1949,cropped sections,22/10/1948,,harrowed twice,,,,,,
RFW3,1949,cropped sections,23/10/1948,,seed drilled,,,,,,
RFW3,1949,cropped sections,23/10/1948,,harrowed in,,,,,,
RFW3,1949,cropped sections,11/04/1949,,ring rolled,,,,,,
RFW3,1949,cropped sections,16/08/1949,,harvested,,,,,,
RFW3,1949,fallow sections,03/09/1948,,ploughed,,,,,,B3
RFW3,1949,fallow sections,01/10/1948,02/10/1948,ploughed,,,,,,remainder
RFW3,1949,fallow sections,03/01/1949,13/01/1949,ploughed,,,,,,
RFW3,1949,fallow sections,23/03/1949,,spring-tined,,,,,,
RFW3,1949,fallow sections,14/04/1949,,spring-tined,,,,,,
RFW3,1949,fallow sections,31/05/1949,,thistles cut,,,,,,
RFW3,1949,fallow sections,27/06/1949,,thistles cut,,,,,,
RFW3,1949,fallow sections,05/07/1949,06/07/1949,ploughed,,,,,,
RFW3,1949,fallow sections,20/07/1949,,harrowed twice,,,,,,
RFW3,1949,fallow sections,20/07/1949,,ring rolled,,,,,,
RFW3,1950,cropped sections,30/08/1949,31/08/1949,ploughed,,,,,,
RFW3,1950,cropped sections,29/10/1949,,spring-tined,,,,,,
RFW3,1950,cropped sections,31/10/1949,,harrowed,,,,,,
RFW3,1950,cropped sections,31/10/1949,,seed drilled,,,,,,
RFW3,1950,cropped sections,31/10/1949,,harrowed in,,,,,,
RFW3,1950,cropped sections,08/04/1950,,rolled,,,,,,
RFW3,1950,cropped sections,20/04/1950,,Crop badly damaged by wheat bulb fly so decision made to plough in and resow,,,,,,
RFW3,1950,cropped sections,21/04/1950,,harrowed three times,,,,,,
RFW3,1950,cropped sections,21/04/1950,,seed drilled,,,,,,
RFW3,1950,cropped sections,21/04/1950,,ring rolled,,,,,,
RFW3,1950,cropped sections,21/04/1950,,harrowed in,,,,,,
RFW3,1950,cropped sections,22/04/1950,,ring rolled,,,,,,
RFW3,1950,cropped sections,26/05/1950,,thistles cut,,,,,,
RFW3,1950,cropped sections,08/09/1950,,harvested,,,,,,
RFW3,1950,cropped sections,30/08/1949,31/08/1949,ploughed,,,,,,
RFW3,1950,cropped sections,29/10/1949,,spring-tined,,,,,,
RFW3,1950,cropped sections,09/03/1950,,spring-tined,,,,,,
RFW3,1950,cropped sections,21/04/1950,,harrowed three times,,,,,,
RFW3,1950,cropped sections,12/05/1950,,ring rolled,,,,,,
RFW3,1950,cropped sections,30/05/1950,,thistle barred,,,,,,
RFW3,1950,cropped sections,01/07/1950,,ploughed,,,,,,
RFW3,1950,cropped sections,15/07/1950,,ploughed,,,,,,
RFW3,1950,cropped sections,31/07/1950,,ploughed,,,,,,
RFW3,1951,cropped sections,14/09/1950,,ploughed,,,,,,
RFW3,1951,cropped sections,18/10/1950,,seed drilled,3,bushels/acre,,,,
RFW3,1951,cropped sections,24/08/1951,,harvested,,,,,,
RFW3,1951,fallow sections,14/09/1950,,ploughed,,,,,,
RFW3,1951,fallow sections,23/04/1951,,ploughed,,,,,,
RFW3,1951,fallow sections,10/07/1951,,ploughed,,,,,,
RFW3,1952,cropped plots,18/09/1951,,ploughed,,,,,,
RFW3,1952,cropped plots,19/10/1952,,seed drilled at 3 bushels per acre,,,,,,
RFW3,1952,cropped plots,31/07/1952,,harvested,,,,,,
RFW3,1952, fallow plots,18/09/1951,,ploughed,,,,,,
RFW3,1952, fallow plots,08/02/1952,,ploughed,,,,,,
RFW3,1952, fallow plots,06/09/1952,,ploughed,,,,,,
RFW3,1953, cropped plots,06/09/1952,,ploughed,,,,,,
RFW3,1953, cropped plots,27/10/1953,,seed drilled at 3 bushels per acre,,,,,,
RFW3,1953, cropped plots,20/08/1955,,harvested,,,,,,
RFW3,1953, fallow plots,06/09/1952,,ploughed,,,,,,
RFW3,1953, fallow plots,03/09/1953,,ploughed,,,,,,
RFW3,1954,cropped plots,03/09/1953,,ploughed,,,,,,
RFW3,1954,cropped plots,22/10/1954,,seed drilled at 3 bushels per acre,,,,,,
RFW3,1954,cropped plots,06/09/1954,,harvested,,,,,,
RFW3,1954, fallowed plots,J-Sept-1953,,ploughed,,,,,,
RFW3,1954, fallowed plots,03/12/1954,,ploughed,,,,,,
RFW3,1954, fallowed plots,25/09/1954,,ploughed,,,,,,
RFW3,1955, cropped plots,25/09/1954,,ploughed,,,,,,
RFW3,1955, cropped plots,07/12/1955,,seed drilled at 3 bushels per acre,,,,,,
RFW3,1955, cropped plots,20/08/1955,,harvested,,,,,,
RFW3,1955, fallowed plots,25/09/1954,,ploughed,,,,,,
RFW3,1955, fallowed plots,28/09/1955,,ploughed,,,,,,
RFW3,1956, cropped plots,28/09/1955,,ploughed,,,,,,
RFW3,1956, cropped plots,02/11/1956,,seed drilled at 3 bushels per acre,,,,,,
RFW3,1956, cropped plots,01/09/1956,,harvested,,,,,,
RFW3,1956, fallowed plots,28/09/1955,,ploughed,,,,,,
RFW3,1956, fallowed plots,15/05/1956,,ploughed,,,,,,
RFW3,1957, cropped plots,26/09/1956,,ploughed,,,,,,
RFW3,1957, cropped plots,27/10/1957,,seed sown at 3 bushels per acre,,,,,,
RFW3,1957, cropped plots,26/08/1957,,combine harvested,,,,,,
RFW3,1957, fallowed plots,26/09/1956,,ploughed,,,,,,
RFW3,1958,cropped plots,02/09/1957,,"cropped vlots, ploughed",,,,,,
RFW3,1958,cropped plots,15/10/1958,,seed sown at 3 bushels per acre,,,,,,
RFW3,1958,cropped plots,05/09/1958,,combine harvested,,,,,,
RFW3,1958, fallowed plots,02/09/1957,,ploughed,,,,,,
RFW3,1959, cropped plots,21/10/1958,,ploughed,,,,,,
RFW3,1959, cropped plots,21/11/1959,,seed sown at 3 bushels per acre,,,,,,
RFW3,1959, cropped plots,20/08/1959,,combine harvested,,,,,,
RFW3,1959, fallowed plots,21/10/1958,,ploughed,,,,,,
RFW3,1959, fallowed plots,02/06/1959,,ploughed,,,,,,
RFW3,1960, cropped plots,12/09/1959,,ploughed,,,,,,
RFW3,1960, cropped plots,19/10/1960,,seed sown et 3 bushels per acre,,,,,,
RFW3,1960, cropped plots,43-Aug-1960,,combine harvested,,,,,,
RFW3,1960, fallowed plots,11/09/1960,,ploughed twice,,,,,,
RFW3,1960, fallowed plots,12/09/1959,,ploughed twice,,,,,,
RFW3,1961, cropped plots,21-Sept-1560,,ploughed,,,,,,
RFW3,1961, cropped plots,17/01/1961,,seed sown at 3 bushels per acre,,,,,,
RFW3,1961, cropped plots,01/09/1961,,combine harvested,,,,,,
RFW3,1961, cropped plots,21/09/1960,,"variety: Squareheads Master 13/4. fallowed ts, ploughed three times",,,,,,
RFW3,1961, cropped plots,14/06/1961,,"variety: Squareheads Master 13/4. fallowed ts, ploughed three times",,,,,,
RFW3,1961, cropped plots,18/07/1961,,19645,,,,,,
RFW3,1962, cropped plots,15/09/1961,,ploughed,,,,,,
RFW3,1962, cropped plots,01/11/1962,,seed sown at 3 bushels per acre,,,,,,
RFW3,1962, cropped plots,15/09/1962,,combine harvested,,,,,,
RFW3,1962, fallowed plots,15/09/1961,,ploughed three times,,,,,,
RFW3,1962, fallowed plots,17/05/1962,,ploughed three times,,,,,,
RFW3,1962, fallowed plots,T-July-1962,,ploughed three times,,,,,,
RFW3,1963, cropped plots,24/10/1962,,ploughed,,,,,,
RFW3,1963, cropped plots,23/11/1963,,seed drilled at 3 bushels per acre,,,,,,
RFW3,1963, cropped plots,10/09/1963,,combine harvested,,,,,,
RFW3,1963, cropped plots,24/10/1962,,fallowed per. ploughed three times,,,,,,
RFW3,1963, cropped plots,31/05/1963,,fallowed per. ploughed three times,,,,,,
RFW3,1964, cropped plots,24/09/1963,,ploughed,,,,,,
RFW3,1964, cropped plots,16/10/1964,,seed drilled at 3 bushels,,,,,,
RFW3,1964, cropped plots,28-Aug-196k,,combine harvested,,,,,,
RFW3,1964, fallowed plots,24/09/1963,,ploughed 3 times,,,,,,
RFW3,1964, fallowed plots,30/05/1964,,ploughed 3 times,,,,,,
RFW3,1964, fallowed plots,27/07/1964,,ploughed 3 times,,,,,,
RFW3,1965, cropped plots,17/09/1964,,ploughed,,,,,,
RFW3,1965, cropped plots,26/10/1965,,seed drilled at 190 lb,,,,,,
RFW3,1965, fallowed plots,17-Sept-198,,ploughed 3 times,,,,,,
RFW3,1965, fallowed plots,19/07/1965,,ploughed 3 times,,,,,,
RFW3,1966, cropped plots,14/10/1965,,ploughed,,,,,,
RFW3,1966, cropped plots,05/11/1966,,seed drilled at 190 lb,,,,,,
RFW3,1966, cropped plots,02/05/1966,,"sections A3, Ah rotary cultivated and redrilled with Kloka spring wheat at 230 lb",,,,,,
RFW3,1966, cropped plots,16/05/1966,,Winter wheat sprayed with ioxynil/mecoprop Actril C at 6 pints in hO gals),,,,,,
RFW3,1966, cropped plots,16/06/1966,,"spring wheat sprayed with MCPA at 1.5 lb a.e, in lO gals",,,,,,
RFW3,1966, cropped plots,03/09/1966,,Winter wheat combine harvested,,,,,,
RFW3,1966, fallowed plots,1h-Oct-1965,,ploughed 3 times,,,,,,
RFW3,1966, fallowed plots,23/05/1966,,ploughed 3 times,,,,,,
RFW3,1967, cropped plots,13/09/1966,,ploughed,,,,,,
RFW3,1967, cropped plots,28/10/1967,,seed drilled at 180 lb,,,,,,
RFW3,1967, cropped plots,09/05/1967,,sprayed with ioxynil/mecoprop Actril C at 6 pints in 20 gals),,,,,,
RFW3,1967, fallow plots,13/09/1966,,ploughed 3 times,,,,,,
RFW3,1967, fallow plots,03/04/1967,,ploughed 3 times,,,,,,
RFW3,1967, fallow plots,05/07/1967,,and,,,,,,
RFW3,1968,cropped plots,05/09/1967,,ploughed,,,,,,
RFW3,1968,cropped plots,19/10/1968,,seed drilled at 180 lb,,,,,,
RFW3,1968,cropped plots,14/05/1968,,"sprayed with ioxynil at 9 oz, mecoprop at 27 oz in 20 gals",,,,,,
RFW3,1968,cropped plots,26/08/1968,,combine harvested,,,,,,
RFW3,1968,fallow plots,05/09/1967,,ploughed 3 times,,,,,,
RFW3,1968,fallow plots,27/05/1968,,ploughed 3 times,,,,,,
RFW3,1968,fallow plots,05/08/1968,,and,,,,,,
RFW3,1969,cropped plots,06/09/1968,,ploughed,,,,,,
RFW3,1969,cropped plots,16/10/1969,,seed drilled at 180 lb,,,,,,
RFW3,1969,cropped plots,13/05/1969,,"sprayed with ioxynil at 9 oz, mecoprop at 27 oz in 20 gals",,,,,,
RFW3,1969,cropped plots,29/08/1969,,combine harvested,,,,,,
RFW3,1969,fallow plots,06/09/1968,,ploughed 3 times,,,,,,
RFW3,1969,fallow plots,13/05/1969,,ploughed 3 times,,,,,,
RFW3,1969,fallow plots,08/07/1969,,ploughed 3 times,,,,,,
RFW3,1970,cropped plots,22/09/1969,,ploughed,,,,,,
RFW3,1970,cropped plots,14/12/1970,,rotary cultivated,,,,,,
RFW3,1970,cropped plots,15/10/1970,,seed drilled at 180 lb,,,,,,
RFW3,1970,cropped plots,14/05/1970,,"sprayed with ioxynil at 7,5 oz, mecoprop at 22.5 oz in 20 gals",,,,,,
RFW3,1970,cropped plots,26/08/1970,,combine harvested,,,,,,
RFW3,1970,fallow plots,14/10/1969,,Plot 07 (2nd ear fallow) rotary cultivated,,,,,,
RFW3,1970,fallow plots,22/09/1969,,ploughed (sll fallow plots) 3 times,,,,,,
RFW3,1970,fallow plots,21/05/1970,,ploughed (sll fallow plots) 3 times,,,,,,
RFW3,1970,fallow plots,09/07/1970,,ploughed (sll fallow plots) 3 times,,,,,,
RFW3,1971,cropped plots,09/10/1971,,"ploughed lh Sept, seed drilled at 202 kg",,,,,,
RFW3,1971,cropped plots,15/04/1971,,"sprayed with ioxynil at 0.63 kg, mecoprop at 1.9 kg in 225 1",,,,,,
RFW3,1971,cropped plots,27/08/1971,,combine harvested,,,,,,
RFW3,1971,fallow plots,19/04/1971,,"ploughed 3 times LÀ Sept,",,,,,,
RFW3,1971,fallow plots,08/07/1971,,"ploughed 3 times LÀ Sept,",,,,,,
RFW3,1972,fallow plots,04/10/1971,,ploughed 3 times,,,,,,
RFW3,1972,fallow plots,11/05/1972,,ploughed 3 times,,,,,,
RFW3,1972,fallow plots,11/07/1972,,ploughed 3 times,,,,,,
RFW3,1973,fallow plots,1l-Sept-1972,,ploughed 3 times,,,,,,
RFW3,1973,fallow plots,17-May-1°73,,ploughed 3 times,,,,,,
RFW3,1973,fallow plots,06/07/1973,,and,,,,,,
RFW3,1974,wheat plots,03/10/1973,,ploughed,,,,,,
RFW3,1974,wheat plots,18/10/1974,,"disced, seed sown",,,,,,
RFW3,1974,wheat plots,18-Apr-197,,weedkiller applied,,,,,,
RFW3,1974,wheat plots,29/08/1974,,combine harvested,,,,,,
RFW3,1974,fallow plots,03/10/1973,,ploughed,,,,,,
RFW3,1974,fallow plots,07/05/1974,,ploughed,,,,,,
RFW3,1974,fallow plots,22/07/1974,,ploughed,,,,,,
RFW3,1974,fallow plots,08/03/1974,,spring-tine cultivated,,,,,,
RFW3,1974,fallow plots,11/04/1974,,spring-tine cultivated,,,,,,
RFW3,1974,fallow plots,10/07/1974,,spring-tine cultivated,,,,,,
RFW3,1974,fallow plots,08/08/1974,,spring-tine cultivated,,,,,,
RFW3,1975,wheat plots,28/10/1974,,ploughed,,,,,,
RFW3,1975,wheat plots,12/05/1975,,power harrowed,,,,,,
RFW3,1975,wheat plots,12/05/1975,,seed sown,,,,,,
RFW3,1975,wheat plots,12/05/1975,,harroved in Nov,,,,,,
RFW3,1975,wheat plots,12/05/1975,,weedkiller applied,,,,,,
RFW3,1975,wheat plots,13/08/1975,,combine harvested,,,,,,
RFW3,1975,fallow plots,28/10/1974,,ploughed,,,,,,
RFW3,1975,fallow plots,16/05/1975,,ploughed,,,,,,
RFW3,1975,fallow plots,15/07/1975,,ploughed,,,,,,
RFW3,1975,fallow plots,27/05/1975,,spring-tine cultivated,,,,,,
RFW3,1976,wheat plots,11/10/1975,,ploughed,,,,,,
RFW3,1976,wheat plots,15/10/1976,,rotary harrowed,,,,,,
RFW3,1976,wheat plots,17/10/1976,,seed sown,,,,,,
RFW3,1976,wheat plots,29/04/1976,,weedkiller applied,,,,,,
RFW3,1976,wheat plots,29/07/1976,,combine harvested,,,,,,
RFW3,1976,fallow plots,11/10/1975,,ploughed,,,,,,
RFW3,1976,fallow plots,02/06/1976,,ploughed,,,,,,
RFW3,1976,fallow plots,08/07/1976,,ploughed,,,,,,
RWF3,1976,fallow plots,21/04/1976,,heavy spring-tine cultivated,,,,,,
RWF3,1976,fallow plots,11/06/1976,,heavy spring-tine cultivated,,,,,,
RWF3,1976,fallow plots,22/03/1976,,spring-tine cultivated,,,,,,
RWF3,1977,wheat plots,01/10/1976,,ploughed,,,,,,
RWF3,1977,wheat plots,2l-Nov-1977,,rotary harrowed,,,,,,
RWF3,1977,wheat plots,2l-Nov-1977,,seed sown,,,,,,
RWF3,1977,wheat plots,15/07/1977,,weedkiller applied,,,,,,
RWF3,1977,wheat plots,24/05/1977,,insecticide applied,,,,,,
RWF3,1977,wheat plots,08/09/1977,,combine harvested,,,,,,
RWF3,1977,fallow plots,01/10/1976,,ploughed,,,,,,
RWF3,1977,fallow plots,18/05/1977,,ploughed,,,,,,
RWF3,1977,fallow plots,20/07/1977,,ploughed,,,,,,
RWF3,1977,fallow plots,11/08/1977,,spring-tine cultivated,,,,,,
RWF3,1978,wheat plots,28/09/1977,,ploughed,,,,,,
RWF3,1978,wheat plots,19/10/1978,,rotary harrowed,,,,,,
RWF3,1978,wheat plots,19/10/1978,,seed sown,,,,,,
RWF3,1978,wheat plots,18/05/1978,,weedkiller applied,,,,,,
RWF3,1978,wheat plots,30/08/1978,,combine harvested,,,,,,
RWF3,1978,fallow plots,28/09/1977,,ploughed,,,,,,
RWF3,1978,fallow plots,25/05/1978,,ploughed,,,,,,
RWF3,1978,fallow plots,15/06/1978,,rolled,,,,,,
RWF3,1978,fallow plots,15/06/1978,,heavy spring-tine cultivated,,,,,,
RWF3,1978,fallow plots,26/06/1978,,spring-tine cultivated,,,,,,
RWF3,1978,fallow plots,05/07/1978,,ploughed,,,,,,
RWF3,1978,fallow plots,12/07/1978,,rolled,,,,,,
RWF3,1978,fallow plots,12/07/1978,,spring-tine cultivated,,,,,,
RWF3,1979,wheat plots,09/10/1978,,ploughed,,,,,,
RWF3,1979,wheat plots,10/10/1979,,rotary harrowed,,,,,,
RWF3,1979,wheat plots,11/10/1979,,seed sown,,,,,,
RWF3,1979,wheat plots,09/05/1979,,weedkiller applied,,,,,,
RWF3,1979,wheat plots,28/08/1979,,combine harvested,,,,,,
RWF3,1979,fallow plots,09/10/1978,,ploughed,,,,,,
RWF3,1979,fallow plots,01/05/1979,,spring-tine cultivated,,,,,,
RWF3,1979,fallow plots,24/05/1979,,ploughed,,,,,,
RWF3,1979,fallow plots,14/06/1979,,heavy spring-tine cultivated,,,,,,
RWF3,1979,fallow plots,11/07/1979,,ploughed,,,,,,
RWF3,1979,fallow plots,31/07/1979,,heavy spring-tine cultivated,,,,,,
RWF3,1980,wheat plots,11/10/1979,,ploughed,,,,,,
RWF3,1980,wheat plots,16/10/1980,,rotary harrowed,,,,,,
RWF3,1980,wheat plots,16/10/1980,,seed sown,,,,,,
RWF3,1980,wheat plots,16/04/1980,,weedkiller applied,,,,,,
RWF3,1980,wheat plots,24/06/1980,,insecticide applied,,,,,,
RWF3,1980,wheat plots,21/08/1980,,combine harvested,,,,,,
RWF3,1980,fallow plots,11/10/1979,,ploughed,,,,,,
RWF3,1980,fallow plots,21/04/1980,,heavy spring-tine cultivated,,,,,,
RWF3,1980,fallow plots,09/05/1980,,ploughed,,,,,,
RWF3,1980,fallow plots,16/06/1980,,ploughed,,,,,,
RWF3,1980,fallow plots,22/05/1980,,spring-tine cultivated,,,,,,
RWF3,1980,fallow plots,19/06/1980,,spring-tine cultivated,,,,,,
RWF3,1980,fallow plots,01/08/1980,,rotary harrowed,,,,,,
RWF3,1981,wheat plots,01/10/1980,,ploughed,,,,,,
RWF3,1981,wheat plots,01/10/1980,,rotary harrowed,,,,,,
RWF3,1981,wheat plots,01/10/1980,,seed sown,,,,,,
RWF3,1981,wheat plots,19/08/1981,,combine harvested,,,,,,
RWF3,1981,fallow plots,01/10/1980,,ploughed,,,,,,
RWF3,1981,fallow plots,17/06/1981,,ploughed,,,,,,
RWF3,1981,fallow plots,16/07/1981,,ploughed,,,,,,
RWF3,1981,fallow plots,18/04/1981,,heavy spring-tine cultivated,,,,,,
RWF3,1981,fallow plots,18/04/1981,,spring-tine cultivated,,,,,,
RWF3,1981,fallow plots,15/05/1981,,rotary harrowed,,,,,,
RWF3,1981,fallow plots,19/06/1981,,heavy spring-tine cultivated,,,,,,
RWF3,1981,fallow plots,01/07/1981,,spring-tine cultivated,,,,,,
RWF3,1981,fallow plots,20/07/1981,,spring-tine cultivated,,,,,,
RWF3,1981,fallow plots,11/08/1981,,spring-tine cultivated,,,,,,
RWF3,1982,wheat plots,29/09/1981,,ploughed,,,,,,
RWF3,1982,wheat plots,15/10/1982,,rotary harrowed,,,,,,
RWF3,1982,wheat plots,16/10/1982,,seed sown,,,,,,
RWF3,1982,wheat plots,20/08/1982,,combine harvested,,,,,,
RWF3,1982,fallow plots,29/09/1981,,ploughed,,,,,,
RWF3,1982,fallow plots,15/04/1982,,spring-tine cultivated,,,,,,
RWF3,1982,fallow plots,04/05/1982,,ploughed,,,,,,
RWF3,1982,fallow plots,12/05/1982,,spring-tine cultivated,,,,,,
RWF3,1982,fallow plots,17/06/1982,,ploughed,,,,,,
RWF3,1982,fallow plots,30/06/1982,,spring-tine cultivated,,,,,,
RWF3,1982,fallow plots,29/07/1982,,rotary harrowed,,,,,,
RWF3,1983,wheat plots,07/09/1982,,wheat plot ploughed,,,,,,
RWF3,1983,wheat plots,29/10/1983,,spring-tine cultivated,,,,,,
RWF3,1983,wheat plots,18/01/1983,,heavy spring-tine cultivated,,,,,,
RWF3,1983,wheat plots,18/01/1983,,spring-tine cultivated,,,,,,
RWF3,1983,wheat plots,18/01/1983,,rotary harrowed,,,,,,
RWF3,1983,wheat plots,18/01/1983,,seed sown,,,,,,
RWF3,1983,wheat plots,16/04/1983,,weedkiller applied,,,,,,
RWF3,1983,wheat plots,10/08/1983,,combine harvested,,,,,,
RWF3,1983,fallow plots,07/09/1982,,fallow plot ploughed,,,,,,
RWF3,1983,fallow plots,25/05/1983,,heavy spring-tine cultivated,,,,,,
RWF3,1983,fallow plots,16/06/1983,,ploughed,,,,,,
RWF3,1983,fallow plots,23/06/1983,,spring-tine cultivated,,,,,,
RWF3,1983,fallow plots,14/07/1983,,ploughed,,,,,,
RWF3,1983,fallow plots,21/07/1983,,spring-tine cultivated,,,,,,
RWF3,1984,wheat plots,12/09/1983,,wheat plot ploughed,,,,,,
RWF3,1984,wheat plots,06/10/1984,,spring-tine cultivated,,,,,,
RWF3,1984,wheat plots,07/10/1984,,"rotary harrowed, seed sown",,,,,,
RWF3,1984,wheat plots,01/12/1984,,chlortoluron applied,,,,,,
RWF3,1984,wheat plots,17/04/1984,,"6-dichloropicolinic acid, bromoxynil, mecoprop applied",,,,,,
RWF3,1984,wheat plots,28/06/1984,,insecticide applied,,,,,,
RWF3,1984,wheat plots,14/08/1984,,combine harvested,,,,,,
RWF3,1984,fallow plots,12/09/1983,,fallow plot ploughed,,,,,,
RWF3,1984,fallow plots,06/10/1984,,spring-tine cultivated,,,,,,
RWF3,1984,fallow plots,27/04/1984,,heavy spring-tine cultivated,,,,,,
RWF3,1984,fallow plots,02/05/1984,,ploughed,,,,,,
RWF3,1984,fallow plots,08/05/1984,,rolled,,,,,,
RWF3,1984,fallow plots,08/05/1984,,heavy spring-tine cultivated,,,,,,
RWF3,1984,fallow plots,18/06/1984,,ploughed,,,,,,
RWF3,1984,fallow plots,25/06/1984,,rolled,,,,,,
RWF3,1984,fallow plots,25/06/1984,,spring-tine cultivated,,,,,,
RWF3,1985,wheat plots,01/10/1984,,wheat plot ploughed,,,,,,
RWF3,1985,wheat plots,01/11/1985,,seed sown,,,,,,
RWF3,1985,wheat plots,01/11/1985,,seed sown,,,,,,
RWF3,1985,wheat plots,10/06/1985,,weedkiller applied,,,,,,
RWF3,1985,wheat plots,06/09/1985,,combine harvested,,,,,,
RWF3,1985,fallow plots,01/10/1984,,fallow plot ploughed,,,,,,
RWF3,1985,fallow plots,02/05/1985,,fallow plot ploughed,,,,,,
RWF3,1985,fallow plots,07/05/1985,,rolled,,,,,,
RWF3,1985,fallow plots,16/05/1985,,spring-tine cultivated,,,,,,
RWF3,1985,fallow plots,14/06/1985,,spring-tine cultivated,,,,,,
RWF3,1985,fallow plots,15/07/1985,,ploughed,,,,,,
RWF3,1985,fallow plots,02/08/1985,,spring-tine cultivated,,,,,,
RWF3,1986,wheat plots,01/10/1985,,wheat plot paraquat applied,,,,,,
RWF3,1986,wheat plots,08/10/1986,,spring-tine cultivated,,,,,,
RWF3,1986,wheat plots,08/10/1986,,seed sown,,,,,,
RWF3,1986,wheat plots,29/04/1986,,remaining weedkiller applied with the Fungicide,,,,,,
RWF3,1986,wheat plots,02/09/1986,,combine harvested,,,,,,
RWF3,1986,fallow plots,07/10/1985,,fallow plot ploughed,,,,,,
RWF3,1986,fallow plots,28/04/1986,,spring-tine cultivated,,,,,,
RWF3,1986,fallow plots,13/05/1986,,spring-tine cultivated,,,,,,
RWF3,1986,fallow plots,06/06/1986,,spring-tine cultivated,,,,,,
RWF3,1986,fallow plots,19/06/1986,,spring-tine cultivated,,,,,,
RWF3,1986,fallow plots,28/07/1986,,spring-tine cultivated,,,,,,
RWF3,1986,fallow plots,07/07/1986,,cultivated with thistle bar,,,,,,
RWF3,1986,fallow plots,22/08/1986,,cultivated with thistle bar,,,,,,
RWF3,1987,wheat plots,11/10/1986,,rotary harrowed,,,,,,
RWF3,1987,wheat plots,11/10/1986,,seed sown,,,,,,
RWF3,1987,wheat plots,01/09/1987,,combine harvested,,,,,,
RWF3,1987,fallow plots,10/10/1986,,fallow plot ploughed,,,,,,
RWF3,1987,fallow plots,27/04/1987,,rotary harrowed,,,,,,
RWF3,1987,fallow plots,28/04/1987,,Deep-tine cultivated,,,,,,
RWF3,1987,fallow plots,22/06/1987,,heavy spring-tine cultivated,,,,,,
RWF3,1987,fallow plots,30/06/1987,,heavy spring-tine cultivated,,,,,,
RWF3,1987,fallow plots,19/08/1987,,cultivated by rotary grubber,,,,,,
RWF3,1988,wheat plots,06/11/1987,,rotary harrowed,,,,,,
RWF3,1988,wheat plots,06/11/1987,,seed sown,,,,,,
RWF3,1988,wheat plots,06/09/1988,,combine harvested,,,,,,
RWF3,1988,fallow plots,14/12/1987,,fallow plot ploughed,,,,,,
RWF3,1988,fallow plots,29/04/1988,,heavy spring-tine cultivated,,,,,,
RWF3,1988,fallow plots,16/05/1988,,cultivated by rotary grubber,,,,,,
RWF3,1988,fallow plots,13/06/1988,,cultivated by rotary grubber,,,,,,
RWF3,1989,wheat plots,27/10/1988,,wheat plot Heavy spring cultivated,,,,,,
RWF3,1989,wheat plots,28/10/1989,,seed sown,,,,,,
RWF3,1989,wheat plots,09/08/1989,,combine harvested,,,,,,
RWF3,1989,fallow plots,12/12/1988,,fallow plot ploughed,,,,,,
RWF3,1989,fallow plots,08/05/1989,,rotary cultivated,,,,,,
RWF3,1989,fallow plots,31/07/1989,,cultivated with thistle bar,,,,,,
RWF3,1990,wheat plots,12/10/1989,,heavy spring-tine cultivated,,,,,,
RWF3,1990,wheat plots,12/10/1989,,rotary harrowed,,,,,,
RWF3,1990,wheat plots,12/10/1989,,seed sown,,,,,,
RWF3,1990,wheat plots,09/08/1990,,combine harvested,,,,,,
RWF3,1990,fallow plots,08/12/1989,,fallow plot ploughed,,,,,,
RWF3,1990,fallow plots,23/04/1990,,heavy spring-tine cultivated,,,,,,
RWF3,1990,fallow plots,15/06/1990,,cultivated by rotary grubber,,,,,,
RWF3,1990,fallow plots,17/07/1990,,cultivated with thistle bar,,,,,,
RWF3,1991,wheat plots,17/10/1990,,rotary harrowed twice,,,,,,
RWF3,1991,wheat plots,17/10/1990,,seed sown,,,,,,
RWF3,1991,wheat plots,25/08/1991,,combine harvested,,,,,,
RWF3,1991,fallow plots,24-Sept-1390,,"Deep tine cultivated with vibrating tines 60 cm apart, 45 cm deep",,,,,,
RWF3,1991,fallow plots,04/10/1991,,"ploughed, furrow pressed",,,,,,
RWF3,1991,fallow plots,25/04/1991,,heavy spring-tine cultivated,,,,,,
RWF3,1991,fallow plots,14/06/1991,,spring-tine cultivated,,,,,,
RWF3,1991,fallow plots,08/07/1991,,heavy spring-tine cultivated,,,,,,
RWF3,1992,,,,wheat plot:,,,,,,
RWF3,1992,wheat plots,15/10/1991,,rotary harrowed twice,,,,,,
RWF3,1992,wheat plots,15/10/1991,,"Apollo, dressed Fonofos seed Treatment, drilled at 200 kg.",,,,,,
RWF3,1992,wheat plots,17/10/1991,,rolled,,,,,,
RWF3,1992,wheat plots,30/07/1992,,combine harvested,,,,,,
RWF3,1992,fallow plots,20/09/1991,,ploughed,,,,,,
RWF3,1992,fallow plots,20/09/1991,,spring-tine cultivated,,,,,,
RWF3,1992,fallow plots,20/09/1991,,rolled,,,,,,
RWF3,1992,fallow plots,15/01/1992,,Chisel ploughed.,,,,,,
RWF3,1992,fallow plots,18/05/1992,,heavy spring-tine cultivated,,,,,,
RWF3,1992,fallow plots,25/06/1992,,cultivated by rotary grubber,,,,,,
RWF3,1993,,,,wheat plot:,,,,,,
RWF3,1993,wheat plots,14/10/1992,,ploughed,,,,,,
RWF3,1993,wheat plots,19/10/1992,,rotary harrowed twice,,,,,,
RWF3,1993,wheat plots,19/10/1992,,"Apollo, dressed Fonofos seed Treatment, drilled at 380 seods per square metre.",,,,,,
RWF3,1993,wheat plots,17/08/1993,,combine harvested,,,,,,
RWF3,1993,fallow plots,05/10/1992,,ploughed,,,,,,
RWF3,1993,fallow plots,26/05/1993,,cultivated by rotary grubber,,,,,,
RWF3,1993,fallow plots,24/06/1993,,cultivated by rotary grubber,,,,,,
RWF3,1994,,,,wheat plot:,,,,,,
RWF3,1994,wheat plots,20/10/1993,,ploughed,,,,,,
RWF3,1994,wheat plots,28/10/1993,,spring-tine cultivated,,,,,,
RWF3,1994,wheat plots,28/10/1993,,rotary harrowed,,,,,,
RWF3,1994,wheat plots,28/10/1993,,"Apollo, dressed Fonofos seed Treatment, drilled at 380 seed per m'.",,,,,,
RWF3,1994,wheat plots,09/05/1994,,ally at 30 g with Cheetah per at 3.0 1 and Starane 2 at 0.75 1 in 200 1.,,,,,,
RWF3,1994,wheat plots,09/05/1994,,Halo at 2.0 1 with new 5C Cycocel at 2.5 1 in 200 1.,,,,,,
RWF3,1994,wheat plots,13/06/1994,,Halo at 2.0 1 with Mallard 750 EC at 0.5 1 in 200 1.,,,,,,
RWF3,1994,wheat plots,17/06/1994,,Hostathion at 840 ml in 200 1.,,,,,,
RWF3,1994,wheat plots,22/08/1994,,combine harvested,,,,,,
RWF3,1994,fallow plots,20/10/1993,,ploughed,,,,,,
RWF3,1994,fallow plots,16/06/1994,,cultivated by rotary grubber,,,,,,
RWF3,1994,fallow plots,08/07/1994,,cultivated by rotary grubber,,,,,,
RWF3,1995,,,,wheat plot:,,,,,,
RWF3,1995,wheat plots,06/10/1994,,Roundup at 4.0 l in 200 l,,,,,,
RWF3,1995,wheat plots,16/11/1994,,spring-tine cultivated,,,,,,
RWF3,1995,wheat plots,17/11/1994,,rotary harrowed,,,,,,
RWF3,1995,wheat plots,17/11/1994,,"Apollo, dressed new Kotol, drilled at 380 seed per m.",,,,,,
RWF3,1995,wheat plots,16/06/1995,,Halo at 2.0 1 with Patrol at 0.5 1 in 300 1.,,,,,,
RWF3,1995,wheat plots,29/06/1995,,primicarb 50 DG at 280 g in 200 1.,,,,,,
RWF3,1995,wheat plots,06/08/1995,,combine harvested. fallow plot:,,,,,,
RWF3,1995,fallow plots,06/10/1994,,Roundup at 4.0 l in 200 l,,,,,,
RWF3,1995,fallow plots,14/10/1994,,ploughed,,,,,,
RWF3,1995,fallow plots,31/05/1995,,heavy spring-tine cultivated,,,,,,
RWF3,1995,fallow plots,09/06/1995,,cultivated by rotary grubber,,,,,,
RWF3,1995,fallow plots,17/07/1995,,spring-tine cultivated,,,,,,
RWF3,1996,,,,wheat plot:,,,,,,
RWF3,1996,wheat plots,29/09/1995,,rotary harrowed,,,,,,
RWF3,1996,wheat plots,29/09/1995,,"Edward, dressed Fonofos seed Treatment, drilled at 380 seed per nm’.",,,,,,
RWF3,1996,wheat plots,26/04/1996,,ally at 30 g with Cheetah per at 1.25 1 in 200 1.,,,,,,
RWF3,1996,wheat plots,06/06/1996,,Monicle at 1.0 1 in 320 1.,,,,,,
RWF3,1996,wheat plots,16/08/1996,,combine harvested. fallow plot:,,,,,,
RWF3,1996,fallow plots,11/08/1995,,straw baled,,,,,,
RWF3,1996,fallow plots,25/09/1995,,ploughed and furrow pressed. :,,,,,,
RWF3,1996,fallow plots,30/04/1996,,heavy spring-tine cultivated,,,,,,
RWF3,1996,fallow plots,17/07/1996,,shallow cultivated with thistle-bar.,,,,,,
RWF3,1997,,,,wheat plot:,,,,,,
RWF3,1997,wheat plots,05/10/1996,,ploughed,,,,,,
RWF3,1997,wheat plots,16/10/1996,,heavy spring-tine cultivated,,,,,,
RWF3,1997,wheat plots,16/10/1996,,spring-tine cultivated,,,,,,
RWF3,1997,wheat plots,16/10/1996,,"Edward, dressed beet Gold and Fonofos seed Treatment, drilled at 380 seed per m*.",,,,,,
RWF3,1997,wheat plots,17/03/1997,,Topik at 1.25 1 with Sprayprover at 1.0 1 in 200 1.,,,,,,
RWF3,1997,wheat plots,10/06/1997,,Folicur at 0.5 1 with Mallard 750 EC at 0.3 1 and Winter at 0.5 1 in 300 1.,,,,,,
RWF3,1997,wheat plots,lé-Aug-97,,combine harvested,,,,,,
RWF3,1997,fallow plots,05/10/1996,,ploughed,,,,,,
RWF3,1997,fallow plots,15/04/1997,,heavy spring-tine cultivated,,,,,,
RWF3,1997,fallow plots,08/07/1997,,thistle barred,,,,,,
RWF3,1997,fallow plots,14/08/1997,,thistle barred,,,,,,
RWF3,1997,note,,,A sampled of unground grain and straw was archived.,,,,,,
RWF3,1998,,,,wheat plot:,,,,,,
RWF3,1998,wheat plots,23/10/1997,,ploughed,,,,,,
RWF3,1998,wheat plots,27/10/1997,,"Edward, dressed Anchor and Fonofos seed Treatment, drilled at 380 seed per m.",,,,,,
RWF3,1998,wheat plots,08/05/1998,,ally at 20 g with Starane 2 at 0.5 1 in 200 1.,,,,,,
RWF3,1998,wheat plots,09/05/1998,,Opus at 0.7 l in 200 l,,,,,,
RWF3,1998,wheat plots,28/05/1998,,Opus at 0.7 l in 200 l,,,,,,
RWF3,1998,wheat plots,15/06/1998,,Bavistin DF at 0.5 kg with Policur at 0.5 1 in 100 1.,,,,,,
RWF3,1998,wheat plots,16/08/1998,,combine harvested. fallow plot:,,,,,,
RWF3,1998,fallow plots,23/10/1997,,ploughed,,,,,,
RWF3,1998,fallow plots,29/04/1998,,spring-tine cultivated,,,,,,
RWF3,1998,fallow plots,20/05/1998,,thistle barred,,,,,,
RWF3,1998,fallow plots,09/07/1998,,Thistie barred.,,,,,,
RWF3,1998,note,,,A sampled of unground grain and straw was archived.,,,,,,
RWF3,1999,,,,wheat plot:,,,,,,
RWF3,1999,wheat plots,07/10/1998,,ploughed,,,,,,
RWF3,1999,wheat plots,15/10/1998,,spring-tine cultivated,,,,,,
RWF3,1999,wheat plots,15/10/1998,,rotary harrowed,,,,,,
RWF3,1999,wheat plots,15/10/1998,,"Edward tr. Sibutol and Evict, drilled at 380 seed per m'.",,,,,,
RWF3,1999,wheat plots,16/03/1999,,Hawk at 2.0 1 with Panther at 1.25 1 and Cropoil at 1.0 1 in 200 1.,,,,,,
RWF3,1999,wheat plots,01/05/1999,,Opus at 0.7 l in 200 l,,,,,,
RWF3,1999,wheat plots,01/06/1999,,Folicur at 1.0 1 with Sipcam UK Rover 500 at 1.0 1 in 100 1.,,,,,,
RWF3,1999,wheat plots,25/06/1999,,Folicur at 0.25 1 in 100 1.,,,,,,
RWF3,1999,wheat plots,29/07/1999,,Roundup Biactive at 4.0 1 in 200 1.,,,,,,
RWF3,1999,wheat plots,06/08/1999,,combine harvested,,,,,,
RWF3,1999,fallow plots,06/04/1999,,spring-tine cultivated,,,,,,
RWF3,2000,,,,wheat plot:,,,,,,
RWF3,2000,wheat plots,12/09/1999,,ploughed,,,,,,
RWF3,2000,wheat plots,04/10/1999,,flexitined,,,,,,
RWF3,2000,wheat plots,05/10/1999,,rotary harrowed,,,,,,
RWF3,2000,wheat plots,05/10/1999,,"Edward, tr. Sibutol, drilled at 380 seed' with the Accord drill.",,,,,,
RWF3,2000,wheat plots,16/03/2000,,Hawk at 2.5 1 with Tolkan Turbo at 2.0 1 and Cropoil at 1.0 1 in 200 1.,,,,,,
RWF3,2000,wheat plots,09/05/2000,,Opus at 0.7 1 in 100 1. :,,,,,,
RWF3,2000,wheat plots,24/05/2000,,mustard at 0.8 1 with Folicur at 0.75 1 in 100 1.,,,,,,
RWF3,2000,wheat plots,17/07/2000,,hand rogued wild oats.,,,,,,
RWF3,2000,wheat plots,12/08/2000,,combine harvested,,,,,,
RWF3,2000,fallow plots,16/03/2000,,spring-tine cultivated,,,,,,
RWF3,2000,fallow plots,06/06/2000,,thistle barred,,,,,,
RWF3,2000,fallow plots,29/06/2000,,spring-tine cultivated,,,,,,
RWF3,2001,,20/10/2000,,ploughed,,,,,,
RWF3,2001,,26/10/2000,,flexitined,,,,,,
RWF3,2001,,2l-Jan-01,,ploughed,,,,,,
RWF3,2001,wheat plots,02/04/2001,,Combination drilled,,,,,,
RWF3,2001,wheat plots,02/04/2001,,"Axona, tr. Sibutol, at 350 seed^ with the Accord drill.",,,,,,
RWF3,2001,,15/05/2001,,: tm)Ally at 20 g in 100 l,, ,,,,
RWF3,2001,,15/05/2001,,Starane 2 at 0.5 1l in 100,,,,,,
RWF3,2001,,22/05/2001,,: Touchdown at 3.0 1 in 200 1.,,,,,,
RWF3,2001,,13/06/2001,,: Folicur at 0.7 1 in 100 1.,,,,,,
RWF3,2001,,26/07/2001,,rotary harrowed,,,,,,
RWF3,2001,,20/08/2001,,: Azural at 4.0 1 in 200 1.,,,,,,
RWF3,2001,wheat plots,07/09/2001,,": combine harvested plot for yield, and discard.,, RWF3,2001,wheat plots,07-Sep-01,,sampled, baaled and weighed straw,, RWF3,2001,wheat plots,07-Sep-01,,carted straw.,, RWF3,2001,wheat plots,ll-Sep-01,,baled straw,, RWF3,2001,note,,,Poor weather prevented drilling of Winter wheat; spring wheat was sown instead. . Unground grain and straw was archived.",,,,,,
RWF3,2002,fallow plots,04/10/2001,,: ploughed plot to be fallowed.,,,,,,
RWF3,2002,wheat plots,12/10/2001,,: ploughed plot to be wheat.,,,,,,
RWF3,2002,wheat plots,13/10/2001,,". Combination drilled, Edward, tr. Sibutol, at 350 seed? with the Accord 1 drill.",,,,,,
RWF3,2002,,11/12/2001,,: tm)Hawk at 2.0 1 in 200 1.,,,,,,
RWF3,2002,,11/12/2001,,Tolkan liquid at 1.0 1 in 200 1,,,,,,
RWF3,2002,,11/12/2001,,Phase II at 1.0 1 in 200 1.,,,,,,
RWF3,2002,,04/04/2002,,Opus at 0.4 1 in 100 1,,,,,,
RWF3,2002,,04/04/2002,,Twist at 0.6 1 in 100 1,,,,,,
RWF3,2002,,04/04/2002,,BASF 3C Chlormequat 720 at 1.25 1 in 100 1,,,,,,
RWF3,2002,,04/04/2002,,Moddus at 0.2 1 in 100 1.,,,,,,
RWF3,2002,,10/04/2002,,flexitined,,,,,,
RWF3,2002,,31/05/2002,,Opus at 0.5 l in 200 l,,,,,,
RWF3,2002,,31/05/2002,,Twist at 0.8 1 in 200 1.,,,,,,
RWF3,2002,,27/06/2002,,rotary harrowed,,,,,,
RWF3,2002,,04/07/2002,,: Rogued wild oats.,,,,,,
RWF3,2002,,29/07/2002,,: Rothamsted.,,,,,,
RWF3,2002,,13/08/2002,,"combine harvested, plots for yield.",,,,,,
RWF3,2002,,13/08/2002,,"carted straw. sampled, baled and weighed straw.",,,,,,
RWF3,2002,,24/08/2002,,: carted barley.,,,,,,
RWF3,2002,note,,,Unground grain and straw was archived.,,,,,,
RWF3,2003,,03/10/2002,,": Chalk applied at 8000 kg/ha, to Western 52m.",,,,,,
RWF3,2003,,03/10/2002,,": ploughed, 25 cm wide furrows.",,,,,,
RWF3,2003,,05/10/2002,,rolled,,,,,,
RWF3,2003,,07/10/2002,,": Combination drilled, Edward, tr. Sibutol, at 400 seed with the Accord drill.",,,,,,
RWF3,2003,,08/10/2002,,rolled,,,,,,
RWF3,2003,,17/02/2003,,Lexus 50 DF at 20 g in 200 1,,,,,,
RWF3,2003,,17/02/2003,,Stomp 400 SC at 3.0 1 in 200 1.,,,,,,
RWF3,2003,,30/04/2003,,: spring fallow strip,,,,,,
RWF3,2003,,07/05/2003,,Ally at 30 3 in 200 1,,,,,,
RWF3,2003,,07/05/2003,,Starane 2 at 0.75 1 in 200 1.,,,,,,
RWF3,2003,,10/05/2003,,Opus at 0.5 l in 200 l,,,,,,
RWF3,2003,,10/05/2003,,Amistar at 0.6 1l in 200,,,,,,
RWF3,2003,,28/05/2003,,Opus at 0.5 l in 200 l,,,,,,
RWF3,2003,,28/05/2003,,Twist at 1.0 1l in 200 1.,,,,,,
RWF3,2003,fallow plot,09/06/2003,,: rotary harrowed fallow strip.,,,,,,
RWF3,2003,,26/07/2003,,: Touchdown at 4.0 1 in 200 1.,,,,,,
RWF3,2003,,06/08/2003,,"combine harvested, plots for yield.",,,,,,
RWF3,2003,,07/08/2003,,: combine harvested discard.,,,,,,
RWF3,2003,,07/08/2003,,"""sampled"," baled and weighed straw.""",,,,,
RWF3,2003,note,,,,: Unground grain and straw was archived.,,,,,
RWF3,2004,,17/09/2003,,flexitined,,,,,,
RWF3,2004,,26/09/2003,,30 cm wide furrows.,,,,,,
RWF3,2004,,30/09/2003,,"drilled, Edward, tr. Sibutol Secur, at 350 seed with the Accord drill.",,,,,,
RWF3,2004,,30/09/2003,,rolled,,,,,,
RWF3,2004,,16/12/2004,,500at 4 1 in 200 1 to wheat plot,,,,,,
RWF3,2004,,16/12/2004,,Stomp 400 SC at 2.5 1 in 200 1 to wheat plot.,,,,,,
RWF3,2004,,14/04/2004,,at 30 g in 200 1 to fallow plot,,,,,,
RWF3,2004,,14/04/2004,,Oxytril CM at 0.5 1 in 200 1 to fallow plot.,,,,,,
RWF3,2004,,13/05/2004,,at 0.75 l in 200 l to wheat plot.,,,,,,
RWF3,2004,,13/05/2004,,Moddus at 0.15 1 in 200 1 to wheat plot.,,,,,,
RWF3,2004,,07/06/2004,,at 0.75 l in 200 l to wheat plot.,,,,,,
RWF3,2004,,07/06/2004,,Twist at 0.75 l1 in 200 1 to wheat plot.,,,,,,
RWF3,2004,,02/09/2004,,"harvested, plot for yield.",,,,,,
RWF3,2004,,03/09/2004,,and weighed straw,,,,,,
RWF3,2004,,07/09/2004,,harvested discard,,,,,,
RWF3,2004,,07/09/2004,,earthed and barley straw,,,,,,
RWF3,2004,note,,,Unground grain and straw was archived.,,,,,,
RWF3,2005,,29/09/2004,,25 cm wide furrows.,,,,,,
RWF3,2005,,30/09/2004,,cultipressed,,,,,,
RWF3,2005,,05/10/2004,,flexitined,,,,,,
RWF3,2005,,06/10/2004,,"drilled, Edward, tr. Sibutol Secur, at 350 seed with the Accord drill",,,,,,
RWF3,2005,,06/10/2004,,Rolled.,,,,,,
RWF3,2005,,25/11/2004,,at 2.0 1 in 200 1 to wheat plot,,,,,,
RWF3,2005,,25/11/2004,,Alpha IPU 500 at 2.5 1 in 200 1 to wheat plot,,,,,,
RWF3,2005,,25/11/2004,,Nufarm Cropoil at 1.0 1 in 200 L to wheat plot,,,,,,
RWF3,2005,,25/11/2004,,Hallmark with Zeon Technology at 50 ml in 200 L to wheat plot.,,,,,,
RWF3,2005,,07/04/2005,,fallow plot.,,,,,,
RWF3,2005,,29/04/2005,,at 0.75 l in 200 l to wheat plot.,,,,,,
RWF3,2005,,29/04/2005,,Bravo 500 at 1.0 1 in 200 1 to wheat plot,,,,,,
RWF3,2005,,29/04/2005,,Atlas Chlormequat 700 at 2.25 L in 200 L to wheat plot.,,,,,,
RWF3,2005,,03/05/2005,,SX at 30 g in 200 1 to wheat plot.,,,,,,
RWF3,2005,,13/05/2005,,fallow plot.,,,,,,
RWF3,2005,,15/05/2005,,at 0.75 l in 200 l to wheat plot.,,,,,,
RWF3,2005,,15/05/2005,,Bravo 500 at 1.0 1 in 200 1 to wheat plot,,,,,,
RWF3,2005,,15/05/2005,,Starane 2 at 0.5 1 in 200 L to wheat plot.,,,,,,
RWF3,2005,,31/05/2005,,at 0.75 l in 200 l to wheat plot.,,,,,,
RWF3,2005,,31/05/2005,,Amistar Opti at 1.5 1 in 200 1 to wheat plot.,,,,,,
RWF3,2005,,06/06/2005,,harrowed,,,,,,
RWF3,2005,,12/07/2005,,harrowed,,,,,,
RWF3,2005,,16/08/2005,,"harvested, plot for yield.",,,,,,
RWF3,2005,,16/08/2005,,carted straw.,,,,,,
RWF3,2005,,17/08/2005,,and weighed straw,,,,,,
RWF3,2005,note,,,Unground grain and straw was archived.,,,,,,
RWF3,2006,,29/09/2005,,25 cm wide furrows.,,,,,,
RWF3,2006,,04/10/2005,,cultipressed,,,,,,
RWF3,2006,,07/10/2005,,"combination drilled, Edward, tr. Sibutol Secur, at 350 seed with the Accord drill.",,,,,,
RWF3,2006,,07/10/2005,,rolled,,,,,,
RWF3,2006,,17/10/2005,,at 4.0 1 in 200 1 to wheat plot.,,,,,,
RWF3,2006,,05/12/2005,,with Zeon Technology at 50 ml in 200 L to wheat plot.,,,,,,
RWF3,2006,,07/04/2006,,fallow plot.,,,,,,
RWF3,2006,,21/04/2006,,at 0.75 l in 200 l to wheat plot.,,,,,,
RWF3,2006,,21/04/2006,,Bravo 500 at 1.0 1 in 200 1 to wheat plot,,,,,,
RWF3,2006,,21/04/2006,,Flexity at 0.2 L in 200 L to wheat plot.,,,,,,
RWF3,2006,,17/05/2006,,harrowed fallow plot.,,,,,,
RWF3,2006,,21/05/2005,,at 0.75 l in 200 l to wheat plot.,,,,,,
RWF3,2006,,21/05/2005,,Bravo 500 at 1.0 1 in 200 1 to wheat plot,,,,,,
RWF3,2006,,21/05/2005,,Vivid at 0.4 1 in 200 1 to wheat plot,,,,,,
RWF3,2006,,21/05/2005,,Starane 2 at 0.75 1 in 200 1 to wheat plot,,,,,,
RWF3,2006,,21/05/2005,,Ally Mar SX at 42 g in 200 1 to wheat plot.,,,,,,
RWF3,2006,,03/06/2006,,fallow plot.,,,,,,
RWF3,2006,,06/08/2006,,harvested discard,,,,,,
RWF3,2006,,06/08/2006,,barley straw.,,,,,,
RWF3,2006,,23/08/2006,,"harvested, plot for yield.",,,,,,
RWF3,2006,,23/08/2006,,carted straw.,, ,,,,
RWF3,2006,,23/08/2006,,sampled and weighed straw.,,,,,,
RWF3,2006,,25/08/2006,,harvested remaining discard,, ,,,,
RWF3,2006,,25/08/2006,,straw baled,, ,,,,
RWF3,2006,note,,,Unground grain and straw was archived.,,,,,,
RWF3,2007,,13/10/2006,,Barclay Gallup 360 4.00,V200,l/ha,,,,
RWF3,2007,,19/10/2006,,Plougl/ N,None,None,,,,
RWF3,2007,,01/11/2006,,Combination drilled,None,None,,,,
RWF3,2007,,01/11/2006,,"Hereward tr Redigo Twin + Deter, Plot 2 350.00",,seeds/m*,,,,
RWF3,2007,,03/11/2006,,ce 4.00,V200,l'ha,,,,
RWF3,2007,,08/12/2006,,"Entice 12-Mar07 a Springtined fallow, Plot 1",7,kg/ha,,,,
RWF3,2007,,11/04/2007,,Pacifica - wheat 0.50,k9/200,l/ha,,,,
RWF3,2007,,11/04/2007,,Biopower - wheat 1.00,V200,l/ha,,,,
RWF3,2007,,23/04/2007,,Clean Crop Wanderer 1.00,V200,I/ha,,,,
RWF3,2007,,23/04/2007,,Deuce 1.00,V200,l/ha,,,,
RWF3,2007,,02/05/2007,,Power harrowed fallow plots,None,None,,,,
RWF3,2007,,22/05/2007,,Amistar Opti 1.25,V200,l'ha,,,,
RWF3,2007,,22/05/2007,,Opus 0.80,V/200,I/ha,,,,
RWF3,2007,,06/06/2007,,Mow / Rotavate paths,None,None,,,,
RWF3,2007,,14/06/2007,,Mow / Rotavate paths,None,None,,,,
RWF3,2007,,26/07/2007,,rotavated fallows,None,None,,,,
RWF3,2007,,27/08/2007,,. Combine harvest and chop straw - O&E's,None,None,,,,
RWF3,2007,,03/09/2007,,"combine harvested, plots for yield.",None,None,,,,
RWF3,2008,,30/09/2007,,Glyphosate 360 3.00,V200,l/ha,,,,
RWF3,2008,,10-Oc-07,,Plough/S,None,None,,,,
RWF3,2008,,22-Oc-07,,"Combination drilled, Plot 1 S Hereward tr redigo twin « deter, Plot 1 400.00 seeds/m?",None,None,,,,
RWF3,2008,,23/10/2007,,rolled,None,None,,,,
RWF3,2008,,30/10/2007,,Huron,,,,,,
RWF3,2008,,02/11/2007,,Liberator wheat plots 0.60 1200 Vha,5,kg/ha,,,,
RWF3,2008,,30/10/2007,,Alpha Trifluralin 48 EC wheat plot,2, ,,,,
RWF3,2008,,17/11/2007,,Stomp 400 SC 3.30 1200 Vha,1200,l/ha,,,,
RWF3,2008,,30/10/2007,,Arelon 500 2.00,V200,Vha,,,,
RWF3,2008,,30/10/2007,,Hallmark with Zeon Technology 50.00,mIl/200,l/ha,,,,
RWF3,2008,,08/05/2008,,Deuce 1.00,V150,Vha,,,,
RWF3,2008,,08/05/2008,,Bravo 500 0.75,V150,Vha,,,,
RWF3,2008,,08/05/2008,,Flexity 0.20,V150,V/ha,,,,
RWF3,2008,,08/05/2008,,BASF 3C Chlormequat 720,V150,Vha,,,,
RWF3,2008,,19/05/2008,,Ally Max SX wheat 42.00,9/200,ha,,,,
RWF3,2008,,19/05/2008,,Starane 2 wheat 0.75,V200,Vha,,,,
RWF3,2008,,31/05/2008,,Amistar Opli 1.25,1200,Vha,,,,
RWF3,2008,,31/05/2008,,Opus Team 1.00,1200,Vha,,,,
RWF3,2008,,02/06/2008,,Power harrowed fallow plots,None,None,,,,
RWF3,2008,,16/06/2008,,Mow / Rotavate paths,None,None,,,,
RWF3,2008,,14/07/2008,,flexitined fallow plot,None,None,,,,
RWF3,2008,,15/07/2008,,Power harrowed fallow plot,None,None,,,,
RWF3,2008,,25/07/2008,,Rogue wild oats/thistles^weeds,None,None,,,,
RWF3,2009,,10/10/2008,,PliouglVN,None,None,,,,
RWF3,2009,,11/10/2008,,cultipressed,None,None,,,,
RWF3,2009,,20/10/2008,,Combination Drilled Ss Hereward tr Redigo Deter 400.00 seeds/m2,None,None,,,,
RWF3,2009,,17/12/2008,,Stomp 400 SC,3.3,Ivha,,,,
RWF3,2009,,17/12/2008,,Arelon 500,3,ha,,,,
RWF3,2009,,17/12/2008,,Hallmark with Zeon Technology,50,mbha,,,,
RWF3,2009,,26/03/2009,,Springtined - Fallow area only,None,None,,,,
RWF3,2009,,20/04/2009,,Cherokee,1,Uha,,,,
RWF3,2009,,02/05/2009,,Splice,1,ha,,,,
RWF3,2009,,02/05/2009,,Bravo 500,1,lha,,,,
RWF3,2009,,02/05/2009,,Talus,0.13,Uha,,,,
RWF3,2009,,02/05/2009,,BASF 3C Chlormequat 720,225,Vha,,,,
RWF3,2009,,04/05/2009,,Ally Max SX,42,g/ha,,,,
RWF3,2009,,04/05/2009,,Agrguard Fluroxypyr,0.75,Uha,,,,
RWF3,2009,,28/05/2009,,Brus,1.5,Uha,,,,
RWF3,2009,,28/05/2009,,Amistar Opti,1.25,Uha,,,,
RWF3,2009,,02/06/2009,,Mow / Rotavate paths,None,None,,,,
RWF3,2009,,03/08/2009,,rotavated fallows,None,None,,,,
RWF3,2009,,15/08/2009,,"combine harvested, plots for yield.",None,None,,,,
RWF3,2010,,30/09/2009,,Plough,None,None,,,,
RWF3,2010,,01/10/2009,,cultipressed,None,None,,,,
RWF3,2010,,05/10/2009,,Hereward - At 350 seeds per m2,145,kg/ha,,,,
RWF3,2010,,05/10/2009,,Liberator - 200 It water,0.6,l/ha,,,,
RWF3,2010,,05/10/2009,,Combination drilled,None,None,,,,
RWF3,2010,,10/04/2010,,Cherokee - 146, water,1,,,,
RWF3,2010,,18/04/2010,,Attribut - 146 It water,100,9g/ha,,,,
RWF3,2010,,18/04/2010,,Amber - 146 It water,1,Vha,,,,
RWF3,2010,,18/04/2010,,Onxytril CM - 146 It water,1,lha,,,,
RWF3,2010,,27/04/2010,,Flexitined - Fallow plots,None,None,,,,
RWF3,2010,,27/04/2010,,Power harrowed fallow plots,None,None,,,,
RWF3,2010,,06/05/2010,,Bravo 500 - 200 It water,1,ha,,,,
RWF3,2010,,06/05/2010,,Tracker - 200 It water,1,ha,,,,
RWF3,2010,,06/05/2010,,Chlormequat 3C - 200 It water,2.25,ha,,,,
RWF3,2010,,18/05/2010,,Tomahawk,1,ha,,,,
RWF3,2010,,18/05/2010,,Cleancrop Gallifrey,1,I'ha,,,,
RWF3,2010,,20/05/2010,,Rotavate - fallow areas,None,None,,,,
RWF3,2010,,02/06/2010,,Comet - 200 It water,0.6,Vha,,,,
RWF3,2010,,02/06/2010,,Opus - 200 It water,0.6,ha,,,,
RWF3,2010,,21/07/2010,,rotavated fallows,None,None,,,,
RWF3,2010,,31/08/2010,,"combine harvested, plots for yield.",None,None,,,,
RWF3,2010,,31/08/2010,,"Sample, bale and weigh straw",None,None,,,,
RWF3,2010,,03/09/2010,,Combine harvest discards,None,None,,,,
RWF3,2010,,04/09/2010,,Baled,None,None,,,,
RWF3,2011,,10/10/2010,,ploughed,None,None,,,,
RWF3,2011,,13/10/2010,,cultipressed,None,None,,,,
RWF3,2011,,15/10/2010,,Drilled Hereward trt Redigo Deter - 350 seeds / metre sq,158,kg/ha,,,,
RWF3,2011,,16/10/2010,,rolled,None,None,,,,
RWF3,2011,,17/10/2010,,Sprayed Regatta - water volume = 200 Itha 0.6,—,l/ha,,,,
RWF3,2011,,24/03/2011,,Flexi Tined -Fallow areas only,None,None,,,,
RWF3,2011,,28/03/2011,,Sprayed Cherokee- Water volume = 118 It/ha. Applied to WW area only 1.25 Vha,None,None,,,,
RWF3,2011,,13/04/2011,,flexitined fallow plot,None,None,,,,
RWF3,2011,,14/04/2011,,Power harrowed - Fallow section,None,None,,,,
RWF3,2011,,05/05/2011,,"Sprayed Bravo 500, 10 lhna Tracker, 1.0 l/ha Agriguard Chlormequat 720, 225 ha Ally Max 42 giha and Starane 2 - 200 I//ha water 0.75 ha",None,None,,,,
RWF3,2011,,16/05/2011,,Cut paths,None,None,,,,
RWF3,2011,,19/05/2011,,"Sprayed Opus, 08 Comet 200, 06 lha and Bravo 500 - 100 l/ha water 10 lha RWF3,2011,,23-May-11,,Cut paths,, RWF3,2011,,23-May-11,,Rotavated fallows""",,,,,,
RWF3,2011,,19/05/2011,,"Sprayed Opus, 08 Comet 200, 06 lha and Bravo 500 - 100 l/ha water 10 lha RWF3,2011,,23-May-11,,Cut paths,, RWF3,2011,,23-May-11,,Rotavated fallows""",,,,,,
RWF3,2011,,19/05/2011,,"Sprayed Opus, 08 Comet 200, 06 lha and Bravo 500 - 100 l/ha water 10 lha RWF3,2011,,23-May-11,,Cut paths,, RWF3,2011,,23-May-11,,Rotavated fallows""",,,,,,
RWF3,2011,,23/05/2011,,cut paths,,,,,,
RWF3,2011,,23/05/2011,,Rotavated fallows,,,,,,
RWF3,2011,,20/06/2011,,Cut paths,None,None,,,,
RWF3,2011,,01/08/2011,,Cut paths,None,None,,,,
RWF3,2011,,12/08/2011,,Combined O+Es - Opened up trials with commercial combine ready for yields to be taken,None,None,,,,
RWF3,2011,,12/08/2011,,Baled O«Es - Baled area discard area cult to open out trials,None,None,,,,
RWF3,2011,,03/09/2011,,Combined for yields,None,None,,,,
RWF3,2011,,03/09/2011,,Straw weights,None,None,,,,
RWF3,2012,,03/10/2011,,ploughed,None,None,,,,
RWF3,2012,,04/10/2011,,Culipressed -,None,None,,,,
RWF3,2012,,12/10/2011,,rolled,None,None,,,,
RWF3,2012,,14/10/2011,,Sprayed Liberator in 200l/ha of water,0.6,l/ha,,,,
RWF3,2012,,22/02/2012,,Drilled Crusoe trt Redigo Deter,450,Sm?,,,,
RWF3,2012,,22/03/2012,,Sprayed Cherokee SE and Justice in 200Vha of Ch@1.0 water,Ju@0.125,I'ha,,,,
RWF3,2012,,10/04/2012,,Rotovated lallow areas -,None,None,,,,
RWF3,2012,,05/05/2012,,Sprayed AllyMax,42,t/ha,200,l/ha,,
RWF3,2012,,05/05/2012,,Sprayed Bravo 500,1,l/ha,200,l/ha,,
RWF3,2012,,05/05/2012,,Sprayed Tracker,1,l/ha,200,l/ha,,
RWF3,2012,,05/05/2012,,Sprayed Agriguard,2.25,l/ha,200,l/ha,,
RWF3,2012,,05/05/2012,,Sprayed Starane 2,0.5,l/ha,200,l/ha,,
RWF3,2012,,23/05/2012,,Sprayed Comet,0.6,l/ha,,,,
RWF3,2012,,23/05/2012,,Sprayed Bravo 500,1,l/ha,,,,
RWF3,2012,,23/05/2012,,Sprayed Opus,0.8,l/ha,,,,
RWF3,2012,,13/06/2012,,Sprayed w/ Amistar,0.3,,,,,
RWF3,2012,,13/06/2012,,Sprayed Prosaro,0.7,lha,,,,
RWF3,2012,,14/06/2012,,Cut paths,None,None,,,,
RWF3,2012,,01/08/2012,,Marking out Experiment .,None,None,,,,
RWF3,2012,,07/08/2012,,Paths Cut and Cultivated .,None,None,,,,
RWF3,2012,,23/08/2012,,harvested,None,None,,,,
RWF3,2012,,24/08/2012,,Harvested O«E's .,None,None,,,,
RWF3,2012,,24/08/2012,,Sampled Baled and Weighed -,None,None,,,,
RWF3,2012,,14/09/2012,,rotovated fallows,None,None,,,,
RWF3,2012,,20/09/2012,,Sprayed Whole field w/ Weedazol EW,20,ha,,,,
RWF3,2013,,22/02/2013,,a Drilled Crusoe trt Redigo Deter 450,,Seedsm*,,,,
RWF3,2013,,01/03/2013,,Pre-em herbicide Defy,Def(23.0,Vha,,,,
RWF3,2013,,01/03/2013,,Pre-em herbicide Stomp Aqua Stomp 2.9 ha,2.9,Vha,,,,
RWF3,2013,,2-Ap-13,,Springtined plot 1 — d,None,None,,,,
RWF3,2013,,26/05/2013,,Sprayed with Simba (metasulfuron-methyl -20%),30,giha,,,,
RWF3,2013,,26/05/2013,,Sprayed with Vortex (nonylohenoxypolyethanoxyethanol) 1.5 Vha,30,giha,,,,
RWF3,2013,,22/05/2013,,rotovated fallows,None,None,,,,
RWF3,2013,,19/06/2013,,CutPaths De —,None,None,,,,
RWF3,2013,,04-Ju-13,,Cut paths,None,None,,,,
RWF3,2013,,11/07/2013,,— Rotavated Fallow — —,None,None,,,,
RWF3,2013,,19-Ju-13,,"Cul Paths, - —",None,None,,,,
RWF3,2013,,12/08/2013,,"Claas - Harvested, opened up exp. — -—",None,None,,,,
RWF3,2013,,28/08/2013,,Sampo - Harvested all Plots — —,None,None,,,,
RWF3,2013,,29/08/2013,,Sampo - Harvested = -—,None,None,,,,
RWF3,2013,,29/08/2013,,Baled Sampled and Weighed E —,None,None,,,,
RWF3,2014,,01/10/2013,,"Topping ""n",None,None,,,,
RWF3,2014,,09/10/2013,,Ploughed HE,None,None,,,,
RWF3,2014,,10/10/2013,,Cultipressed £f,None,None,,,,
RWF3,2014,,18/10/2013,,Drilled All plots - var. Crusoe,400,seeds/m*,,,,
RWF3,2014,,27/11/2013,,Applied Major Slug Pellets,4,kg/ha,,,,
RWF3,2014,,27/11/2013,,Sprayed Hallmark,50,mlha,,,,
RWF3,2014,,27/11/2013,,Sprayed Liberator,600,mlha,,,,
RWF3,2014,,27/11/2013,,Sprayed Stomp,17,Vha,,,,
RWF3,2014,,03/04/2014,,Sprayed Artemis,1,l/ha,,,,
RWF3,2014,,03/04/2014,,Sprayed Bravo 500,1,l/ha,,,,
RWF3,2014,,03/04/2014,,Sprayed BASF 3C 720,1.75,l/ha,,,,
RWF3,2014,,04/04/2014,,Rotavated All Fallow Plots --,None,None,,,,
RWF3,2014,,09/04/2014,,Power-harrowed - Fallows and Fallow D plots,None,None,,,,
RWF3,2014,,28/04/2014,,Sprayed Kingdom,1.25,l/ha,,,,
RWF3,2015,,08/10/2014,,ploughed (thrown North) . l,,None,,,,
RWF3,2015,,28/10/2014,,Drilled WW Crusoe dr Redgio,350,seeds/m2,,,,
RWF3,2015,,10/11/2014,,Sprayed Crystal,4,Wha,,,,
RWF3,2015,,04/12/2014,,Sprayed Hallmark,50,Wha,,,,
RWF3,2015,,05/04/2015,,Sprayed Artemis,1,ha,,,,
RWF3,2015,,05/04/2015,,Sprayed Bravo 500,1,wha,,,,
RWF3,2015,,05/04/2015,,Sprayed Chlormequat 750,1.25,Wha,,,,
RWF3,2015,,05/04/2015,,Sprayed Moddus,150,mlha,,,,
RWF3,2015,,20/04/2015,,Power harrowed fallow plots,None,None,,,,
RWF3,2015,,27/04/2015,,Sprayed Kingdom,125,Wha,,,,
RWF3,2015,,27/04/2015,,Sprayed Balear720,700,miha,,,,
RWF3,2015,,11/05/2015,,Powerharrowed all fallow ground Tc,None,None,,,,
RWF3,2015,,27/05/2015,,Sprayed Ally Max,30,gmha,,,,
RWF3,2015,,27/05/2015,,Sprayed Bassoon,750,miha,,,,
RWF3,2015,,27/05/2015,,Sprayod Gemstone 1 Lk,None,None,,,,
RWF3,2015,,27/05/2015,,Sprayed Bravo500 c,None,None,,,,
RWF3,2015,,15/06/2015,,Sprayed Proline onto WW,500,mlha,,,,
RWF3,2015,,16/06/2015,,rotovated fallows,None,None,,,,
RWF3,2015,,13/09/2015,,Harvested All Plots for Grain Yield c,None,None,,,,
RWF3,2015,,13/09/2015,,Sampled Baled and Weighed -,None,None,,,,
RWF3,2016,,09/10/2015,,Ploughed - thrown south - -,None,None,,,,
RWF3,2016,,09/10/2015,,Topped all field and experiment - Batwing - -,None,None,,,,
RWF3,2016,,15/10/2015,,Powerharrowed - seed bed preparation - -,None,None,,,,
RWF3,2016,,15/10/2015,,Drilled Winter Wheat var. Crusoe trt Redigo —,350,seed/m?,,,,
RWF3,2016,,18/10/2015,,Ring Rolled All New Drilling,None,None,,,,
RWF3,2016,,19/10/2015,,Sprayed Liberater - wheat only,0.6,It/ha,,,,
RWF3,2016,,19/10/2015,,Sprayed Stomp Aqua - wheat only,1.75,It/ha,,,,
RWF3,2016,,12/11/2015,,Sprayed Hallmark,40,ml/ha,,,,
RWF3,2016,,03/12/2015,,Applied TDS Major,5,kg/ha,,,,
RWF3,2016,,12/12/2015,,Sprayed Hallmark,40,ml/ha,,,,
RWF3,2016,,08/04/2016,,Sprayed Moddus,150,ml/ha,,,,
RWF3,2016,,08/04/2016,,Sprayed BASF 3C Chlormequat750,1.25,It/ha,,,,
RWF3,2016,,08/04/2016,,Sprayed Odin,500,ml/ha,,,,
RWF3,2016,,08/04/2016,,Sprayed Mirage 40ec,500,ml/ha,,,,
RWF3,2016,,09/04/2016,,Sprayed Bravo 500,1,It/ha,,,,
RWF3,2016,,05/05/2016,,Sprayed Keystone - wheat only,800,ml/ha,,,,
RWF3,2016,,05/05/2016,,Sprayed Balear720 - wheat only,700,ml/ha,,,,
RWF3,2016,,25/05/2016,,Sprayed Simba SX - wheat only,20,gms/ha,,,,
RWF3,2016,,25/05/2016,,Sprayed Vortex - wheat only,1.5,It/ha,,,,
RWF3,2016,,25/05/2016,,Sprayed Spiggot - wheat only,250,ml/ha,,,,
RWF3,2016,,09/07/2016,,Sprayed Cello,550,ml/ha,,,,
RWF3,2016,,09/07/2016,,Sprayed Hallmark,50,ml/ha,,,,
RWF3,2016,,23/08/2016,,Mopped Up remaining crop (Harvest) - -,None,None,,,,
RWF3,2018,,28/09/2016,,ploughed (thrown North) . l,None,None,,,,
RWF3,2018,,02/10/2016,,Sprayed Buffalo Elite,1,It/ha,,,,
RWF3,2018,,02/10/2016,,Sprayed Samurai,3,It/ha,,,,
RWF3,2018,,06/10/2016,,Cultipressed All Ground -,None,None,,,,
RWF3,2018,,10/10/2016,,Ring Rolled All New Drilling,None,None,,,,
RWF3,2018,,10/10/2016,,Drilled Crusoe trt w/Redigo Pro + Deter,350,seed/m?,,,,
RWF3,2018,,10/10/2016,,Cultipressed -all sites and surrounds -o-,None,None,,,,
RWF3,2018,,15/10/2016,,Sprayed Liberator,600,ml/ha,,,,
RWF3,2018,,15/10/2016,,Sprayed Defy,3,It/ha,,,,
RWF3,2018,,15/10/2016,,Sprayed Deploy,400,ml/ha,,,,
RWF3,2018,,02/12/2016,,Sprayed Hallmark,50,ml/ha,,,,
RWF3,2018,,04/04/2017,,Applied Nitram,145,kg/ha,,,,
RWF3,2018,,05/04/2017,,Sprayed Artemis,1,It/ha,,,,
RWF3,2018,,05/04/2017,,Sprayed Claw 500,1,It/ha,,,,
RWF3,2018,,05/04/2017,,Sprayed 3C Chlormequat 750,2,lIt/ha,,,,
RWF3,2018,,27/04/2017,,Sprayed keystone,600,ml/ha,,,,
RWF3,2018,,27/04/2017,,Sprayed epic,400,ml/ha,,,,
RWF3,2018,,27/04/2017,,Sprayed balear 720sc,700,ml/ha,,,,
RWF3,2018,,19/06/2017,,Sprayed Fezan (Tebuconazole),750,ml/ha,,,,
RWF3,2018,,24/08/2017,,harvested,None,None,,,,
RWF3,2018,,07/09/2017,,Straw baled and removed e 19,None,None,,,,
