Experiment,Year,section,start date,end date,operation,operation_type,flag,intensity,application_method,orig_operation,amount,amount unit,water,water unit,tank mix,plot,crop,variety,dressing,machine
R/WF/3,1856,wheat,01/09/1856,,harvested,harvesting process,3,,,harvested,,,,,,,,,,
R/WF/3,1857,wheat,18/08/1857,,harvested,harvesting process,3,,,harvested,,,,,,,,,,
R/WF/3,1858,wheat,12/08/1858,,harvested,harvesting process,3,,,harvested,,,,,,,,,,
R/WF/3,1859,wheat,11/08/1859,12/08/1859,harvested,harvesting process,3,,,harvested,,,,,,,,,,
R/WF/3,1860,wheat,01/10/1860,02/10/1860,harvested,harvesting process,3,,,harvested,,,,,,,,,,
R/WF/3,1861,wheat,24/08/1861,26/08/1861,harvested,harvesting process,3,,,harvested,,,,,,,,,,
R/WF/3,1862,wheat,05/09/1862,,harvested,harvesting process,3,,,harvested,,,,,,,,,,
R/WF/3,1863,wheat,19/08/1863,,harvested,harvesting process,3,,,harvested,,,,,,,,,,
R/WF/3,1867,wheat,31/08/1867,02/09/1867,harvested,harvesting process,3,,,harvested,,,,,,,,,,
R/WF/3,1868,wheat,25/07/1868,28/07/1868,harvested,harvesting process,3,,,harvested,,,,,,,,,,
R/WF/3,1869,wheat,30/08/1869,01/09/1869,harvested,harvesting process,3,,,harvested,,,,,,,,,,
R/WF/3,1870,wheat,09/08/1870,10/08/1870,harvested,harvesting process,3,,,harvested,,,,,,,,,,
R/WF/3,1871,wheat,26/08/1871,,harvested,harvesting process,3,,,harvested,,,,,,,,,,
R/WF/3,1872,wheat,23/08/1872,,harvested,harvesting process,3,,,harvested,,,,,,,,,,
R/WF/3,1873,wheat,12/09/1873,16/09/1873,harvested,harvesting process,3,,,harvested,,,,,,,,,,
R/WF/3,1873,fallow,,,"ploughed, June 1873",tillage process,3,1,,ploughed,,,,,,,,,,
R/WF/3,1873,fallow,,,"ploughed, July 1872",tillage process,3,1,,ploughed,,,,,,,,,,
R/WF/3,1874,wheat,12/08/1874,,harvested,harvesting process,3,,,harvested,,,,,,,,,,
R/WF/3,1874,wheat,,,"ploughed, September 1873",tillage process,3,1,,ploughed,,,,,,,,,,
R/WF/3,1874,fallow,,,Cultivated 4 times between Sept 1873 and June 1874,tillage process,3,4,,Cultivated 4 times between Sept 1873 and June 1874,,,,,,,,,,
R/WF/3,1874,fallow,02/05/1874,,ploughed,tillage process,3,1,,ploughed,,,,,,,,,,
R/WF/3,1875,wheat,23-08-1875,,harvested,harvesting process,3,,,harvested,,,,,,,,,,
R/WF/3,1876,wheat,21-08-1876,,harvested,harvesting process,3,,,harvested,,,,,,,,,,
R/WF/3,1877,wheat,23-08-1877,,harvested,harvesting process,3,,,harvested,,,,,,,,,,
R/WF/3,1878,wheat,13-08-1878,,harvested,harvesting process,3,,,harvested,,,,,,,,,,
R/WF/3,1879,wheat,17/09/1879,,harvested,harvesting process,3,,,harvested,,,,,,,,,,
R/WF/3,1879,fallow,,,"ploughed, July 1879",tillage process,3,1,,ploughed,,,,,,,,,,
R/WF/3,1880,wheat,20/08/1880,,harvested,harvesting process,3,,,harvested,,,,,,,,,,
R/WF/3,1880,wheat,28/10/1879,,ploughed,tillage process,3,1,,ploughed,,,,,,,,,,
R/WF/3,1880,fallow,,,Ploughed 3 times between October 1879 and June 1880,tillage process,3,3,,Ploughed 3 times between October 1879 and June 1880,,,,,,,,,,
R/WF/3,1881,wheat,15/08/1881,,harvested,harvesting process,3,,,harvested,,,,,,,,,,
R/WF/3,1881,fallow,29/09/1880,,ploughed,tillage process,3,1,,ploughed,,,,,,,,,,
R/WF/3,1881,fallow,,,"ploughed, April 1881",tillage process,3,1,,ploughed,,,,,,,,,,
R/WF/3,1882,wheat,16/08/1882,,harvested,harvesting process,3,,,harvested,,,,,,,,,,
R/WF/3,1882,fallow,,,"ploughed, June 1882",tillage process,3,1,,ploughed,,,,,,,,,,
R/WF/3,1883,wheat,25/08/1883,,harvested,harvesting process,3,,,harvested,,,,,,,,,,
R/WF/3,1883,fallow,,,"ploughed, March 1883",tillage process,3,1,,ploughed,,,,,,,,,,
R/WF/3,1883,fallow,13/07/1883,,ploughed - date uncertain,tillage process,3,1,,ploughed,,,,,,,,,,
R/WF/3,1884,wheat,06/08/1884,,harvested,harvesting process,3,,,harvested,,,,,,,,,,
R/WF/3,1884,wheat,13/10/1883,,ploughed,tillage process,3,1,,ploughed,,,,,,,,,,
R/WF/3,1884,fallow,13/10/1883,,ploughed,tillage process,3,1,,ploughed,,,,,,,,,,
R/WF/3,1885,wheat,13/08/1885,,harvested,harvesting process,3,,,harvested,,,,,,,,,,
R/WF/3,1885,fallow,,,Ploughed 4 times between Oct 1884 and June 1885,tillage process,3,4,,Ploughed 4 times between Oct 1884 and June 1885,,,,,,,,,,
R/WF/3,1886,wheat,26/08/1886,,harvested,harvesting process,3,,,harvested,,,,,,,,,,
R/WF/3,1886,wheat,,,"ploughed, September 1885",tillage process,3,1,,ploughed,,,,,,,,,,
R/WF/3,1886,fallow,,,Ploughed 4 times between Sept 1885 and Aug 1886,tillage process,3,4,,Ploughed 4 times between Sept 1885 and Aug 1886,,,,,,,,,,
R/WF/3,1887,wheat,11/08/1887,,harvested,harvesting process,3,,,harvested,,,,,,,,,,
R/WF/3,1887,wheat,02/10/1886,,ploughed,tillage process,3,1,,ploughed,,,,,,,,,,
R/WF/3,1887,fallow,,,Ploughed 3 times between Oct 1886 and June 1887,tillage process,3,3,,Ploughed 3 times between Oct 1886 and June 1887,,,,,,,,,,
R/WF/3,1888,wheat,08/08/1888,,harvested,harvesting process,3,,,harvested,,,,,,,,,,
R/WF/3,1888,wheat,21/09/1887,,ploughed,tillage process,3,1,,ploughed,,,,,,,,,,
R/WF/3,1888,fallow,21/09/1887,22/09/1887,ploughed,tillage process,3,1,,ploughed,,,,,,,,,,
R/WF/3,1889,wheat,20/08/1889,21/08/1889,harvested,harvesting process,3,,,harvested,,,,,,,,,,
R/WF/3,1889,fallow,,,Ploughed 4 times between Oct 1888 and Aug 1889,tillage process,3,4,,Ploughed 4 times between Oct 1888 and Aug 1889,,,,,,,,,,
R/WF/3,1890,wheat,09/08/1890,,harvested,harvesting process,3,,,harvested,,,,,,,,,,
R/WF/3,1891,wheat,02/09/1891,,harvested,harvesting process,3,,,harvested,,,,,,,,,,
R/WF/3,1891,wheat,11/09/1890,,ploughed,tillage process,3,1,,ploughed,,,,,,,,,,
R/WF/3,1891,fallow,11/09/1890,,ploughed,tillage process,3,1,,ploughed,,,,,,,,,,
R/WF/3,1891,fallow,06/07/1891,,ploughed,tillage process,3,1,,ploughed,,,,,,,,,,
R/WF/3,1892,wheat,23/08/1892,,harvested,harvesting process,3,,,harvested,,,,,,,,,,
R/WF/3,1892,fallow,22/08/1892,,ploughed,tillage process,3,1,,ploughed,,,,,,,,,,
R/WF/3,1893,wheat,31/07/1893,01/08/1893,harvested,harvesting process,3,,,harvested,,,,,,,,,,
R/WF/3,1894,wheat,21/08/1894,,harvested,harvesting process,3,,,harvested,,,,,,,,,,
R/WF/3,1894,fallow,25/10/1893,,ploughed,tillage process,3,1,,ploughed,,,,,,,,,,
R/WF/3,1894,fallow,,,"ploughed, August 1894",tillage process,3,1,,ploughed,,,,,,,,,,
R/WF/3,1895,wheat,09/08/1895,,harvested,harvesting process,3,,,harvested,,,,,,,,,,
R/WF/3,1895,wheat,16/10/1894,,ploughed,tillage process,3,1,,ploughed,,,,,,,,,,
R/WF/3,1895,fallow,16/10/1894,24/09/1895,ploughed,tillage process,3,1,,ploughed,,,,,,,,,,
R/WF/3,1896,wheat,25/07/1896,,harvested,harvesting process,3,,,harvested,,,,,,,,,,
R/WF/3,1896,wheat,21/09/1895,,ploughed,tillage process,3,1,,ploughed,,,,,,,,,,
R/WF/3,1896,fallow,21/09/1895,,ploughed,tillage process,3,1,,ploughed,,,,,,,,,,
R/WF/3,1896,fallow,,,"ploughed, October 1895",tillage process,3,1,,ploughed,,,,,,,,,,
R/WF/3,1897,wheat,13/08/1897,,harvested,harvesting process,3,,,harvested,,,,,,,,,,
R/WF/3,1897,fallow,,,"ploughed, July 1896",tillage process,3,1,,ploughed,,,,,,,,,,
R/WF/3,1897,fallow,14/09/1896,15/09/1896,ploughed - dates uncertain,tillage process,3,1,,ploughed,,,,,,,,,,
R/WF/3,1898,wheat,13/08/1898,,harvested,harvesting process,3,,,harvested,,,,,,,,,,
R/WF/3,1899,wheat,11/08/1899,,harvested,harvesting process,3,,,harvested,,,,,,,,,,
R/WF/3,1899,wheat,07/10/1898,,ploughed,tillage process,3,1,,ploughed,,,,,,,,,,
R/WF/3,1899,fallow,07/10/1898,,ploughed,tillage process,3,1,,ploughed,,,,,,,,,,
R/WF/3,1899,fallow,26/07/1899,,ploughed,tillage process,3,1,,ploughed,,,,,,,,,,
R/WF/3,1900,wheat,11/08/1900,13/08/1900,harvested,harvesting process,3,,,harvested,,,,,,,,,,
R/WF/3,1901,wheat,13/08/1901,14/08/1901,harvested,harvesting process,3,,,harvested,,,,,,,,,,
R/WF/3,1902,wheat,28/08/1902,,harvested,harvesting process,3,,,harvested,,,,,,,,,,
R/WF/3,1902,fallow,,,Ploughed 3 times between Oct 1901 and July 1902,tillage process,3,3,,Ploughed 3 times between Oct 1901 and July 1902,,,,,,,,,,
R/WF/3,1903,wheat,03/09/1903,,harvested,harvesting process,3,,,harvested,,,,,,,,,,
R/WF/3,1903,wheat,06/10/1902,,ploughed,tillage process,3,1,,ploughed,,,,,,,,,,
R/WF/3,1903,fallow,06/10/1902,,ploughed,tillage process,3,1,,ploughed,,,,,,,,,,
R/WF/3,1903,fallow,17/11/1902,,ploughed,tillage process,3,1,,ploughed,,,,,,,,,,
R/WF/3,1904,wheat,08/08/1904,,harvested,harvesting process,3,,,harvested,,,,,,,,,,
R/WF/3,1905,wheat,01/08/1905,,harvested,harvesting process,3,,,harvested,,,,,,,,,,
R/WF/3,1905,fallow,20/05/1905,,ploughed,tillage process,3,1,,ploughed,,,,,,,,,,
R/WF/3,1905,fallow,10/07/1905,,ploughed,tillage process,3,1,,ploughed,,,,,,,,,,
R/WF/3,1906,wheat,13/08/1906,,harvested,harvesting process,3,,,harvested,,,,,,,,,,
R/WF/3,1906,fallow,25/09/1905,,ploughed,tillage process,3,1,,ploughed,,,,,,,,,,
R/WF/3,1906,fallow,26/05/1906,,ploughed,tillage process,3,1,,ploughed,,,,,,,,,,
R/WF/3,1907,wheat,24/08/1907,,harvested,harvesting process,3,,,harvested,,,,,,,,,,
R/WF/3,1907,wheat,04/10/1906,,ploughed,tillage process,3,1,,ploughed,,,,,,,,,,
R/WF/3,1907,fallow,04/10/1906,06/10/1906,ploughed,tillage process,3,1,,ploughed,,,,,,,,,,
R/WF/3,1907,fallow,06/06/1907,,ploughed,tillage process,3,1,,ploughed,,,,,,,,,,
R/WF/3,1908,wheat,21/08/1908,,harvested,harvesting process,3,,,harvested,,,,,,,,,,
R/WF/3,1908,wheat,01/11/1907,,ploughed,tillage process,3,1,,ploughed,,,,,,,,,,
R/WF/3,1908,fallow,,,Ploughed 3 times between Nov 1907 and July 1908,tillage process,3,3,,Ploughed 3 times between Nov 1907 and July 1908,,,,,,,,,,
R/WF/3,1909,wheat,10/09/1909,,harvested,harvesting process,3,,,harvested,,,,,,,,,,
R/WF/3,1909,wheat,21/10/1908,,ploughed,tillage process,3,1,,ploughed,,,,,,,,,,
R/WF/3,1909,fallow,,,Ploughed 4 times between October 1908 and July 1909,tillage process,3,4,,Ploughed 4 times between October 1908 and July 1909,,,,,,,,,,
R/WF/3,1910,wheat,19/08/1910,,harvested,harvesting process,3,,,harvested,,,,,,,,,,
R/WF/3,1910,wheat,27/09/1909,,ploughed,tillage process,3,1,,ploughed,,,,,,,,,,
R/WF/3,1910,fallow,27/09/1909,,ploughed,tillage process,3,1,,ploughed,,,,,,,,,,
R/WF/3,1910,fallow,28/06/1910,,ploughed,tillage process,3,1,,ploughed,,,,,,,,,,
R/WF/3,1911,wheat,04/08/1911,,harvested,harvesting process,3,,,harvested,,,,,,,,,,
R/WF/3,1911,fallow,10/12/1910,,ploughed,tillage process,3,1,,ploughed,,,,,,,,,,
R/WF/3,1912,wheat,21/08/1912,22/08/1912,harvested,harvesting process,3,,,harvested,,,,,,,,,,
R/WF/3,1912,fallow,18/09/1911,,ploughed,tillage process,3,1,,ploughed,,,,,,,,,,
R/WF/3,1912,fallow,22/11/1911,,ploughed,tillage process,3,1,,ploughed,,,,,,,,,,
R/WF/3,1913,wheat,01/09/1913,,harvested,harvesting process,3,,,harvested,,,,,,,,,,
R/WF/3,1913,wheat,21/10/1912,,ploughed,tillage process,3,1,,ploughed,,,,,,,,,,
R/WF/3,1913,fallow,21/10/1912,,ploughed,tillage process,3,1,,ploughed,,,,,,,,,,
R/WF/3,1913,fallow,12/04/1913,,ploughed,tillage process,3,1,,ploughed,,,,,,,,,,
R/WF/3,1914,wheat,04/08/1914,,harvested,harvesting process,3,,,harvested,,,,,,,,,,
R/WF/3,1915,wheat,30/08/1915,,harvested,harvesting process,3,,,harvested,,,,,,,,,,
R/WF/3,1915,wheat,19/09/1914,,ploughed,tillage process,3,1,,ploughed,,,,,,,,,,
R/WF/3,1915,fallow,19/09/1914,,ploughed,tillage process,3,1,,ploughed,,,,,,,,,,
R/WF/3,1915,fallow,21/10/1914,,ploughed,tillage process,3,1,,ploughed,,,,,,,,,,
R/WF/3,1916,wheat,28/08/1916,,harvested,harvesting process,3,,,harvested,,,,,,,,,,
R/WF/3,1916,fallow,,,Ploughed 3 times between ?? 191? And July 1916,tillage process,3,3,,Ploughed 3 times between ?? 191? And July 1916,,,,,,,,,,
R/WF/3,1917,wheat,22/08/1917,,harvested,harvesting process,3,,,harvested,,,,,,,,,,
R/WF/3,1917,fallow,07/06/1917,,ploughed,tillage process,3,1,,ploughed,,,,,,,,,,
R/WF/3,1918,wheat,20/08/1918,,harvested,harvesting process,3,,,harvested,,,,,,,,,,
R/WF/3,1918,wheat,04/09/1917,,ploughed,tillage process,3,1,,ploughed,,,,,,,,,,
R/WF/3,1918,fallow,04/09/1917,,ploughed,tillage process,3,1,,ploughed,,,,,,,,,,
R/WF/3,1919,wheat,27/08/1919,,harvested,harvesting process,3,,,harvested,,,,,,,,,,
R/WF/3,1919,wheat,16/10/1918,,ploughed,tillage process,3,1,,ploughed,,,,,,,,,,
R/WF/3,1919,fallow,16/10/1918,,ploughed,tillage process,3,1,,ploughed,,,,,,,,,,
R/WF/3,1919,fallow,10/03/1919,,ploughed,tillage process,3,1,,ploughed,,,,,,,,,,
R/WF/3,1920,wheat,17/08/1920,,harvested,harvesting process,3,,,harvested,,,,,,,,,,
R/WF/3,1920,fallow,17/05/1920,,ploughed,tillage process,3,1,,ploughed,,,,,,,,,,
R/WF/3,1921,wheat,28/07/1921,,harvested,harvesting process,3,,,harvested,,,,,,,,,,
R/WF/3,1921,fallow,21/05/1921,,ploughed,tillage process,3,1,,ploughed,,,,,,,,,,
R/WF/3,1922,wheat,06/09/1922,,harvested,harvesting process,3,,,harvested,,,,,,,,,,
R/WF/3,1922,wheat,22/10/1921,,ploughed,tillage process,3,1,,ploughed,,,,,,,,,,
R/WF/3,1922,fallow,,,Cultivated 4 times between Oct 1921 and Aug 1922,tillage process,3,4,,Cultivated 4 times between Oct 1921 and Aug 1922,,,,,,,,,,
R/WF/3,1923,wheat,16/08/1923,,harvested,harvesting process,3,,,harvested,,,,,,,,,,
R/WF/3,1924,wheat,06/09/1924,,harvested,harvesting process,3,,,harvested,,,,,,,,,,
R/WF/3,1924,fallow,17/04/1924,,ploughed,tillage process,3,1,,ploughed,,,,,,,,,,
R/WF/3,1925,wheat,18/08/1925,,harvested,harvesting process,3,,,harvested,,,,,,,,,,
R/WF/3,1927,wheat,31/08/1927,,harvested,harvesting process,3,,,harvested,,,,,,,,,,
R/WF/3,1928,wheat,22/08/1928,,harvested,harvesting process,3,,,harvested,,,,,,,,,,
R/WF/3,1929,wheat,21/08/1929,,harvested,harvesting process,3,,,harvested,,,,,,,,,,
R/WF/3,1929,wheat,17/09/1928,,ploughed,tillage process,3,1,,ploughed,,,,,,,,,,
R/WF/3,1929,fallow,,,Ploughed 3 times between Sept 1928 and July 1929,tillage process,3,3,,Ploughed 3 times between Sept 1928 and July 1929,,,,,,,,,,
R/WF/3,1930,wheat,14/08/1930,,harvested,harvesting process,3,,,harvested,,,,,,,,,,
R/WF/3,1930,wheat,06/09/1929,,ploughed,tillage process,3,1,,ploughed,,,,,,,,,,
R/WF/3,1930,fallow,,,Cultivated 3 times between Sept 1929 and June 1930,tillage process,3,3,,Cultivated 3 times between Sept 1929 and June 1930,,,,,,,,,,
R/WF/3,1931,wheat,21/08/1931,,harvested,harvesting process,3,,,harvested,,,,,,,,,,
R/WF/3,1931,wheat,06/10/1930,,ploughed,tillage process,3,1,,ploughed,,,,,,,,,,
R/WF/3,1931,fallow,06/10/1930,,ploughed,tillage process,3,1,,ploughed,,,,,,,,,,
R/WF/3,1931,fallow,08/05/1931,,ploughed,tillage process,3,1,,ploughed,,,,,,,,,,
R/WF/3,1932,wheat,10/08/1932,,harvested,harvesting process,3,,,harvested,,,,,,,,,,
R/WF/3,1932,wheat,16/09/1931,,ploughed,tillage process,3,1,,ploughed,,,,,,,,,,
R/WF/3,1932,fallow,,,Cultivated 3 times between Sept 1931 and June 1932,tillage process,3,3,,Cultivated 3 times between Sept 1931 and June 1932,,,,,,,,,,
R/WF/3,1933,wheat,02/09/1932,,ploughed,tillage process,3,1,,ploughed,,,,,,,,,,
R/WF/3,1933,wheat,15/10/1932,,harrowed,tillage process,3,1,,harrowed,,,,,,,,,,
R/WF/3,1933,wheat,31/03/1933,,harrowed,tillage process,3,1,,harrowed,,,,,,,,,,
R/WF/3,1933,wheat,26/07/1933,,harvested,harvesting process,3,,,harvested,,,,,,,,,,
R/WF/3,1933,fallow,02/09/1932,,ploughed,tillage process,3,1,,ploughed,,,,,,,,,,
R/WF/3,1933,fallow,31/05/1933,,ploughed,tillage process,3,1,,ploughed,,,,,,,,,,
R/WF/3,1933,fallow,01/06/1933,,ploughed,tillage process,3,1,,ploughed,,,,,,,,,,
R/WF/3,1933,fallow,31/03/1933,,harrowed,tillage process,3,1,,harrowed,,,,,,,,,,
R/WF/3,1934,wheat,12/09/1933,,ploughed,tillage process,3,1,,ploughed,,,,,,,,,,
R/WF/3,1934,wheat,07/04/1934,,harrowed,tillage process,3,1,,harrowed,,,,,,,,,,
R/WF/3,1934,wheat,09/04/1934,,rolled,land levelling process,3,,,rolled,,,,,,,,,,
R/WF/3,1934,wheat,08/08/1934,,harvested,harvesting process,3,,,harvested,,,,,,,,,,
R/WF/3,1934,fallow,07/02/1934,,ploughed,tillage process,3,1,,ploughed,,,,,,,,,,
R/WF/3,1934,fallow,20/04/1934,,tractor cultivated,tillage process,3,1,,tractor cultivated,,,,,,,,,,
R/WF/3,1934,fallow,04/05/1934,,tractor cultivated,tillage process,3,1,,tractor cultivated,,,,,,,,,,
R/WF/3,1934,fallow,17/05/1934,,horse harrow,tillage process,3,1,,horse harrow,,,,,,,,,,
R/WF/3,1934,fallow,17/05/1934,,ploughed,tillage process,3,1,,ploughed,,,,,,,,,,
R/WF/3,1934,fallow,16/06/1934,,tractor cultivated,tillage process,3,1,,tractor cultivated,,,,,,,,,,
R/WF/3,1934,fallow,22/06/1934,,two horse roll,land levelling process,3,,,two horse roll,,,,,,,,,,
R/WF/3,1934,fallow,28/06/1934,,ploughed,tillage process,3,1,,ploughed,,,,,,,,,,
R/WF/3,1934,fallow,24/07/1934,,tractor cultivated,tillage process,3,1,,tractor cultivated,,,,,,,,,,
R/WF/3,1935,wheat,23/08/1934,,ploughed,tillage process,3,1,,ploughed,,,,,,,,,,
R/WF/3,1935,wheat,23/08/1934,,cultivated,tillage process,3,1,,cultivated,,,,,,,,,,
R/WF/3,1935,wheat,20/10/1934,,harrowed,tillage process,3,1,,harrowed,,,,,,,,,,
R/WF/3,1935,wheat,21/03/1935,,harrowed,tillage process,3,1,,harrowed,,,,,,,,,,
R/WF/3,1935,wheat,26/03/1935,,rolled,land levelling process,3,,,rolled,,,,,,,,,,
R/WF/3,1935,wheat,13/08/1935,,harvested,harvesting process,3,,,harvested,,,,,,,,,,
R/WF/3,1935,fallow,23/08/1934,,ploughed,tillage process,3,1,,ploughed,,,,,,,,,,
R/WF/3,1935,fallow,28/05/1935,,ploughed,tillage process,3,1,,ploughed,,,,,,,,,,
R/WF/3,1935,fallow,23/08/1934,,cultivated,tillage process,3,1,,cultivated,,,,,,,,,,
R/WF/3,1935,fallow,11/05/1935,,cultivated,tillage process,3,1,,cultivated,,,,,,,,,,
R/WF/3,1935,fallow,03/07/1935,,cultivated,tillage process,3,1,,cultivated,,,,,,,,,,
R/WF/3,1936,wheat,27/08/1935,,ploughed,tillage process,3,1,,ploughed,,,,,,,,,,
R/WF/3,1936,wheat,24/10/1935,,harrowed,tillage process,3,1,,harrowed,,,,,,,,,,
R/WF/3,1936,wheat,26/10/1935,,harrowed,tillage process,3,1,,harrowed,,,,,,,,,,
R/WF/3,1936,wheat,24/03/1936,,harrowed,tillage process,3,1,,harrowed,,,,,,,,,,
R/WF/3,1936,wheat,06/05/1936,,rolled,land levelling process,3,,,rolled,,,,,,,,,,
R/WF/3,1936,wheat,01/09/1936,,harvested,harvesting process,3,,,harvested,,,,,,,,,,
R/WF/3,1936,fallow,27/08/1935,,ploughed,tillage process,3,1,,ploughed,,,,,,,,,,
R/WF/3,1936,fallow,01/04/1936,,ploughed,tillage process,3,1,,ploughed,,,,,,,,,,
R/WF/3,1936,fallow,14/02/1936,,springtine harrowed,tillage process,3,1,,springtine harrowed,,,,,,,,,,
R/WF/3,1936,fallow,20/05/1936,,cultivated,tillage process,3,1,,cultivated,,,,,,,,,,
R/WF/3,1936,fallow,29/06/1936,,cultivated,tillage process,3,1,,cultivated,,,,,,,,,,
R/WF/3,1937,fallow,24/08/1936,,ploughed,tillage process,3,1,,ploughed,,,,,,,,,,
R/WF/3,1937,wheat,16/10/1936,,ploughed,tillage process,3,1,,ploughed,,,,,,,,,,
R/WF/3,1937,wheat,21/10/1936,,harrowed,tillage process,3,1,,harrowed,,,,,,,,,,
R/WF/3,1937,wheat,03/05/1937,,harrowed,tillage process,3,1,,harrowed,,,,,,,,,,
R/WF/3,1937,wheat,20/08/1937,,harvested,harvesting process,3,,,harvested,,,,,,,,,,
R/WF/3,1937,fallow,03/06/1937,04/06/1937,ploughed,tillage process,3,1,,ploughed,,,,,,,,,,
R/WF/3,1937,fallow,05/10/1936,,cultivated,tillage process,3,1,,cultivated,,,,,,,,,,
R/WF/3,1937,fallow,09/06/1937,,cultivated,tillage process,3,1,,cultivated,,,,,,,,,,
R/WF/3,1937,fallow,26/04/1937,,springtine harrowed,tillage process,3,1,,springtine harrowed,,,,,,,,,,
R/WF/3,1937,fallow,26/03/1937,,springtine harrowed,tillage process,3,1,,springtine harrowed,,,,,,,,,,
R/WF/3,1938,wheat,23/09/1937,27/09/1937,ploughed,tillage process,3,1,,ploughed,,,,,,,,,,
R/WF/3,1938,wheat,16/10/1937,,cultivated,tillage process,3,1,,cultivated,,,,,,,,,,
R/WF/3,1938,wheat,06/11/1937,,harrowed,tillage process,3,1,,harrowed,,,,,,,,,,
R/WF/3,1938,wheat,17/03/1938,,harrowed,tillage process,3,1,,harrowed,,,,,,,,,,
R/WF/3,1938,wheat,20/10/1937,,springtine harrowed,tillage process,3,1,,springtine harrowed,,,,,,,,,,
R/WF/3,1938,wheat,20/10/1937,,rolled,land levelling process,3,,,rolled,,,,,,,,,,
R/WF/3,1938,wheat,19/03/1938,,rolled,land levelling process,3,,,rolled,,,,,,,,,,
R/WF/3,1938,wheat,11/08/1938,,harvested,harvesting process,3,,,harvested,,,,,,,,,,
R/WF/3,1938,fallow,23/09/1937,27/09/1937,ploughed,tillage process,3,1,,ploughed,,,,,,,,,,
R/WF/3,1938,fallow,16/10/1937,,cultivated,tillage process,3,1,,cultivated,,,,,,,,,,
R/WF/3,1938,fallow,05/03/1938,,cultivated,tillage process,3,1,,cultivated,,,,,,,,,,
R/WF/3,1938,fallow,07/05/1938,,springtine harrowed,tillage process,3,1,,springtine harrowed,,,,,,,,,,
R/WF/3,1938,fallow,03/06/1938,,springtine harrowed,tillage process,3,1,,springtine harrowed,,,,,,,,,,
R/WF/3,1938,fallow,07/05/1938,,rolled,land levelling process,3,,,rolled,,,,,,,,,,
R/WF/3,1938,fallow,03/06/1938,,rolled,land levelling process,3,,,rolled,,,,,,,,,,
R/WF/3,1938,fallow,21/06/1938,,thistles cut,mechanical pest removal process,3,,,thistles cut,,,,,,,,,,
R/WF/3,1938,fallow,14/08/1938,,thistles cut,mechanical pest removal process,3,,,thistles cut,,,,,,,,,,
R/WF/3,1939,wheat,26/08/1938,,ploughed,tillage process,3,1,,ploughed,,,,,,,,,,
R/WF/3,1939,wheat,24/08/1939,,harvested,harvesting process,3,,,harvested,,,,,,,,,,
R/WF/3,1939,fallow,,,Cultivated 6 times between Aug 1938 and July 1939,tillage process,3,6,,Cultivated 6 times between Aug 1938 and July 1939,,,,,,,,,,
R/WF/3,1940,wheat,12/09/1939,13/09/1939,ploughed,tillage process,3,1,,ploughed,,,,,,,,,,
R/WF/3,1940,wheat,08/08/1940,,harvested,harvesting process,3,,,harvested,,,,,,,,,,
R/WF/3,1940,fallow,,,Cultivated 4 times between Sept 1939 and July 1940,tillage process,3,4,,Cultivated 4 times between Sept 1939 and July 1940,,,,,,,,,,
R/WF/3,1941,wheat,10/09/1940,11/09/1940,ploughed,tillage process,3,1,,ploughed,,,,,,,,,,
R/WF/3,1941,wheat,21/08/1941,,harvested,harvesting process,3,,,harvested,,,,,,,,,,
R/WF/3,1941,fallow,,,Cultivated 4 times between Sept 1940 and May 1941,tillage process,3,4,,Cultivated 4 times between Sept 1940 and May 1941,,,,,,,,,,
R/WF/3,1942,wheat,19/09/1941,22/09/1941,ploughed,tillage process,3,1,,ploughed,,,,,,,,,,
R/WF/3,1942,wheat,17/08/1942,,harvested,harvesting process,3,,,harvested,,,,,,,,,,
R/WF/3,1942,fallow,,,Cultivated 8 times between Sept 1941 and July 1942,tillage process,3,8,,Cultivated 8 times between Sept 1941 and July 1942,,,,,,,,,,
R/WF/3,1943,wheat,01/09/1942,04/09/1942,ploughed,tillage process,3,1,,ploughed,,,,,,,,,,
R/WF/3,1943,wheat,03/08/1943,,harvested,harvesting process,3,,,harvested,,,,,,,,,,
R/WF/3,1943,fallow,,,Cultivated 10 times between Sept 1942 and July 1943,tillage process,3,10,,Cultivated 10 times between Sept 1942 and July 1943,,,,,,,,,,
R/WF/3,1944,wheat,31/08/1943,09/09/1943,ploughed,tillage process,3,1,,ploughed,,,,,,,,,,
R/WF/3,1944,wheat,10/08/1944,,harvested,harvesting process,3,,,harvested,,,,,,,,,,
R/WF/3,1944,fallow,,,Cultivated 5 times between Aug 1943 and June 1944,tillage process,3,5,,Cultivated 5 times between Aug 1943 and June 1944,,,,,,,,,,
R/WF/3,1945,wheat,21/08/1944,28/08/1944,ploughed,tillage process,3,1,,ploughed,,,,,,,,,,
R/WF/3,1945,wheat,11/08/1945,,harvested,harvesting process,3,,,harvested,,,,,,,,,,
R/WF/3,1945,fallow,,,Cultivated 6 times between Aug 1944 and July 1945,tillage process,3,6,,Cultivated 6 times between Aug 1944 and July 1945,,,,,,,,,,
R/WF/3,1946,wheat,30/08/1945,03/09/1945,ploughed,tillage process,3,1,,ploughed,,,,,,,,,,
R/WF/3,1946,wheat,16/08/1946,,harvested,harvesting process,3,,,harvested,,,,,,,,,,
R/WF/3,1946,fallow,,,Cultivated 4 times between Aug 1945 and July 1946,tillage process,3,4,,Cultivated 4 times between Aug 1945 and July 1946,,,,,,,,,,
R/WF/3,1947,wheat,11/10/1946,15/10/1946,ploughed,tillage process,3,1,,ploughed,,,,,,,,,,
R/WF/3,1947,wheat,12/08/1947,,harvested,harvesting process,3,,,harvested,,,,,,,,,,
R/WF/3,1947,fallow,,,Ploughed once and Springtined twice between Oct 1946 and July 1947,tillage process,3,3,,Ploughed once and Springtined twice between Oct 1946 and July 1947,,,,,,,,,,
R/WF/3,1948,wheat,15/09/1947,16/09/1947,ploughed,tillage process,3,1,,ploughed,,,,,,,,,,
R/WF/3,1948,wheat,24/10/1947,,rolled,land levelling process,3,,,rolled,,,,,,,,,,
R/WF/3,1948,wheat,24/10/1947,,springtine harrowed,tillage process,3,1,,springtine harrowed,,,,,,,,,,
R/WF/3,1948,wheat,25/10/1947,,harrowed in,tillage process,3,1,,harrowed in,,,,,,,,,,
R/WF/3,1948,wheat,31/03/1948,,ring rolled,land levelling process,3,,,ring rolled,,,,,,,,,,
R/WF/3,1948,wheat,29/07/1948,,weeds hand pulled,hand picking process,3,,,weeds hand pulled,,,,,,,,,,
R/WF/3,1948,wheat,23/08/1948,,harvested,harvesting process,3,,,harvested,,,,,,,,,,
R/WF/3,1948,fallow,15/09/1947,16/09/1947,ploughed,tillage process,3,1,,ploughed,,,,,,,,,,
R/WF/3,1948,fallow,24/10/1947,,rolled,land levelling process,3,,,rolled,,,,,,,,,,
R/WF/3,1948,fallow,24/10/1947,,springtine harrowed,tillage process,3,1,,springtine harrowed,,,,,,,,,,
R/WF/3,1948,fallow,10/03/1948,,springtine harrowed,tillage process,3,1,,springtine harrowed,,,,,,,,,,
R/WF/3,1948,fallow,22/04/1948,,thistles cut,mechanical pest removal process,3,,,thistles cut,,,,,,,,,,
R/WF/3,1948,fallow,21/05/1948,,ploughed,tillage process,3,1,,ploughed,,,,,,,,,,
R/WF/3,1948,fallow,09/06/1948,,ring rolled,land levelling process,3,,,ring rolled,,,,,,,,,,
R/WF/3,1949,wheat,03/09/1948,06/09/1948,ploughed,tillage process,3,1,,ploughed,,,,,,,,,,
R/WF/3,1949,wheat,22/10/1948,,harrowed,tillage process,3,1,,harrowed twice,,,,,,,,,,
R/WF/3,1949,wheat,23/10/1948,,harrowed in,tillage process,3,1,,harrowed in,,,,,,,,,,
R/WF/3,1949,wheat,11/04/1949,,ring rolled,land levelling process,3,,,ring rolled,,,,,,,,,,
R/WF/3,1949,wheat,16/08/1949,,harvested,harvesting process,3,,,harvested,,,,,,,,,,
R/WF/3,1949,fallow,03/09/1948,,ploughed,tillage process,3,1,,ploughed,,,,,,B3,,,,
R/WF/3,1949,fallow,01/10/1948,02/10/1948,ploughed,tillage process,3,1,,ploughed,,,,,,remainder,,,,
R/WF/3,1949,fallow,03/01/1949,13/01/1949,ploughed,tillage process,3,1,,ploughed,,,,,,,,,,
R/WF/3,1949,fallow,23/03/1949,,springtined,tillage process,3,1,,spring-tined,,,,,,,,,,
R/WF/3,1949,fallow,14/04/1949,,springtined,tillage process,3,1,,spring-tined,,,,,,,,,,
R/WF/3,1949,fallow,31/05/1949,,thistles cut,mechanical pest removal process,3,,,thistles cut,,,,,,,,,,
R/WF/3,1949,fallow,27/06/1949,,thistles cut,mechanical pest removal process,3,,,thistles cut,,,,,,,,,,
R/WF/3,1949,fallow,05/07/1949,06/07/1949,ploughed,tillage process,3,1,,ploughed,,,,,,,,,,
R/WF/3,1949,fallow,20/07/1949,,harrowed,tillage process,3,1,,harrowed twice,,,,,,,,,,
R/WF/3,1949,fallow,20/07/1949,,ring rolled,land levelling process,3,,,ring rolled,,,,,,,,,,
R/WF/3,1950,wheat,30/08/1949,31/08/1949,ploughed,tillage process,3,1,,ploughed,,,,,,,,,,
R/WF/3,1950,wheat,29/10/1949,,springtined,tillage process,3,1,,spring-tined,,,,,,,,,,
R/WF/3,1950,wheat,31/10/1949,,harrowed,tillage process,3,1,,harrowed,,,,,,,,,,
R/WF/3,1950,wheat,31/10/1949,,harrowed in,tillage process,3,1,,harrowed in,,,,,,,,,,
R/WF/3,1950,wheat,08/04/1950,,rolled,land levelling process,3,,,rolled,,,,,,,,,,
R/WF/3,1950,wheat,20/04/1950,,Crop badly damaged by wheat bulb fly so decision made to plough in and resow,tillage process,3,1,,Crop badly damaged by wheat bulb fly so decision made to plough in and resow,,,,,,,,,,
R/WF/3,1950,wheat,21/04/1950,,harrowed,tillage process,3,3,,harrowed three times,,,,,,,,,,
R/WF/3,1950,wheat,21/04/1950,,ring rolled,land levelling process,3,,,ring rolled,,,,,,,,,,
R/WF/3,1950,wheat,21/04/1950,,harrowed in,tillage process,3,1,,harrowed in,,,,,,,,,,
R/WF/3,1950,wheat,22/04/1950,,ring rolled,land levelling process,3,,,ring rolled,,,,,,,,,,
R/WF/3,1950,wheat,26/05/1950,,thistles cut,mechanical pest removal process,3,,,thistles cut,,,,,,,,,,
R/WF/3,1950,wheat,08/09/1950,,harvested,harvesting process,3,,,harvested,,,,,,,,,,
R/WF/3,1950,fallow,30/08/1949,31/08/1949,ploughed,tillage process,3,1,,ploughed,,,,,,,,,,
R/WF/3,1950,fallow,29/10/1949,,springtined,tillage process,3,1,,spring-tined,,,,,,,,,,
R/WF/3,1950,fallow,09/03/1950,,springtined,tillage process,3,1,,spring-tined,,,,,,,,,,
R/WF/3,1950,fallow,21/04/1950,,harrowed,tillage process,3,3,,harrowed three times,,,,,,,,,,
R/WF/3,1950,fallow,12/05/1950,,ring rolled,land levelling process,3,,,ring rolled,,,,,,,,,,
R/WF/3,1950,fallow,30/05/1950,,thistle barred,tillage process,3,1,,thistle barred,,,,,,,,,,
R/WF/3,1950,fallow,01/07/1950,,ploughed,tillage process,3,1,,ploughed,,,,,,,,,,
R/WF/3,1950,fallow,15/07/1950,,ploughed,tillage process,3,1,,ploughed,,,,,,,,,,
R/WF/3,1950,fallow,31/07/1950,,ploughed,tillage process,3,1,,ploughed,,,,,,,,,,
R/WF/3,1951,wheat,14/09/1950,,ploughed,tillage process,3,1,,ploughed,,,,,,,,,,
R/WF/3,1951,wheat,24/08/1951,,harvested,harvesting process,3,,,harvested,,,,,,,,,,
R/WF/3,1951,fallow,14/09/1950,,ploughed,tillage process,3,1,,ploughed,,,,,,,,,,
R/WF/3,1951,fallow,23/04/1951,,ploughed,tillage process,3,1,,ploughed,,,,,,,,,,
R/WF/3,1951,fallow,10/07/1951,,ploughed,tillage process,3,1,,ploughed,,,,,,,,,,
R/WF/3,1952,wheat,18/09/1951,,ploughed,tillage process,3,1,,ploughed,,,,,,,,,,
R/WF/3,1952,wheat,31/07/1952,,harvested,harvesting process,3,,,harvested,,,,,,,,,,
R/WF/3,1952,fallow,18/09/1951,,ploughed,tillage process,3,1,,ploughed,,,,,,,,,,
R/WF/3,1952,fallow,08/02/1952,,ploughed,tillage process,3,1,,ploughed,,,,,,,,,,
R/WF/3,1952,fallow,06/09/1952,,ploughed,tillage process,3,1,,ploughed,,,,,,,,,,
R/WF/3,1953,wheat,06/09/1952,,ploughed,tillage process,3,1,,ploughed,,,,,,,,,,
R/WF/3,1953,wheat,20/08/1953,,harvested,harvesting process,3,,,harvested,,,,,,,,,,
R/WF/3,1953,fallow,06/09/1952,,ploughed,tillage process,3,1,,ploughed,,,,,,,,,,
R/WF/3,1953,fallow,03/09/1953,,ploughed,tillage process,3,1,,ploughed,,,,,,,,,,
R/WF/3,1954,wheat,03/09/1953,,ploughed,tillage process,3,1,,ploughed,,,,,,,,,,
R/WF/3,1954,wheat,06/09/1954,,harvested,harvesting process,3,,,harvested,,,,,,,,,,
R/WF/3,1954,fallow,03/09/1953,,ploughed,tillage process,3,1,,ploughed,,,,,,,,,,
R/WF/3,1954,fallow,03/12/1953,,ploughed,tillage process,3,1,,ploughed,,,,,,,,,,
R/WF/3,1954,fallow,25/09/1954,,ploughed,tillage process,3,1,,ploughed,,,,,,,,,,
R/WF/3,1955,wheat,25/09/1954,,ploughed,tillage process,3,1,,ploughed,,,,,,,,,,
R/WF/3,1955,wheat,20/08/1955,,harvested,harvesting process,3,,,harvested,,,,,,,,,,
R/WF/3,1955,fallow,25/09/1954,,ploughed,tillage process,3,1,,ploughed,,,,,,,,,,
R/WF/3,1955,fallow,28/09/1955,,ploughed,tillage process,3,1,,ploughed,,,,,,,,,,
R/WF/3,1956,wheat,28/09/1955,,ploughed,tillage process,3,1,,ploughed,,,,,,,,,,
R/WF/3,1956,wheat,01/09/1956,,harvested,harvesting process,3,,,harvested,,,,,,,,,,
R/WF/3,1956,fallow,28/09/1955,,ploughed,tillage process,3,1,,ploughed,,,,,,,,,,
R/WF/3,1956,fallow,15/05/1956,,ploughed,tillage process,3,1,,ploughed,,,,,,,,,,
R/WF/3,1956,fallow,23/08/1956,,ploughed,tillage process,3,1,,ploughed,,,,,,,,,,
R/WF/3,1957,wheat,26/09/1956,,ploughed,tillage process,3,1,,ploughed,,,,,,,,,,
R/WF/3,1957,wheat,26/08/1957,,combine harvested,harvesting process,3,,,combine harvested,,,,,,,,,,
R/WF/3,1957,fallow,26/09/1956,,ploughed,tillage process,3,1,,ploughed,,,,,,,,,,
R/WF/3,1958,wheat,02/09/1957,,ploughed,tillage process,3,1,,ploughed,,,,,,,,,,
R/WF/3,1958,wheat,05/09/1958,,combine harvested,harvesting process,3,,,combine harvested,,,,,,,,,,
R/WF/3,1958,fallow,02/09/1957,,ploughed,tillage process,3,1,,ploughed,,,,,,,,,,
R/WF/3,1959,wheat,21/10/1958,,ploughed,tillage process,3,1,,ploughed,,,,,,,,,,
R/WF/3,1959,wheat,20/08/1959,,combine harvested,harvesting process,3,,,combine harvested,,,,,,,,,,
R/WF/3,1959,fallow,21/10/1958,,ploughed,tillage process,3,1,,ploughed,,,,,,,,,,
R/WF/3,1959,fallow,02/06/1959,,ploughed,tillage process,3,1,,ploughed,,,,,,,,,,
R/WF/3,1960,wheat,12/09/1959,,ploughed,tillage process,3,1,,ploughed,,,,,,,,,,
R/WF/3,1960,wheat,31/08/1960,,combine harvested,harvesting process,3,,,combine harvested,,,,,,,,,,
R/WF/3,1960,fallow,11/09/1959,,ploughed,tillage process,3,1,,ploughed twice,,,,,,,,,,
R/WF/3,1960,fallow,12/09/1959,,ploughed,tillage process,3,1,,ploughed twice,,,,,,,,,,
R/WF/3,1961,wheat,21/09/1960,,ploughed,tillage process,3,1,,ploughed,,,,,,,,,,
R/WF/3,1961,wheat,01/09/1961,,combine harvested,harvesting process,3,,,combine harvested,,,,,,,,,,
R/WF/3,1961,fallow,21/09/1960,,ploughed,tillage process,3,1,,ploughed,,,,,,,,,,
R/WF/3,1961,fallow,14/06/1961,,ploughed,tillage process,3,1,,ploughed,,,,,,,,,,
R/WF/3,1961,fallow,18/07/1961,,ploughed,tillage process,3,1,,ploughed,,,,,,,,,,
R/WF/3,1962,wheat,15/09/1961,,ploughed,tillage process,3,1,,ploughed,,,,,,,,,,
R/WF/3,1962,wheat,15/09/1962,,combine harvested,harvesting process,3,,,combine harvested,,,,,,,,,,
R/WF/3,1962,fallow,15/09/1961,,ploughed,tillage process,3,1,,ploughed,,,,,,,,,,
R/WF/3,1962,fallow,17/05/1962,,ploughed,tillage process,3,1,,ploughed,,,,,,,,,,
R/WF/3,1962,fallow,16/07/1962,,ploughed,tillage process,3,1,,ploughed,,,,,,,,,,
R/WF/3,1963,wheat,24/10/1962,,ploughed,tillage process,3,1,,ploughed,,,,,,,,,,
R/WF/3,1963,wheat,10/09/1963,,combine harvested,harvesting process,3,,,combine harvested,,,,,,,,,,
R/WF/3,1963,fallow,24/10/1962,,ploughed,tillage process,3,1,,ploughed,,,,,,,,,,
R/WF/3,1963,fallow,31/05/1963,,ploughed,tillage process,3,1,,ploughed,,,,,,,,,,
R/WF/3,1963,fallow,16/07/1963,,ploughed,tillage process,3,1,,ploughed,,,,,,,,,,
R/WF/3,1964,wheat,24/09/1963,,ploughed,tillage process,3,1,,ploughed,,,,,,,,,,
R/WF/3,1964,wheat,28-Aug-64,,combine harvested,harvesting process,3,,,combine harvested,,,,,,,,,,
R/WF/3,1964,fallow,24/09/1963,,ploughed,tillage process,3,1,,ploughed,,,,,,,,,,
R/WF/3,1964,fallow,30/05/1964,,ploughed,tillage process,3,1,,ploughed,,,,,,,,,,
R/WF/3,1964,fallow,27/07/1964,,ploughed,tillage process,3,1,,ploughed,,,,,,,,,,
R/WF/3,1965,wheat,17/09/1964,,ploughed,tillage process,3,1,,ploughed,,,,,,,,,,
R/WF/3,1965,wheat,21/09/1965,,combine harvested,harvesting process,3,,,combine harvested,,,,,,,,,,
R/WF/3,1965,fallow,17/09/1964,,ploughed,tillage process,3,1,,ploughed,,,,,,,,,,
R/WF/3,1965,fallow,19/07/1965,,ploughed,tillage process,3,1,,ploughed,,,,,,,,,,
R/WF/3,1965,fallow,13/08/1965,,ploughed,tillage process,3,1,,ploughed,,,,,,,,,,
R/WF/3,1966,wheat,14/10/1965,,ploughed,tillage process,3,1,,ploughed,,,,,,,,,,
R/WF/3,1966,wheat,02/05/1966,,sections A3 and A4 rotary cultivated,tillage process,3,1,,sections A3 and A4 rotary cultivated and redrilled with Kloka spring wheat at 230 lb,,,,,,"A3, A4",,,,
R/WF/3,1966,wheat,03/09/1966,,Winter wheat combine harvested,harvesting process,3,,,Winter wheat combine harvested,,,,,,A1,,,,
R/WF/3,1966,wheat,07/09/1966,,Spring wheat combine harvested,harvesting process,3,,,Spring wheat combine harvested,,,,,,"A3, A4",,,,
R/WF/3,1966,fallow,14/10/1965,,ploughed,tillage process,3,1,,ploughed,,,,,,,,,,
R/WF/3,1966,fallow,23/05/1966,,ploughed,tillage process,3,1,,ploughed,,,,,,,,,,
R/WF/3,1966,fallow,15/07/1966,,ploughed,tillage process,3,1,,ploughed,,,,,,,,,,
R/WF/3,1967,wheat,13/09/1966,,ploughed,tillage process,3,1,,ploughed,,,,,,,,,,
R/WF/3,1967,wheat,30/08/1967,,combine harvested,harvesting process,3,,,combine harvested,,,,,,,,,,
R/WF/3,1967,fallow,13/09/1966,,ploughed,tillage process,3,1,,ploughed,,,,,,,,,,
R/WF/3,1967,fallow,03/04/1967,,ploughed,tillage process,3,1,,ploughed,,,,,,,,,,
R/WF/3,1967,fallow,05/07/1967,,ploughed,tillage process,3,1,,ploughed,,,,,,,,,,
R/WF/3,1968,wheat,05/09/1967,,ploughed,tillage process,3,1,,ploughed,,,,,,,,,,
R/WF/3,1968,wheat,26/08/1968,,combine harvested,harvesting process,3,,,combine harvested,,,,,,,,,,
R/WF/3,1968,fallow,05/09/1967,,ploughed,tillage process,3,1,,ploughed,,,,,,,,,,
R/WF/3,1968,fallow,27/05/1968,,ploughed,tillage process,3,1,,ploughed,,,,,,,,,,
R/WF/3,1968,fallow,05/08/1968,,ploughed,tillage process,3,1,,ploughed,,,,,,,,,,
R/WF/3,1969,wheat,06/09/1968,,ploughed,tillage process,3,1,,ploughed,,,,,,,,,,
R/WF/3,1969,wheat,29/08/1969,,combine harvested,harvesting process,3,,,combine harvested,,,,,,,,,,
R/WF/3,1969,fallow,06/09/1968,,ploughed,tillage process,3,1,,ploughed,,,,,,,,,,
R/WF/3,1969,fallow,13/05/1969,,ploughed,tillage process,3,1,,ploughed,,,,,,,,,,
R/WF/3,1969,fallow,08/07/1969,,ploughed,tillage process,3,1,,ploughed,,,,,,,,,,
R/WF/3,1970,wheat,22/09/1969,,ploughed,tillage process,3,1,,ploughed,,,,,,,,,,
R/WF/3,1970,wheat,14/10/1969,,rotary cultivated,tillage process,3,1,,rotary cultivated,,,,,,,,,,
R/WF/3,1970,wheat,26/08/1970,,combine harvested,harvesting process,3,,,combine harvested,,,,,,,,,,
R/WF/3,1970,fallow,14/10/1969,,rotary cultivated,tillage process,3,1,,Plot 07 (2nd year fallow) rotary cultivated,,,,,,7,,,,
R/WF/3,1970,fallow,22/09/1969,,ploughed,tillage process,3,1,,ploughed (all fallow plots),,,,,,,,,,
R/WF/3,1970,fallow,21/05/1970,,ploughed,tillage process,3,1,,ploughed (all fallow plots),,,,,,,,,,
R/WF/3,1970,fallow,09/07/1970,,ploughed,tillage process,3,1,,ploughed (all fallow plots),,,,,,,,,,
R/WF/3,1971,wheat,04/09/1970,,ploughed,tillage process,3,1,,ploughed,,,,,,,,,,
R/WF/3,1971,wheat,27/08/1971,,combine harvested,harvesting process,3,,,combine harvested,,,,,,,,,,
R/WF/3,1971,fallow,04/09/1970,,ploughed,tillage process,3,1,,ploughed,,,,,,,,,,
R/WF/3,1971,fallow,19/04/1971,,ploughed,tillage process,3,1,,ploughed,,,,,,,,,,
R/WF/3,1971,fallow,08/07/1971,,ploughed,tillage process,3,1,,ploughed,,,,,,,,,,
R/WF/3,1972,wheat,04/10/1971,,ploughed,tillage process,3,1,,ploughed,,,,,,,,,,
R/WF/3,1972,wheat,01/09/1972,,combine harvested,harvesting process,3,,,combine harvested,,,,,,,,,,
R/WF/3,1972,fallow,04/10/1971,,ploughed,tillage process,3,1,,ploughed,,,,,,,,,,
R/WF/3,1972,fallow,11/05/1972,,ploughed,tillage process,3,1,,ploughed,,,,,,,,,,
R/WF/3,1972,fallow,11/07/1972,,ploughed,tillage process,3,1,,ploughed,,,,,,,,,,
R/WF/3,1973,wheat,11/09/1972,,ploughed,tillage process,3,1,,ploughed,,,,,,,,,,
R/WF/3,1973,wheat,20/08/1973,,combine harvested,harvesting process,3,,,combine harvested,,,,,,,,,,
R/WF/3,1973,fallow,11/09/1972,,ploughed,tillage process,3,1,,ploughed,,,,,,,,,,
R/WF/3,1973,fallow,17/05/1973,,ploughed,tillage process,3,1,,ploughed,,,,,,,,,,
R/WF/3,1973,fallow,06/07/1973,,ploughed,tillage process,3,1,,ploughed,,,,,,,,,,
R/WF/3,1974,wheat,03/10/1973,,ploughed,tillage process,3,1,,ploughed,,,,,,,,,,
R/WF/3,1974,wheat,18/10/1973,,disced,tillage process,3,1,,disced,,,,,,,,,,
R/WF/3,1974,wheat,29/08/1974,,combine harvested,harvesting process,3,,,combine harvested,,,,,,,,,,
R/WF/3,1974,fallow,03/10/1973,,ploughed,tillage process,3,1,,ploughed,,,,,,,,,,
R/WF/3,1974,fallow,07/05/1974,,ploughed,tillage process,3,1,,ploughed,,,,,,,,,,
R/WF/3,1974,fallow,22/07/1974,,ploughed,tillage process,3,1,,ploughed,,,,,,,,,,
R/WF/3,1974,fallow,08/03/1974,,spring-tine cultivated,tillage process,3,1,,spring-tine cultivated,,,,,,,,,,
R/WF/3,1974,fallow,11/04/1974,,spring-tine cultivated,tillage process,3,1,,spring-tine cultivated,,,,,,,,,,
R/WF/3,1974,fallow,10/07/1974,,spring-tine cultivated,tillage process,3,1,,spring-tine cultivated,,,,,,,,,,
R/WF/3,1974,fallow,08/08/1974,,spring-tine cultivated,tillage process,3,1,,spring-tine cultivated,,,,,,,,,,
R/WF/3,1975,wheat,28/10/1974,,ploughed,tillage process,3,1,,ploughed,,,,,,,,,,
R/WF/3,1975,wheat,08/11/1974,,power harrowed,tillage process,3,1,,power harrowed,,,,,,,,,,
R/WF/3,1975,wheat,08/11/1974,,harrowed in,tillage process,3,1,,harrowed in,,,,,,,,,,
R/WF/3,1975,wheat,13/08/1975,,combine harvested,harvesting process,3,,,combine harvested,,,,,,,,,,
R/WF/3,1975,fallow,28/10/1974,,ploughed,tillage process,3,1,,ploughed,,,,,,,,,,
R/WF/3,1975,fallow,16/05/1975,,ploughed,tillage process,3,1,,ploughed,,,,,,,,,,
R/WF/3,1975,fallow,15/07/1975,,ploughed,tillage process,3,1,,ploughed,,,,,,,,,,
R/WF/3,1975,fallow,27/05/1975,,spring-tine cultivated,tillage process,3,1,,spring-tine cultivated,,,,,,,,,,
R/WF/3,1976,wheat,11/10/1975,,ploughed,tillage process,3,1,,ploughed,,,,,,,,,,
R/WF/3,1976,wheat,15/10/1975,,rotary harrowed,tillage process,3,1,,rotary harrowed,,,,,,,,,,
R/WF/3,1976,wheat,29/07/1976,,combine harvested,harvesting process,3,,,combine harvested,,,,,,,,,,
R/WF/3,1976,fallow,11/10/1975,,ploughed,tillage process,3,1,,ploughed,,,,,,,,,,
R/WF/3,1976,fallow,02/06/1976,,ploughed,tillage process,3,1,,ploughed,,,,,,,,,,
R/WF/3,1976,fallow,08/07/1976,,ploughed,tillage process,3,1,,ploughed,,,,,,,,,,
R/WF/3,1976,fallow,21/04/1976,,heavy spring-tine cultivated,tillage process,3,1,,heavy spring-tine cultivated,,,,,,,,,,
R/WF/3,1976,fallow,11/06/1976,,heavy spring-tine cultivated,tillage process,3,1,,heavy spring-tine cultivated,,,,,,,,,,
R/WF/3,1976,fallow,22/03/1976,,spring-tine cultivated,tillage process,3,1,,spring-tine cultivated,,,,,,,,,,
R/WF/3,1976,fallow,20/07/1976,,spring-tine cultivated,tillage process,3,1,,spring-tine cultivated,,,,,,,,,,
R/WF/3,1977,wheat,01/10/1976,,ploughed,tillage process,3,1,,ploughed,,,,,,,,,,
R/WF/3,1977,wheat,24/11/1976,,rotary harrowed,tillage process,3,1,,rotary harrowed,,,,,,,,,,
R/WF/3,1977,wheat,08/09/1977,,combine harvested,harvesting process,3,,,combine harvested,,,,,,,,,,
R/WF/3,1977,fallow,01/10/1976,,ploughed,tillage process,3,1,,ploughed,,,,,,,,,,
R/WF/3,1977,fallow,18/05/1977,,ploughed,tillage process,3,1,,ploughed,,,,,,,,,,
R/WF/3,1977,fallow,20/07/1977,,ploughed,tillage process,3,1,,ploughed,,,,,,,,,,
R/WF/3,1977,fallow,11/08/1977,,spring-tine cultivated,tillage process,3,1,,spring-tine cultivated,,,,,,,,,,
R/WF/3,1978,wheat,28/09/1977,,ploughed,tillage process,3,1,,ploughed,,,,,,,,,,
R/WF/3,1978,wheat,19/10/1977,,rotary harrowed,tillage process,3,1,,rotary harrowed,,,,,,,,,,
R/WF/3,1978,wheat,30/08/1978,,combine harvested,harvesting process,3,,,combine harvested,,,,,,,,,,
R/WF/3,1978,fallow,28/09/1977,,ploughed,tillage process,3,1,,ploughed,,,,,,,,,,
R/WF/3,1978,fallow,25/05/1978,,ploughed,tillage process,3,1,,ploughed,,,,,,,,,,
R/WF/3,1978,fallow,15/06/1978,,rolled,land levelling process,3,,,rolled,,,,,,,,,,
R/WF/3,1978,fallow,15/06/1978,,heavy spring-tine cultivated,tillage process,3,1,,heavy spring-tine cultivated,,,,,,,,,,
R/WF/3,1978,fallow,26/06/1978,,spring-tine cultivated,tillage process,3,1,,spring-tine cultivated,,,,,,,,,,
R/WF/3,1978,fallow,05/07/1978,,ploughed,tillage process,3,1,,ploughed,,,,,,,,,,
R/WF/3,1978,fallow,12/07/1978,,rolled,land levelling process,3,,,rolled,,,,,,,,,,
R/WF/3,1978,fallow,12/07/1978,,spring-tine cultivated,tillage process,3,1,,spring-tine cultivated,,,,,,,,,,
R/WF/3,1979,wheat,09/10/1978,,ploughed,tillage process,3,1,,ploughed,,,,,,,,,,
R/WF/3,1979,wheat,10/10/1978,,rotary harrowed,tillage process,3,1,,rotary harrowed,,,,,,,,,,
R/WF/3,1979,wheat,28/08/1979,,combine harvested,harvesting process,3,,,combine harvested,,,,,,,,,,
R/WF/3,1979,fallow,09/10/1978,,ploughed,tillage process,3,1,,ploughed,,,,,,,,,,
R/WF/3,1979,fallow,01/05/1979,,spring-tine cultivated,tillage process,3,1,,spring-tine cultivated,,,,,,,,,,
R/WF/3,1979,fallow,24/05/1979,,ploughed,tillage process,3,1,,ploughed,,,,,,,,,,
R/WF/3,1979,fallow,14/06/1979,,heavy spring-tine cultivated,tillage process,3,1,,heavy spring-tine cultivated,,,,,,,,,,
R/WF/3,1979,fallow,11/07/1979,,ploughed,tillage process,3,1,,ploughed,,,,,,,,,,
R/WF/3,1979,fallow,31/07/1979,,heavy spring-tine cultivated,tillage process,3,1,,heavy spring-tine cultivated,,,,,,,,,,
R/WF/3,1980,wheat,11/10/1979,,ploughed,tillage process,3,1,,ploughed,,,,,,,,,,
R/WF/3,1980,wheat,16/10/1979,,rotary harrowed,tillage process,3,1,,rotary harrowed,,,,,,,,,,
R/WF/3,1980,wheat,21/08/1980,,combine harvested,harvesting process,3,,,combine harvested,,,,,,,,,,
R/WF/3,1980,fallow,11/10/1979,,ploughed,tillage process,3,1,,ploughed,,,,,,,,,,
R/WF/3,1980,fallow,21/04/1980,,heavy spring-tine cultivated,tillage process,3,1,,heavy spring-tine cultivated,,,,,,,,,,
R/WF/3,1980,fallow,09/05/1980,,ploughed,tillage process,3,1,,ploughed,,,,,,,,,,
R/WF/3,1980,fallow,16/06/1980,,ploughed,tillage process,3,1,,ploughed,,,,,,,,,,
R/WF/3,1980,fallow,22/05/1980,,spring-tine cultivated,tillage process,3,1,,spring-tine cultivated,,,,,,,,,,
R/WF/3,1980,fallow,19/06/1980,,spring-tine cultivated,tillage process,3,1,,spring-tine cultivated,,,,,,,,,,
R/WF/3,1980,fallow,01/08/1980,,rotary harrowed,tillage process,3,1,,rotary harrowed,,,,,,,,,,
R/WF/3,1981,wheat,01/10/1980,,ploughed,tillage process,3,1,,ploughed,,,,,,,,,,
R/WF/3,1981,wheat,01/10/1980,,rotary harrowed,tillage process,3,1,,rotary harrowed,,,,,,,,,,
R/WF/3,1981,wheat,19/08/1981,,combine harvested,harvesting process,3,,,combine harvested,,,,,,,,,,
R/WF/3,1981,fallow,01/10/1980,,ploughed,tillage process,3,1,,ploughed,,,,,,,,,,
R/WF/3,1981,fallow,17/06/1981,,ploughed,tillage process,3,1,,ploughed,,,,,,,,,,
R/WF/3,1981,fallow,16/07/1981,,ploughed,tillage process,3,1,,ploughed,,,,,,,,,,
R/WF/3,1981,fallow,18/04/1981,,heavy spring-tine cultivated,tillage process,3,1,,heavy spring-tine cultivated,,,,,,,,,,
R/WF/3,1981,fallow,18/04/1981,,spring-tine cultivated,tillage process,3,1,,spring-tine cultivated,,,,,,,,,,
R/WF/3,1981,fallow,15/05/1981,,rotary harrowed,tillage process,3,1,,rotary harrowed,,,,,,,,,,
R/WF/3,1981,fallow,19/06/1981,,heavy spring-tine cultivated,tillage process,3,1,,heavy spring-tine cultivated,,,,,,,,,,
R/WF/3,1981,fallow,01/07/1981,,spring-tine cultivated,tillage process,3,1,,spring-tine cultivated,,,,,,,,,,
R/WF/3,1981,fallow,20/07/1981,,spring-tine cultivated,tillage process,3,1,,spring-tine cultivated,,,,,,,,,,
R/WF/3,1981,fallow,11/08/1981,,spring-tine cultivated,tillage process,3,1,,spring-tine cultivated,,,,,,,,,,
R/WF/3,1982,wheat,29/09/1981,,ploughed,tillage process,3,1,,ploughed,,,,,,,,,,
R/WF/3,1982,wheat,15/10/1981,,rotary harrowed,tillage process,3,1,,rotary harrowed,,,,,,,,,,
R/WF/3,1982,wheat,20/08/1982,,combine harvested,harvesting process,3,,,combine harvested,,,,,,,,,,
R/WF/3,1982,fallow,29/09/1981,,ploughed,tillage process,3,1,,ploughed,,,,,,,,,,
R/WF/3,1982,fallow,15/04/1982,,spring-tine cultivated,tillage process,3,1,,spring-tine cultivated,,,,,,,,,,
R/WF/3,1982,fallow,04/05/1982,,ploughed,tillage process,3,1,,ploughed,,,,,,,,,,
R/WF/3,1982,fallow,12/05/1982,,spring-tine cultivated,tillage process,3,1,,spring-tine cultivated,,,,,,,,,,
R/WF/3,1982,fallow,17/06/1982,,ploughed,tillage process,3,1,,ploughed,,,,,,,,,,
R/WF/3,1982,fallow,30/06/1982,,spring-tine cultivated,tillage process,3,1,,spring-tine cultivated,,,,,,,,,,
R/WF/3,1982,fallow,29/07/1982,,rotary harrowed,tillage process,3,1,,rotary harrowed,,,,,,,,,,
R/WF/3,1983,wheat,07/09/1982,,ploughed,tillage process,3,1,,ploughed,,,,,,,,,,
R/WF/3,1983,wheat,29/10/1982,,spring-tine cultivated,tillage process,3,1,,spring-tine cultivated,,,,,,,,,,
R/WF/3,1983,wheat,18/01/1983,,heavy spring-tine cultivated,tillage process,3,1,,heavy spring-tine cultivated,,,,,,,,,,
R/WF/3,1983,wheat,18/01/1983,,spring-tine cultivated,tillage process,3,1,,spring-tine cultivated,,,,,,,,,,
R/WF/3,1983,wheat,18/01/1983,,rotary harrowed,tillage process,3,1,,rotary harrowed,,,,,,,,,,
R/WF/3,1983,wheat,10/08/1983,,combine harvested,harvesting process,3,,,combine harvested,,,,,,,,,,
R/WF/3,1983,fallow,07/09/1982,,ploughed,tillage process,3,1,,fallow plot ploughed,,,,,,,,,,
R/WF/3,1983,fallow,25/05/1983,,heavy spring-tine cultivated,tillage process,3,1,,heavy spring-tine cultivated,,,,,,,,,,
R/WF/3,1983,fallow,16/06/1983,,ploughed,tillage process,3,1,,ploughed,,,,,,,,,,
R/WF/3,1983,fallow,23/06/1983,,spring-tine cultivated,tillage process,3,1,,spring-tine cultivated,,,,,,,,,,
R/WF/3,1983,fallow,14/07/1983,,ploughed,tillage process,3,1,,ploughed,,,,,,,,,,
R/WF/3,1983,fallow,21/07/1983,,spring-tine cultivated,tillage process,3,1,,spring-tine cultivated,,,,,,,,,,
R/WF/3,1984,wheat,12/09/1983,,ploughed,tillage process,3,1,,ploughed,,,,,,,,,,
R/WF/3,1984,wheat,06/10/1983,,spring-tine cultivated,tillage process,3,1,,spring-tine cultivated,,,,,,,,,,
R/WF/3,1984,wheat,07/10/1983,,rotary harrowed,tillage process,3,1,,rotary harrowed,,,,,,,,,,
R/WF/3,1984,wheat,14/08/1984,,combine harvested,harvesting process,3,,,combine harvested,,,,,,,,,,
R/WF/3,1984,fallow,12/09/1983,,ploughed,tillage process,3,1,,ploughed,,,,,,,,,,
R/WF/3,1984,fallow,06/10/1983,,spring-tine cultivated,tillage process,3,1,,spring-tine cultivated,,,,,,,,,,
R/WF/3,1984,fallow,27/04/1984,,heavy spring-tine cultivated,tillage process,3,1,,heavy spring-tine cultivated,,,,,,,,,,
R/WF/3,1984,fallow,02/05/1984,,ploughed,tillage process,3,1,,ploughed,,,,,,,,,,
R/WF/3,1984,fallow,08/05/1984,,rolled,land levelling process,3,,,rolled,,,,,,,,,,
R/WF/3,1984,fallow,08/05/1984,,heavy spring-tine cultivated,tillage process,3,1,,heavy spring-tine cultivated,,,,,,,,,,
R/WF/3,1984,fallow,18/06/1984,,ploughed,tillage process,3,1,,ploughed,,,,,,,,,,
R/WF/3,1984,fallow,25/06/1984,,rolled,land levelling process,3,,,rolled,,,,,,,,,,
R/WF/3,1984,fallow,25/06/1984,,spring-tine cultivated,tillage process,3,1,,spring-tine cultivated,,,,,,,,,,
R/WF/3,1985,wheat,01/10/1984,,ploughed,tillage process,3,1,,ploughed,,,,,,,,,,
R/WF/3,1985,wheat,01/11/1984,,rotary harrowed,tillage process,3,1,,rotary harrowed,,,,,,,,,,
R/WF/3,1985,wheat,06/09/1985,,combine harvested,harvesting process,3,,,combine harvested,,,,,,,,,,
R/WF/3,1985,fallow,01/10/1984,,ploughed,tillage process,3,1,,ploughed,,,,,,,,,,
R/WF/3,1985,fallow,02/05/1985,,ploughed,tillage process,3,1,,ploughed,,,,,,,,,,
R/WF/3,1985,fallow,07/05/1985,,rolled,land levelling process,3,,,rolled,,,,,,,,,,
R/WF/3,1985,fallow,16/05/1985,,spring-tine cultivated,tillage process,3,1,,spring-tine cultivated,,,,,,,,,,
R/WF/3,1985,fallow,14/06/1985,,spring-tine cultivated,tillage process,3,1,,spring-tine cultivated,,,,,,,,,,
R/WF/3,1985,fallow,15/07/1985,,ploughed,tillage process,3,1,,ploughed,,,,,,,,,,
R/WF/3,1985,fallow,02/08/1985,,spring-tine cultivated,tillage process,3,1,,spring-tine cultivated,,,,,,,,,,
R/WF/3,1986,wheat,08/10/1985,,spring-tine cultivated,tillage process,3,1,,spring-tine cultivated,,,,,,,,,,
R/WF/3,1986,wheat,02/09/1986,,combine harvested,harvesting process,3,,,combine harvested,,,,,,,,,,
R/WF/3,1986,fallow,07/10/1985,,ploughed,tillage process,3,1,,ploughed,,,,,,,,,,
R/WF/3,1986,fallow,28/04/1986,,spring-tine cultivated,tillage process,3,1,,spring-tine cultivated,,,,,,,,,,
R/WF/3,1986,fallow,13/05/1986,,spring-tine cultivated,tillage process,3,1,,spring-tine cultivated,,,,,,,,,,
R/WF/3,1986,fallow,06/06/1986,,spring-tine cultivated,tillage process,3,1,,spring-tine cultivated,,,,,,,,,,
R/WF/3,1986,fallow,19/06/1986,,spring-tine cultivated,tillage process,3,1,,spring-tine cultivated,,,,,,,,,,
R/WF/3,1986,fallow,28/07/1986,,spring-tine cultivated,tillage process,3,1,,spring-tine cultivated,,,,,,,,,,
R/WF/3,1986,fallow,07/07/1986,,cultivated with thistle bar,tillage process,3,1,,cultivated with thistle bar,,,,,,,,,,
R/WF/3,1986,fallow,22/08/1986,,cultivated with thistle bar,tillage process,3,1,,cultivated with thistle bar,,,,,,,,,,
R/WF/3,1987,wheat,11/10/1986,,rotary harrowed,tillage process,3,1,,rotary harrowed,,,,,,,,,,
R/WF/3,1987,wheat,01/09/1987,,combine harvested,harvesting process,3,,,combine harvested,,,,,,,,,,
R/WF/3,1987,fallow,10/10/1986,,ploughed,tillage process,3,1,,ploughed,,,,,,,,,,
R/WF/3,1987,fallow,27/04/1987,,rotary harrowed,tillage process,3,1,,rotary harrowed,,,,,,,,,,
R/WF/3,1987,fallow,28/04/1987,,Deep-tine cultivated,tillage process,3,1,,Deep-tine cultivated,,,,,,,,,,
R/WF/3,1987,fallow,22/06/1987,,heavy spring-tine cultivated,tillage process,3,1,,heavy spring-tine cultivated,,,,,,,,,,
R/WF/3,1987,fallow,30/06/1987,,heavy spring-tine cultivated,tillage process,3,1,,heavy spring-tine cultivated,,,,,,,,,,
R/WF/3,1987,fallow,19/08/1987,,cultivated by rotary grubber,tillage process,3,1,,cultivated by rotary grubber,,,,,,,,,,
R/WF/3,1988,wheat,06/11/1987,,rotary harrowed,tillage process,3,1,,rotary harrowed,,,,,,,,,,
R/WF/3,1988,wheat,06/09/1988,,combine harvested,harvesting process,3,,,combine harvested,,,,,,,,,,
R/WF/3,1988,fallow,14/12/1987,,ploughed,tillage process,3,1,,ploughed,,,,,,,,,,
R/WF/3,1988,fallow,29/04/1988,,heavy spring-tine cultivated,tillage process,3,1,,heavy spring-tine cultivated,,,,,,,,,,
R/WF/3,1988,fallow,16/05/1988,,cultivated by rotary grubber,tillage process,3,1,,cultivated by rotary grubber,,,,,,,,,,
R/WF/3,1988,fallow,13/06/1988,,cultivated by rotary grubber,tillage process,3,1,,cultivated by rotary grubber,,,,,,,,,,
R/WF/3,1989,wheat,27/10/1988,,heavy spring-tine cultivated,tillage process,3,1,,heavy spring-tine cultivated,,,,,,,,,,
R/WF/3,1989,wheat,09/08/1989,,combine harvested,harvesting process,3,,,combine harvested,,,,,,,,,,
R/WF/3,1989,fallow,12/12/1988,,ploughed,tillage process,3,1,,ploughed,,,,,,,,,,
R/WF/3,1989,fallow,08/05/1989,,rotary cultivated,tillage process,3,1,,rotary cultivated,,,,,,,,,,
R/WF/3,1989,fallow,31/07/1989,,cultivated with thistle bar,tillage process,3,1,,cultivated with thistle bar,,,,,,,,,,
R/WF/3,1990,wheat,12/10/1989,,heavy spring-tine cultivated,tillage process,3,1,,heavy spring-tine cultivated,,,,,,,,,,
R/WF/3,1990,wheat,12/10/1989,,rotary harrowed,tillage process,3,1,,rotary harrowed,,,,,,,,,,
R/WF/3,1990,wheat,09/08/1990,,combine harvested,harvesting process,3,,,combine harvested,,,,,,,,,,
R/WF/3,1990,fallow,08/12/1989,,ploughed,tillage process,3,1,,ploughed,,,,,,,,,,
R/WF/3,1990,fallow,23/04/1990,,heavy spring-tine cultivated,tillage process,3,1,,heavy spring-tine cultivated,,,,,,,,,,
R/WF/3,1990,fallow,15/06/1990,,cultivated by rotary grubber,tillage process,3,1,,cultivated by rotary grubber,,,,,,,,,,
R/WF/3,1990,fallow,17/07/1990,,cultivated with thistle bar,tillage process,3,1,,cultivated with thistle bar,,,,,,,,,,
R/WF/3,1991,wheat,17/10/1990,,rotary harrowed twice,tillage process,3,1,,rotary harrowed twice,,,,,,,,,,
R/WF/3,1991,wheat,25/08/1991,,combine harvested,harvesting process,3,,,combine harvested,,,,,,,,,,
R/WF/3,1991,fallow,24/09/1990,,"Deep tine cultivated with vibrating tines 60 cm apart, 45 cm deep",tillage process,3,1,,"Deep tine cultivated with vibrating tines 60 cm apart, 45 cm deep",,,,,,,,,,
R/WF/3,1991,fallow,04/10/1991,,"ploughed, furrow pressed",tillage process,3,2,,"ploughed, furrow pressed",,,,,,,,,,
R/WF/3,1991,fallow,25/04/1991,,heavy spring-tine cultivated,tillage process,3,1,,heavy spring-tine cultivated,,,,,,,,,,
R/WF/3,1991,fallow,14/06/1991,,spring-tine cultivated,tillage process,3,1,,spring-tine cultivated,,,,,,,,,,
R/WF/3,1991,fallow,08/07/1991,,heavy spring-tine cultivated,tillage process,3,1,,heavy spring-tine cultivated,,,,,,,,,,
R/WF/3,1992,wheat,15/10/1991,,rotary harrowed twice,tillage process,3,1,,rotary harrowed twice,,,,,,,,,,
R/WF/3,1992,wheat,17/10/1991,,rolled,land levelling process,3,,,rolled,,,,,,,,,,
R/WF/3,1992,wheat,30/07/1992,,combine harvested,harvesting process,3,,,combine harvested,,,,,,,,,,
R/WF/3,1992,fallow,20/09/1991,,ploughed,tillage process,3,1,,ploughed,,,,,,,,,,
R/WF/3,1992,fallow,20/09/1991,,spring-tine cultivated,tillage process,3,1,,spring-tine cultivated,,,,,,,,,,
R/WF/3,1992,fallow,20/09/1991,,rolled,land levelling process,3,,,rolled,,,,,,,,,,
R/WF/3,1992,fallow,15/01/1992,,Chisel ploughed.,tillage process,3,1,,Chisel ploughed.,,,,,,,,,,
R/WF/3,1992,fallow,18/05/1992,,heavy spring-tine cultivated,tillage process,3,1,,heavy spring-tine cultivated,,,,,,,,,,
R/WF/3,1992,fallow,25/06/1992,,cultivated by rotary grubber,tillage process,3,1,,cultivated by rotary grubber,,,,,,,,,,
R/WF/3,1993,wheat,14/10/1992,,ploughed,tillage process,3,1,,ploughed,,,,,,,,,,
R/WF/3,1993,wheat,19/10/1992,,rotary harrowed twice,tillage process,3,1,,rotary harrowed twice,,,,,,,,,,
R/WF/3,1993,wheat,17/08/1993,,combine harvested,harvesting process,3,,,combine harvested,,,,,,,,,,
R/WF/3,1993,fallow,05/10/1992,,ploughed,tillage process,3,1,,ploughed,,,,,,,,,,
R/WF/3,1993,fallow,26/05/1993,,cultivated by rotary grubber,tillage process,3,1,,cultivated by rotary grubber,,,,,,,,,,
R/WF/3,1993,fallow,24/06/1993,,cultivated by rotary grubber,tillage process,3,1,,cultivated by rotary grubber,,,,,,,,,,
R/WF/3,1994,wheat,20/10/1993,,ploughed,tillage process,3,1,,ploughed,,,,,,,,,,
R/WF/3,1994,wheat,28/10/1993,,spring-tine cultivated,tillage process,3,1,,spring-tine cultivated,,,,,,,,,,
R/WF/3,1994,wheat,28/10/1993,,rotary harrowed,tillage process,3,1,,rotary harrowed,,,,,,,,,,
R/WF/3,1994,wheat,22/08/1994,,combine harvested,harvesting process,3,,,combine harvested,,,,,,,,,,
R/WF/3,1994,fallow,20/10/1993,,ploughed,tillage process,3,1,,ploughed,,,,,,,,,,
R/WF/3,1994,fallow,16/06/1994,,cultivated by rotary grubber,tillage process,3,1,,cultivated by rotary grubber,,,,,,,,,,
R/WF/3,1994,fallow,08/07/1994,,cultivated by rotary grubber,tillage process,3,1,,cultivated by rotary grubber,,,,,,,,,,
R/WF/3,1995,wheat,16/11/1994,,spring-tine cultivated,tillage process,3,1,,spring-tine cultivated,,,,,,,,,,
R/WF/3,1995,wheat,17/11/1994,,rotary harrowed,tillage process,3,1,,rotary harrowed,,,,,,,,,,
R/WF/3,1995,wheat,06/08/1995,,combine harvested,harvesting process,3,,,combine harvested,,,,,,,,,,
R/WF/3,1995,fallow,14/10/1994,,ploughed,tillage process,3,1,,ploughed,,,,,,,,,,
R/WF/3,1995,fallow,31/05/1995,,heavy spring-tine cultivated,tillage process,3,1,,heavy spring-tine cultivated,,,,,,,,,,
R/WF/3,1995,fallow,09/06/1995,,cultivated by rotary grubber,tillage process,3,1,,cultivated by rotary grubber,,,,,,,,,,
R/WF/3,1995,fallow,17/07/1995,,spring-tine cultivated,tillage process,3,1,,spring-tine cultivated,,,,,,,,,,
R/WF/3,1996,wheat,29/09/1995,,rotary harrowed,tillage process,3,1,,rotary harrowed,,,,,,,,,,
R/WF/3,1996,wheat,16/08/1996,,combine harvested,harvesting process,3,,,combine harvested. fallow plot:,,,,,,,,,,
R/WF/3,1996,fallow,11/08/1995,,straw baled,baling process,3,,,straw baled,,,,,,,,,,
R/WF/3,1996,fallow,25/09/1995,,ploughed and furrow pressed,tillage process,3,2,,ploughed and furrow pressed. :,,,,,,,,,,
R/WF/3,1996,fallow,30/04/1996,,heavy spring-tine cultivated,tillage process,3,1,,heavy spring-tine cultivated,,,,,,,,,,
R/WF/3,1996,fallow,17/07/1996,,shallow cultivated with thistle-bar.,tillage process,3,1,,shallow cultivated with thistle-bar.,,,,,,,,,,
R/WF/3,1997,wheat,05/10/1996,,ploughed,tillage process,3,1,,ploughed,,,,,,,,,,
R/WF/3,1997,wheat,16/10/1996,,heavy spring-tine cultivated,tillage process,3,1,,heavy spring-tine cultivated,,,,,,,,,,
R/WF/3,1997,wheat,16/10/1996,,spring-tine cultivated,tillage process,3,1,,spring-tine cultivated,,,,,,,,,,
R/WF/3,1997,wheat,14/08/1997,,combine harvested,harvesting process,3,,,combine harvested,,,,,,,,,,
R/WF/3,1997,fallow,05/10/1996,,ploughed,tillage process,3,1,,ploughed,,,,,,,,,,
R/WF/3,1997,fallow,15/04/1997,,heavy spring-tine cultivated,tillage process,3,1,,heavy spring-tine cultivated,,,,,,,,,,
R/WF/3,1997,fallow,08/07/1997,,thistle barred,tillage process,3,1,,thistle barred,,,,,,,,,,
R/WF/3,1997,fallow,14/08/1997,,thistle barred,tillage process,3,1,,thistle barred,,,,,,,,,,
R/WF/3,1998,wheat,23/10/1997,,ploughed,tillage process,3,1,,ploughed,,,,,,,,,,
R/WF/3,1998,wheat,16/08/1998,,combine harvested,harvesting process,3,,,combine harvested,,,,,,,,,,
R/WF/3,1998,fallow,23/10/1997,,ploughed,tillage process,3,1,,ploughed,,,,,,,,,,
R/WF/3,1998,fallow,29/04/1998,,spring-tine cultivated,tillage process,3,1,,spring-tine cultivated,,,,,,,,,,
R/WF/3,1998,fallow,20/05/1998,,thistle barred,tillage process,3,1,,thistle barred,,,,,,,,,,
R/WF/3,1998,fallow,09/07/1998,,thistle barred,tillage process,3,1,,Thistie barred.,,,,,,,,,,
R/WF/3,1999,wheat,07/10/1998,,ploughed,tillage process,3,1,,ploughed,,,,,,,,,,
R/WF/3,1999,wheat,15/10/1998,,spring-tine cultivated,tillage process,3,1,,spring-tine cultivated,,,,,,,,,,
R/WF/3,1999,wheat,15/10/1998,,rotary harrowed,tillage process,3,1,,rotary harrowed,,,,,,,,,,
R/WF/3,1999,wheat,06/08/1999,,combine harvested,harvesting process,3,,,combine harvested,,,,,,,,,,
R/WF/3,1999,fallow,06/04/1999,,spring-tine cultivated,tillage process,3,1,,spring-tine cultivated,,,,,,,,,,
R/WF/3,2000,wheat,12/09/1999,,ploughed,tillage process,3,1,,ploughed,,,,,,,,,,
R/WF/3,2000,wheat,04/10/1999,,flexitined,tillage process,3,1,,flexitined,,,,,,,,,,
R/WF/3,2000,wheat,05/10/1999,,rotary harrowed,tillage process,3,1,,rotary harrowed,,,,,,,,,,
R/WF/3,2000,wheat,17/07/2000,,hand rogued wild oats.,hand picking process,3,,,hand rogued wild oats.,,,,,,,,,,
R/WF/3,2000,wheat,12/08/2000,,combine harvested,harvesting process,3,,,combine harvested,,,,,,,,,,
R/WF/3,2000,fallow,16/03/2000,,spring-tine cultivated,tillage process,3,1,,spring-tine cultivated,,,,,,,,,,
R/WF/3,2000,fallow,06/06/2000,,thistle barred,tillage process,3,1,,thistle barred,,,,,,,,,,
R/WF/3,2000,fallow,29/06/2000,,spring-tine cultivated,tillage process,3,1,,spring-tine cultivated,,,,,,,,,,
R/WF/3,2001,wheat,20/10/2000,,ploughed,tillage process,3,1,,ploughed,,,,,,,,,,
R/WF/3,2001,wheat,26/10/2000,,flexitined,tillage process,3,1,,flexitined,,,,,,,,,,
R/WF/3,2001,wheat,21/01/2001,,ploughed,tillage process,3,1,,ploughed,,,,,,,,,,
R/WF/3,2001,wheat,26/07/2001,,rotary harrowed,tillage process,3,1,,rotary harrowed,,,,,,,,,,
R/WF/3,2001,wheat,07/09/2001,,"combine harvested plot for yield, and discard",harvesting process,3,,,": combine harvested plot for yield, and discard",,,,,,,,,,
R/WF/3,2001,wheat,07/09/2001,,straw baled,baling process,3,,,"sampled, baled and weighed straw",,,,,,,,,,
R/WF/3,2001,wheat,07/09/2001,,sampled and weighed straw,specimen collection process,3,,,,,,,,,,,,,
R/WF/3,2001,wheat,07/09/2001,,swathed straw,windrowing,3,,,swathed straw,,,,,,,,,,
R/WF/3,2001,wheat,11/09/2001,,straw baled,baling process,3,,,straw baled,,,,,,,,,,
R/WF/3,2002,fallow,04/10/2001,,ploughed,tillage process,3,1,,ploughed,,,,,,,,,,
R/WF/3,2002,wheat,12/10/2001,,ploughed,tillage process,3,1,,ploughed,,,,,,,,,,
R/WF/3,2002,all plots,10/04/2002,,flexitined,tillage process,3,1,,flexitined,,,,,,,,,,
R/WF/3,2002,all plots,27/06/2002,,rotary harrowed,tillage process,3,1,,rotary harrowed,,,,,,,,,,
R/WF/3,2002,all plots,04/07/2002,,Rogued wild oats.,hand picking process,3,,,: Rogued wild oats.,,,,,,,,,,
R/WF/3,2002,all plots,29/07/2002,,rotavated,tillage process,3,1,,: Rothamsted.,,,,,,,,,,
R/WF/3,2002,wheat,13/08/2002,,combine harvested plots for yield,harvesting process,3,,,"combine harvested, plots for yield.",,,,,,,,,,
R/WF/3,2002,wheat,13/08/2002,,swathed straw,windrowing,3,,,"Swathed straw. sampled, baled and weighed straw.",,,,,,,,,,
R/WF/3,2002,wheat,13/08/2002,,straw baled,baling process,3,,,,,,,,,,,,,
R/WF/3,2002,wheat,13/08/2002,,sampled and weighed straw,specimen collection process,3,,,,,,,,,,,,,
R/WF/3,2002,wheat,24/08/2002,,carted bales,removal process,3,,,: carted barley.,,,,,,,,,,
R/WF/3,2003,all plots,03/10/2002,,"ploughed, 25 cm wide furrows.",tillage process,3,1,,": ploughed, 25 cm wide furrows.",,,,,,,,,,
R/WF/3,2003,all plots,05/10/2002,,rolled,land levelling process,3,,,rolled,,,,,,,,,,
R/WF/3,2003,all plots,08/10/2002,,rolled,land levelling process,3,,,rolled,,,,,,,,,,
R/WF/3,2003,fallow,30/04/2003,,springtined,tillage process,3,1,,: spring fallow strip,,,,,,,,,,
R/WF/3,2003,fallow,09/06/2003,,rotary harrowed,tillage process,3,1,,: rotary harrowed fallow strip.,,,,,,,,,,
R/WF/3,2003,wheat,06/08/2003,,combine harvested plots for yield,harvesting process,3,,,"combine harvested, plots for yield.",,,,,,,,,,
R/WF/3,2003,wheat,07/08/2003,,combine harvested discard,harvesting process,3,,,: combine harvested discard.,,,,,,,,,,
R/WF/3,2003,wheat,07/08/2003,,straw baled,baling process,3,,,"sampled, baled and weighed straw",,,,,,,,,,
R/WF/3,2003,wheat,07/08/2003,,sampled and weighed straw,specimen collection process,3,,,,,,,,,,,,,
R/WF/3,2004,all plots,17/09/2003,,flexitined,tillage process,3,1,,flexitined,,,,,,,,,,
R/WF/3,2004,all plots,26/09/2003,,ploughed 30 cm wide furrows.,tillage process,3,1,,30 cm wide furrows.,,,,,,,,,,
R/WF/3,2004,all plots,30/09/2003,,rolled,land levelling process,3,,,rolled,,,,,,,,,,
R/WF/3,2004,wheat,02/09/2004,,combine harvested plots for yield,harvesting process,3,,,"harvested, plot for yield.",,,,,,,,,,
R/WF/3,2004,wheat,03/09/2004,,sampled and weighed straw,specimen collection process,3,,,and weighed straw,,,,,,,,,,
R/WF/3,2004,wheat,07/09/2004,,harvested discard,harvesting process,3,,,harvested discard,,,,,,,,,,
R/WF/3,2004,wheat,07/09/2004,,swathed and baled straw,baling process,3,,,earthed and barley straw,,,,,,,,,,
R/WF/3,2005,all plots,29/09/2004,,"ploughed, 25 cm wide furrows.",tillage process,3,1,,25 cm wide furrows.,,,,,,,,,,
R/WF/3,2005,all plots,30/09/2004,,cultipressed,tillage process,3,1,,cultipressed,,,,,,,,,,
R/WF/3,2005,all plots,05/10/2004,,flexitined,tillage process,3,1,,flexitined,,,,,,,,,,
R/WF/3,2005,wheat,06/10/2004,,rolled,land levelling process,3,,,rolled,,,,,,,,,,
R/WF/3,2005,fallow,07/04/2005,,springtined,tillage process,3,1,,fallow plot.,,,,,,,,,,
R/WF/3,2005,fallow,13/05/2005,,flexitined,tillage process,3,1,,fallow plot.,,,,,,,,,,
R/WF/3,2005,all plots,06/06/2005,,harrowed,tillage process,3,1,,harrowed,,,,,,,,,,
R/WF/3,2005,all plots,12/07/2005,,harrowed,tillage process,3,1,,harrowed,,,,,,,,,,
R/WF/3,2005,wheat,16/08/2005,,"harvested, plot for yield.",harvesting process,3,,,"harvested, plot for yield.",,,,,,,,,,
R/WF/3,2005,wheat,16/08/2005,,swathed straw,windrowing,3,,,carted straw.,,,,,,,,,,
R/WF/3,2005,wheat,17/08/2005,,sampled and weighed straw,specimen collection process,3,,,and weighed straw,,,,,,,,,,
R/WF/3,2006,all plots,29/09/2005,,"ploughed, 25 cm wide furrows.",tillage process,3,1,,25 cm wide furrows.,,,,,,,,,,
R/WF/3,2006,all plots,04/10/2005,,cultipressed,tillage process,3,1,,cultipressed,,,,,,,,,,
R/WF/3,2006,wheat,07/10/2005,,rolled,land levelling process,3,,,rolled,,,,,,,,,,
R/WF/3,2006,fallow,07/04/2006,,springtined,tillage process,3,1,,fallow plot.,,,,,,,,,,
R/WF/3,2006,fallow,17/05/2006,,power harrowed,tillage process,3,1,,harrowed fallow plot.,,,,,,,,,,
R/WF/3,2006,fallow,23/06/2006,,rotavated,tillage process,3,1,,fallow plot.,,,,,,,,,,
R/WF/3,2006,wheat,06/08/2006,,combine harvested discard,harvesting process,3,,,harvested discard,,,,,,,,,,
R/WF/3,2006,wheat,06/08/2006,,straw baled,baling process,3,,,barley straw.,,,,,,,,,,
R/WF/3,2006,wheat,23/08/2006,,combine harvested plots for yield,harvesting process,3,,,"harvested, plot for yield.",,,,,,,,,,
R/WF/3,2006,wheat,23/08/2006,,swathed straw,windrowing,3,,,carted straw.,,,,,,,,,,
R/WF/3,2006,wheat,23/08/2006,,sampled and weighed straw,specimen collection process,3,,,sampled and weighed straw.,,,,,,,,,,
R/WF/3,2006,wheat,25/08/2006,,combine harvested remaining discard,harvesting process,3,,,harvested remaining discard,,,,,,,,,,
R/WF/3,2006,wheat,25/08/2006,,straw baled,baling process,3,,,straw baled,,,,,,,,,,
R/WF/3,2007,wheat,04/09/2007,,swathed straw,windrowing,3,,,,,,,,,,,,,
R/WF/3,2007,all plots,19/10/2006,,ploughed - thrown north,tillage process,3,1,,Plougl/ N,,,,,,,,,,
R/WF/3,2007,fallow,12/03/2007,,spring-tine cultivated,tillage process,3,1,,spring tine,,,,,,,,,,
R/WF/3,2007,fallow,02/05/2007,,power harrowed,tillage process,3,1,,Power harrowed fallow plot,,,,,,,,,,
R/WF/3,2007,paths,06/06/2007,,Mow / Rotavate paths,tillage process,3,1,,Mow / Rotavate paths,,,,,,,,,,
R/WF/3,2007,paths,14/06/2007,,Mow / Rotavate paths,tillage process,3,1,,Mow / Rotavate paths,,,,,,,,,,
R/WF/3,2007,fallow,26/07/2007,,rotavated,tillage process,3,1,,rotovated fallows,,,,,,,,,,
R/WF/3,2007,wheat,27/08/2007,,Combine harvest and chop straw - O&E's,harvesting process,3,,,. Combine harvest and chop straw - O&E's,,,,,,,,,,
R/WF/3,2007,wheat,03/09/2007,,combine harvested plots for yield,harvesting process,3,,,"combine harvested, plots for yield.",,,,,,,,,,
R/WF/3,2007,wheat,04/09/2007,,straw baled,baling process,3,,,,,,,,,,,,,
R/WF/3,2007,wheat,04/09/2007,,sampled and weighed straw,specimen collection process,3,,,,,,,,,,,,,
R/WF/3,2008,all plots,10/10/2007,,Ploughed - thrown south,tillage process,3,1,,Plough/S,,,,,,,,,,
R/WF/3,2008,wheat,23/10/2007,,rolled,land levelling process,3,,,rolled,,,,,,,,,,
R/WF/3,2008,fallow,02/06/2008,,power harrowed,tillage process,3,1,,Power harrowed fallow plot,,,,,,,,,,
R/WF/3,2008,paths,16/06/2008,,Mow / Rotavate paths,tillage process,3,1,,Mow / Rotavate paths,,,,,,,,,,
R/WF/3,2008,fallow,14/07/2008,,flexitined,tillage process,3,1,,Flexitined - Fallow plots,,,,,,,,,,
R/WF/3,2008,fallow,15/07/2008,,power harrowed,tillage process,3,1,,Power harrowed fallow plot,,,,,,,,,,
R/WF/3,2008,all plots,25/07/2008,,"Rogue wild oats, thistles, weeds",hand picking process,3,,,Rogue wild oats/thistles^weeds,,,,,,,,,,
R/WF/3,2008,wheat,27/08/2008,,combine harvested plots for yield,harvesting process,3,,,,,,,,,,,,,
R/WF/3,2008,wheat,27/08/2008,,swathed straw,windrowing,3,,,,,,,,,,,,,
R/WF/3,2008,wheat,27/08/2008,,straw baled,baling process,3,,,,,,,,,,,,,
R/WF/3,2008,wheat,27/08/2008,,sampled and weighed straw,specimen collection process,3,,,,,,,,,,,,,
R/WF/3,2008,wheat,30/08/2008,,straw baled,baling process,3,,,,,,,,,,,,,
R/WF/3,2009,wheat,15/08/2009,,straw baled,baling process,3,,,,,,,,,,,,,
R/WF/3,2009,wheat,15/08/2009,,sampled and weighed straw,specimen collection process,3,,,,,,,,,,,,,
R/WF/3,2009,all plots,10/10/2008,,ploughed - thrown north,tillage process,3,1,,PliouglVN,,,,,,,,,,
R/WF/3,2009,all plots,11/10/2008,,cultipressed,tillage process,3,1,,cultipressed,,,,,,,,,,
R/WF/3,2009,fallow,26/03/2009,,springtined,tillage process,3,1,,Springtined - Fallow area only,,,,,,,,,,
R/WF/3,2009,paths,02/06/2009,,Mow / Rotavate paths,tillage process,3,1,,Mow / Rotavate paths,,,,,,,,,,
R/WF/3,2009,fallow,03/08/2009,,rotavated,tillage process,3,1,,rotovated fallows,,,,,,,,,,
R/WF/3,2009,wheat,15/08/2009,,combine harvested plots for yield,harvesting process,3,,,"combine harvested, plots for yield.",,,,,,,,,,
R/WF/3,2010,all plots,30/09/2009,,ploughed,tillage process,3,1,,Plough,,,,,,,,,,
R/WF/3,2010,all plots,01/10/2009,,cultipressed,tillage process,3,1,,cultipressed,,,,,,,,,,
R/WF/3,2010,wheat,22/09/2010,,removed bales,removal process,3,,,,,,,,,,,,,
R/WF/3,2010,fallow,27/04/2010,,flexitined,tillage process,3,1,,Flexitined - Fallow plots,,,,,,,,,,
R/WF/3,2010,fallow,27/04/2010,,power harrowed,tillage process,3,1,,Power harrowed fallow plot,,,,,,,,,,
R/WF/3,2010,fallow,20/05/2010,,rotavated,tillage process,3,1,,Rotavate - fallow areas,,,,,,,,,,
R/WF/3,2010,fallow,21/07/2010,,rotavated,tillage process,3,1,,rotovated fallows,,,,,,,,,,
R/WF/3,2010,wheat,31/08/2010,,combine harvested plots for yield,harvesting process,3,,,"combine harvested, plots for yield.",,,,,,,,,,
R/WF/3,2010,wheat,31/08/2010,,straw baled,baling process,3,,,"Sample, bale and weigh straw",,,,,,,,,,
R/WF/3,2010,wheat,31/08/2010,,sampled and weighed straw,specimen collection process,3,,,,,,,,,,,,,
R/WF/3,2010,wheat,03/09/2010,,combine harvested discard,harvesting process,3,,,Combine harvest discards,,,,,,,,,,
R/WF/3,2010,wheat,04/09/2010,,straw baled,baling process,3,,,Baled,,,,,,,,,,
R/WF/3,2011,all plots,10/10/2010,,ploughed,tillage process,3,1,,ploughed,,,,,,,,,,
R/WF/3,2011,all plots,13/10/2010,,cultipressed,tillage process,3,1,,cultipressed,,,,,,,,,,
R/WF/3,2011,all plots,16/10/2010,,rolled,land levelling process,3,,,rolled,,,,,,,,,,
R/WF/3,2011,fallow,24/03/2011,,flexitined,tillage process,3,1,,Flexitined - Fallow plots,,,,,,,,,,
R/WF/3,2011,fallow,13/04/2011,,flexitined,tillage process,3,1,,Flexitined - Fallow plots,,,,,,,,,,
R/WF/3,2011,fallow,14/04/2011,,power harrowed,tillage process,3,1,,Power harrowed - Fallow section,,,,,,,,,,
R/WF/3,2011,paths,16/05/2011,,cut paths,mowing process,3,,,cut paths,,,,,,,,,,
R/WF/3,2011,paths,23/05/2011,,cut paths,mowing process,3,,,cut paths,,,,,,,,,,
R/WF/3,2011,fallow,23/05/2011,,rotavated,tillage process,3,1,,rotovated fallows,,,,,,,,,,
R/WF/3,2011,paths,20/06/2011,,cut paths,mowing process,3,,,cut paths,,,,,,,,,,
R/WF/3,2011,paths,01/08/2011,,cut paths,mowing process,3,,,cut paths,,,,,,,,,,
R/WF/3,2011,all plots,12/08/2011,,Combined O+Es - Opened up trials with commercial combine ready for yields to be taken,harvesting process,3,,,Combined O+Es - Opened up trials with commercial combine ready for yields to be taken,,,,,,,,,,
R/WF/3,2011,all plots,12/08/2011,,Baled O+Es - Baled area discard area cult to open out trials,baling process,3,,,Baled OEs - Baled area discard area cult to open out trials,,,,,,,,,,
R/WF/3,2011,all plots,03/09/2011,,Combined for yields,harvesting process,3,,,Combined for yields,,,,,,,,,,
R/WF/3,2011,all plots,03/09/2011,,Straw weighed,weighing process,3,,,Straw weights,,,,,,,,,,
R/WF/3,2012,all plots,04/10/2012,,ploughed,tillage process,3,1,,,,,,,,,,,,
R/WF/3,2012,all plots,03/10/2011,,ploughed,tillage process,3,1,,ploughed,,,,,,,,,,
R/WF/3,2012,all plots,04/10/2011,,cultipressed,tillage process,3,1,,Culipressed -,,,,,,,,,,
R/WF/3,2012,all plots,12/10/2011,,rolled,land levelling process,3,,,rolled,,,,,,,,,,
R/WF/3,2012,fallow,10/04/2012,,rotavated,tillage process,3,1,,Rotovated lallow areas -,,,,,,,,,,
R/WF/3,2012,paths,14/06/2012,,cut paths,mowing process,3,,,cut paths,,,,,,,,,,
R/WF/3,2012,paths,07/08/2012,,cut paths,mowing process,3,,,Paths Cut and Cultivated .,,,,,,,,,,
R/WF/3,2012,paths,07/08/2012,,cultivated,tillage process,3,1,,,,,,,,,,,,
R/WF/3,2012,all plots,23/08/2012,,harvested,harvesting process,3,,,harvested,,,,,,,,,,
R/WF/3,2012,all plots,24/08/2012,,harvested O+Es,harvesting process,3,,,Harvested OE's .,,,,,,,,,,
R/WF/3,2012,all plots,24/08/2012,,straw baled,baling process,3,,,"sampled, baled and weighed straw",,,,,,,,,,
R/WF/3,2012,all plots,24/08/2012,,sampled and weighed straw,specimen collection process,3,,,,,,,,,,,,,
R/WF/3,2012,fallow,14/09/2012,,rotavated,tillage process,3,1,,rotovated fallows,,,,,,,,,,
R/WF/3,2013,wheat,31/08/2013,,harvested O+Es,harvesting process,3,,,,,,,,,,,,,Claas
R/WF/3,2013,Plot 1,02/04/2013,,springtined,tillage process,3,1,,Springtined plot 1  d,,,,,,,,,,
R/WF/3,2013,fallow,22/05/2013,,rotavated,tillage process,3,1,,rotovated fallows,,,,,,,,,,
R/WF/3,2013,paths,19/06/2013,,cut paths,mowing process,3,,,CutPaths De ,,,,,,,,,,
R/WF/3,2013,paths,04/07/2013,,cut paths,mowing process,3,,,cut paths,,,,,,,,,,
R/WF/3,2013,fallow,11/07/2013,,rotavated,tillage process,3,1,, Rotavated Fallow  ,,,,,,,,,,
R/WF/3,2013,paths,19/07/2013,,cut paths,mowing process,3,,,"Cul Paths, - ",,,,,,,,,,
R/WF/3,2013,wheat,12/08/2013,,"Harvested, opened up exp",harvesting process,3,,,"Claas - Harvested, opened up exp.  -",,,,,,,,,,Claas
R/WF/3,2013,wheat,28/08/2013,,Harvested all Plots,harvesting process,3,,,Sampo - Harvested all Plots  ,,,,,,,,,,Sampo
R/WF/3,2013,wheat,29/08/2013,,harvested,harvesting process,3,,,Sampo - Harvested = -,,,,,,,,,,Sampo
R/WF/3,2013,wheat,29/08/2013,,straw baled,baling process,3,,,Baled Sampled and Weighed E ,,,,,,,,,,
R/WF/3,2013,wheat,29/08/2013,,sampled and weighed straw,specimen collection process,3,,,,,,,,,,,,,
R/WF/3,2014,wheat,21/08/2014,,harvested,harvesting process,3,,,,,,,,,,,,,
R/WF/3,2014,all plots,01/10/2013,,Topping,mowing process,3,,,"Topping ""n",,,,,,,,,,
R/WF/3,2014,all plots,09/10/2013,,ploughed,tillage process,3,1,,Ploughed HE,,,,,,,,,,
R/WF/3,2014,all plots,10/10/2013,,cultipressed,tillage process,3,1,,Cultipressed f,,,,,,,,,,
R/WF/3,2014,fallow,04/04/2014,,rotavated,tillage process,3,1,,Rotavated All Fallow Plots --,,,,,,,,,,
R/WF/3,2014,fallow,09/04/2014,,power harrowed,tillage process,3,1,,Power-harrowed - Fallows and Fallow D plots,,,,,,,,,,
R/WF/3,2015,wheat,17/09/2015,,removed round bales from field,baling process,3,,,,,,,,,,,,,
R/WF/3,2015,all plots,08/10/2014,,ploughed - thrown north,tillage process,3,1,,ploughed (thrown North) . l,,,,,,,,,,
R/WF/3,2015,fallow,20/04/2015,,power harrowed,tillage process,3,1,,Power harrowed fallow plot,,,,,,,,,,
R/WF/3,2015,fallow,11/05/2015,,Power harrowed all ground,tillage process,3,1,,Powerharrowed all fallow ground Tc,,,,,,,,,,
R/WF/3,2015,fallow,16/06/2015,,rotavated,tillage process,3,1,,rotovated fallows,,,,,,,,,,
R/WF/3,2015,wheat,13/09/2015,,Harvested All Plots for Grain Yield,harvesting process,3,,,Harvested All Plots for Grain Yield c,,,,,,,,,,
R/WF/3,2015,wheat,13/09/2015,,straw baled,baling process,3,,,"sampled, baled and weighed straw",,,,,,,,,,
R/WF/3,2015,wheat,13/09/2015,,sampled and weighed straw,specimen collection process,3,,,,,,,,,,,,,
R/WF/3,2016,wheat,26/08/2016,,round baled and removed straw,baling process,3,,,,,,,,,,,,,
R/WF/3,2016,wheat,09/10/2015,,Ploughed - thrown south,tillage process,3,1,,Ploughed - thrown south - -,,,,,,,,,,
R/WF/3,2016,all plots,09/10/2015,,Topped all field and experiment,mowing process,3,,,Topped all field and experiment - Batwing - -,,,,,,,,,,Batwing
R/WF/3,2016,wheat,15/10/2015,,Powerharrowed - seed bed preparation,tillage process,3,1,,Powerharrowed - seed bed preparation - -,,,,,,,,,,
R/WF/3,2016,wheat,18/10/2015,,Ring Rolled All New Drilling,tillage process,3,1,,Ring Rolled All New Drilling,,,,,,,,,,
R/WF/3,2016,wheat,23/08/2016,,Mopped Up remaining crop (Harvest),harvesting process,3,,,Mopped Up remaining crop (Harvest) - -,,,,,,,,,,
R/WF/3,2017,wheat,28/09/2016,,ploughed - thrown north,tillage process,3,1,,ploughed (thrown North) . l,,,,,,,,,,
R/WF/3,2017,wheat,06/10/2016,,Cultipressed all ground,tillage process,3,1,,Cultipressed All Ground -,,,,,,,,,,
R/WF/3,2017,wheat,10/10/2016,,Ring Rolled All New Drilling,tillage process,3,1,,Ring Rolled All New Drilling,,,,,,,,,,
R/WF/3,2017,wheat,10/10/2016,,Cultipressed all sites and surrounds,tillage process,3,1,,Cultipressed -all sites and surrounds -o-,,,,,,,,,,
R/WF/3,2017,wheat,24/08/2017,,harvested,harvesting process,3,,,harvested,,,,,,,,,,
R/WF/3,2017,wheat,07/09/2017,,Straw baled and removed,baling process,3,,,Straw baled and removed e 19,,,,,,,,,,
