source_id,experiment,year,cropped section,new start date,date1,new end date,date2,type,flag,orig_record,record,rate,unit,water_volume,water_volume_unit
1,R/BK/1,1929,cropped plots,09/10/1928,,,,diary record,1,seed sown,Seed sown,,,,
2,R/BK/1,1929,cropped plots,09/08/1929,,,,diary record,1,harvest,Harvest,,,,
3,R/BK/1,1929,cropped plots,17/08/1929,,,,diary record,1,carted,Carted,,,,
4,R/BK/1,1930,all plots,05/09/1929,,06/09/1929,,diary record,1,tractor cultivated across,Tractor cultivated across,,,,
5,R/BK/1,1930,all plots,20/09/1929,,,,diary record,1,tractor cultivated across with thistle bar attached,Tractor cultivated across with thistle bar attached,,,,
6,R/BK/1,1930,all plots,01/10/1929,,08/10/1929,,diary record,1,ploughed,Ploughed,,,,
7,R/BK/1,1930,all plots,16/10/1929,,,,diary record,1,harrowed in seed,Harrowed in seed,,,,
8,R/BK/1,1930,Sections I and II,21/02/1930,,,,diary record,1,chain harrowed,Chain harrowed,,,,
9,R/BK/1,1930,Sections I and II,23/04/1930,,,,diary record,1,harrowed across,Harrowed across,,,,
10,R/BK/1,1930,all plots,29/04/1930,,,,diary record,1,harrowed across,Harrowed across,,,,
11,R/BK/1,1930,Sections I and II,02/05/1930,,,,diary record,1,chain harrowed across,Chain harrowed across,,,,
12,R/BK/1,1930,"Sections III, IV, V",02/05/1930,,,,diary record,1,tooth harrowed lengthwise,Tooth harrowed lengthwise,,,,
13,R/BK/1,1930,cropped plots,15/10/1929,,,,diary record,1,seed sown,Seed sown,,,,
14,R/BK/1,1930,cropped plots,18/08/1930,,,,diary record,1,harvest,Harvest,,,,
15,R/BK/1,1930,cropped plots,27/08/1930,,30/08/1930,,diary record,1,carted,Carted,,,,
16,R/BK/1,1931,all plots,30/08/1930,,01/09/1930,,diary record,1,tractor cultivated,Tractor cultivated,,,,
17,R/BK/1,1931,all plots,02/10/1930,,07/10/1930,,diary record,1,tractor ploughed,Tractor ploughed,,,,
18,R/BK/1,1931,all plots,15/10/1930,,,,diary record,1,tractor disc harrowed followed by drag harrow,Tractor disc harrowed followed by drag harrow,,,,
19,R/BK/1,1931,cropped sections,16/10/1930,,,,diary record,1,harrowed in seed,Harrowed in seed,,,,
20,R/BK/1,1931,cropped sections,16/10/1930,,,,diary record,1,seed sown,Seed sown,,,,
21,R/BK/1,1931,cropped sections,17/08/1931,,18/08/1931,,diary record,1,harvest,Harvest,,,,
22,R/BK/1,1931,cropped sections,27/08/1931,,29/08/1931,,diary record,1,carted,Carted,,,,
23,R/BK/1,1932,all plots,29/08/1931,,15/09/1931,,diary record,1,ploughed,Ploughed,,,,
24,R/BK/1,1932,all plots,21/09/1931,,26/09/1931,,diary record,1,tractor cultivated with disc and tooth harrows,Tractor cultivated with disc and tooth harrows,,,,
25,R/BK/1,1932,all plots,10/10/1931,,12/10/1931,,diary record,1,cultivate with thistle bar attached,Cultivate with thistle bar attached,,,,
26,R/BK/1,1932,all plots,15/10/1931,,,,diary record,1,harrowed,Harrowed,,,,
27,R/BK/1,1932,all plots,25/02/1931,,,,diary record,1,harrowed,Harrowed,,,,
28,R/BK/1,1932,cropped sections,13/10/1931,,,,diary record,1,seed sown,Seed sown,,,,
29,R/BK/1,1932,cropped sections,09/08/1932,,10/08/1932,,diary record,1,harvest,Harvest,,,,
30,R/BK/1,1932,cropped sections,16/08/1932,,18/08/1932,,diary record,1,carted,Carted,,,,
31,R/BK/1,1933,all plots,19/08/1932,,05/09/1932,,diary record,1,ploughed,Ploughed,,,,
32,R/BK/1,1933,all plots,15/09/1932,,16/09/1932,,diary record,1,cultivated,Cultivated,,,,
33,R/BK/1,1933,cropped sections,17/10/1932,,,,diary record,1,harrowed,Harrowed,,,,
34,R/BK/1,1933,cropped sections,08/05/1933,,,,diary record,1,harrowed,Harrowed,,,,
35,R/BK/1,1933,cropped sections,17/10/1932,,,,diary record,1,seed sown,Seed sown,,,,
36,R/BK/1,1933,cropped sections,10/10/1932,,11/10/1932,,diary record,1,manures applied,Manures applied,,,,
37,R/BK/1,1933,cropped sections,29/03/1933,,30/05/1933,,diary record,1,manures applied,Manures applied,,,,
38,R/BK/1,1933,cropped sections,22/05/1933,,,,diary record,1,manures applied,Manures applied,,,,
39,R/BK/1,1933,cropped sections,27/07/1933,,28/07/1933,,diary record,1,harvested,Harvested,,,,
40,R/BK/1,1933,fallow sections,24/04/1933,,25/04/1933,,diary record,1,ploughed,Ploughed,,,,
41,R/BK/1,1933,fallow sections,07/07/1933,,10/07/1933,,diary record,1,ploughed,Ploughed,,,,
42,R/BK/1,1933,fallow sections,29/03/1933,,12/04/1933,,diary record,1,cultivated,Cultivated,,,,
43,R/BK/1,1933,fallow sections,15/09/1932,,,,diary record,1,harrowed,Harrowed,,,,
44,R/BK/1,1933,fallow sections,15/06/1933,,,,diary record,1,harrowed,Harrowed,,,,
45,R/BK/1,1933,fallow sections,10/05/1933,,,,diary record,1,rolled,Rolled,,,,
46,R/BK/1,1933,fallow sections,02/06/1933,,,,diary record,1,rolled,Rolled,,,,
47,R/BK/1,1934,all plots,08/08/1933,,12/08/1933,,diary record,1,ploughed,Ploughed,,,,
48,R/BK/1,1934,all plots,09/10/1933,,,,diary record,1,harrowed,Harrowed,,,,
49,R/BK/1,1934,cropped sections,12/10/1933,,14/10/1933,,diary record,1,harrowed,Harrowed,,,,
50,R/BK/1,1934,cropped sections,05/04/1934,,06/04/1934,,diary record,1,harrowed,Harrowed,,,,
51,R/BK/1,1934,cropped sections,12/10/1933,,13/10/1934,,diary record,1,seed sown,Seed sown,,,,
52,R/BK/1,1934,cropped sections,09/10/1933,,,,diary record,1,harrowed,Harrowed,,,,
53,R/BK/1,1934,cropped sections,12/10/1933,,,,diary record,1,harrowed,Harrowed,,,,
54,R/BK/1,1934,cropped sections,03/04/1934,,,,diary record,1,harrowed,Harrowed,,,,
55,R/BK/1,1934,cropped sections,27/04/1934,,,,diary record,1,harrowed,Harrowed,,,,
56,R/BK/1,1934,cropped sections,01/08/1934,,03/08/1934,,diary record,1,harvested,Harvested,,,,
57,R/BK/1,1934,fallow sections,10/05/1934,,,,diary record,1,ploughed,Ploughed,,,,
58,R/BK/1,1934,fallow sections,16/07/1934,,17/07/1934,,diary record,1,ploughed,Ploughed,,,,
59,R/BK/1,1934,fallow sections,15/08/1934,,21/08/1934,,diary record,1,ploughed,Ploughed,,,,
60,R/BK/1,1934,fallow sections,12/10/1933,,,,diary record,1,harrowed,Harrowed,,,,
61,R/BK/1,1934,fallow sections,24/02/1934,,,,diary record,1,harrowed,Harrowed,,,,
62,R/BK/1,1934,fallow sections,05/04/1934,,06/04/1934,,diary record,1,harrowed,Harrowed,,,,
63,R/BK/1,1934,fallow sections,14/07/1934,,,,diary record,1,harrowed,Harrowed,,,,
64,R/BK/1,1934,fallow sections,20/04/1934,,,,diary record,1,cultivated,Cultivated,,,,
65,R/BK/1,1934,fallow sections,16/06/1934,,,,diary record,1,cultivated,Cultivated,,,,
66,R/BK/1,1934,fallow sections,18/06/1934,,,,diary record,1,cultivated,Cultivated,,,,
67,R/BK/1,1934,fallow sections,25/06/1934,,,,diary record,1,cultivated,Cultivated,,,,
68,R/BK/1,1934,fallow sections,22/06/1934,,,,diary record,1,rolled,Rolled,,,,
69,R/BK/1,1934,fallow sections,29/06/1934,,,,diary record,1,rolled,Rolled,,,,
70,R/BK/1,1935,fallow sections,15/08/1934,,21/08/1934,,diary record,1,rolled,Rolled,,,,
71,R/BK/1,1935,all plots,20/09/1934,,25/09/1934,,diary record,1,ploughed,Ploughed,,,,
72,R/BK/1,1935,all plots,15/08/1934,,21/08/1934,,diary record,1,ploughed,Ploughed,,,,
73,R/BK/1,1935,cropped sections,20/10/1934,,24/10/1934,,diary record,1,harrowed,Harrowed,,,,
74,R/BK/1,1935,cropped sections,23/10/1934,,24/10/1934,,diary record,1,seed sown,Seed sown,,,,
75,R/BK/1,1935,cropped sections,27/03/1935,,28/03/1935,,diary record,1,manures applied,Manures applied,,,,
76,R/BK/1,1935,cropped sections,18/10/1934,,19/10/1934,,diary record,1,manures applied,Manures applied,,,,
77,R/BK/1,1935,cropped sections,03/05/1935,,,,diary record,1,manures applied,Manures applied,,,,
78,R/BK/1,1935,cropped sections,06/08/1935,,08/08/1935,,diary record,1,harvested,Harvested,,,,
79,R/BK/1,1935,fallow sections,22/07/1935,,,,diary record,1,ploughed,Ploughed,,,,
80,R/BK/1,1935,fallow sections,03/10/1935,,14/10/1935,,diary record,1,ploughed,Ploughed,,,,
81,R/BK/1,1935,fallow sections,20/10/1934,,23/10/1934,,diary record,1,harrowed,Harrowed,,,,
82,R/BK/1,1935,fallow sections,11/03/1935,,,,diary record,1,cultivated,Cultivated,,,,
83,R/BK/1,1935,fallow sections,23/04/1935,,,,diary record,1,cultivated,Cultivated,,,,
84,R/BK/1,1935,fallow sections,01/05/1935,,,,diary record,1,cultivated,Cultivated,,,,
85,R/BK/1,1935,fallow sections,29/05/1935,,,,diary record,1,cultivated,Cultivated,,,,
86,R/BK/1,1935,fallow sections,04/07/1935,,,,diary record,1,cultivated,Cultivated,,,,
87,R/BK/1,1936,all plots,19/08/1935,,22/08/1935,,diary record,1,ploughed,Ploughed,,,,
88,R/BK/1,1936,all plots,02/10/1935,,14/10/1935,,diary record,1,ploughed,Ploughed,,,,
89,R/BK/1,1936,cropped sections,07/10/1935,,08/10/1935,,diary record,1,dung applied,Dung applied,,,,
90,R/BK/1,1936,all plots,26/09/1935,,27/09/1935,,diary record,1,harrowed,Harrowed,,,,
91,R/BK/1,1936,all plots,31/10/1935,,,,diary record,1,harrowed,Harrowed,,,,
92,R/BK/1,1936,cropped sections,07/11/1935,,,,diary record,1,harrowed,Harrowed,,,,
93,R/BK/1,1936,cropped sections,27/11/1935,,,,diary record,1,harrowed,Harrowed,,,,
94,R/BK/1,1936,cropped sections,20/03/1936,,,,diary record,1,harrowed,Harrowed,,,,
95,R/BK/1,1936,cropped sections,06/04/1936,,,,diary record,1,harrowed,Harrowed,,,,
96,R/BK/1,1936,cropped sections,06/05/1936,,,,diary record,1,harrowed,Harrowed,,,,
97,R/BK/1,1936,all plots,26/10/1935,,,,diary record,1,springtine harrowed,Springtine harrowed,,,,
98,R/BK/1,1936,cropped sections,27/11/1935,,,,diary record,1,springtine harrowed,Springtine harrowed,,,,
99,R/BK/1,1936,cropped sections,30/10/1935,,,,diary record,1,rolled,Rolled,,,,
100,R/BK/1,1936,cropped sections,06/05/1936,,,,diary record,1,rolled,Rolled,,,,
101,R/BK/1,1936,cropped sections,28/10/1935,,29/10/1935,,diary record,1,manures applied,Manures applied,,,,
102,R/BK/1,1936,cropped sections,06/11/1935,,,,diary record,1,manures applied,Manures applied,,,,
103,R/BK/1,1936,cropped sections,15/04/1936,,,,diary record,1,manures applied,Manures applied,,,,
104,R/BK/1,1936,cropped sections,06/05/1936,,,,diary record,1,manures applied,Manures applied,,,,
105,R/BK/1,1936,cropped sections,06/11/1935,,27/11/1935,,diary record,1,seed sown,Seed sown,,,,
106,R/BK/1,1936,cropped sections,21/08/1936,,22/08/1936,,diary record,1,harvested,Harvested,,,,
107,R/BK/1,1936,fallow sections,15/04/1936,,,,diary record,1,ploughed,Ploughed,,,,
108,R/BK/1,1936,fallow sections,22/07/1936,,,,diary record,1,ploughed,Ploughed,,,,
109,R/BK/1,1936,fallow sections,10/08/1936,,,,diary record,1,harrowed,Harrowed,,,,
110,R/BK/1,1936,fallow sections,30/05/1936,,,,diary record,1,cultivated,Cultivated,,,,
111,R/BK/1,1936,fallow sections,29/06/1936,,,,diary record,1,cultivated,Cultivated,,,,
112,R/BK/1,1936,fallow sections,10/08/1936,,,,diary record,1,cultivated,Cultivated,,,,
113,R/BK/1,1937,all plots,15/09/1936,,24/09/1936,,diary record,1,ploughed,Ploughed,,,,
114,R/BK/1,1937,cropped sections,23/09/1936,,,,diary record,1,dung applied,Dung applied,,,,
115,R/BK/1,1937,all plots,08/10/1936,,,,diary record,1,cultivated,Cultivated,,,,
116,R/BK/1,1937,all plots,15/10/1936,,,,diary record,1,tractor spring-tine harrowed,Tractor spring-tine harrowed,,,,
117,R/BK/1,1937,all plots,16/10/1936,,,,diary record,1,tractor disc harrowed dung plots,Tractor disc harrowed dung plots,,,,
118,R/BK/1,1937,cropped sections,17/10/1936,,,,diary record,1,springtine harrowed,Springtine harrowed,,,,
119,R/BK/1,1937,cropped sections,20/10/1936,,21/10/1936,,diary record,1,harrowed,Harrowed,,,,
120,R/BK/1,1937,cropped sections,06/10/1936,,07/10/1936,,diary record,1,manures applied,Manures applied,,,,
121,R/BK/1,1937,cropped sections,01/05/1937,,02/05/1937,,diary record,1,manures applied,Manures applied,,,,
122,R/BK/1,1937,cropped sections,10/05/1937,,,,diary record,1,manures applied,Manures applied,,,,
123,R/BK/1,1937,cropped sections,20/10/1936,,21/10/1936,,diary record,1,seed sown,Seed sown,,,,
124,R/BK/1,1937,cropped sections,09/08/1937,,11/08/1937,,diary record,1,harvested,Harvested,,,,
125,R/BK/1,1937,fallow sections,17/10/1936,,,,diary record,1,tractor rolled and harrowed then spring-tine harrowed,Tractor rolled and harrowed,,,,
125,R/BK/1,1937,fallow sections,17/10/1936,,,,diary record,1,tractor rolled and harrowed then spring-tine harrowed,Springtine harrowed,,,,
126,R/BK/1,1937,fallow sections,02/04/1937,,27/04/1937,,diary record,1,springtine harrowed,Springtine harrowed,,,,
127,R/BK/1,1937,fallow sections,10/05/1937,,,,diary record,1,ploughed,Ploughed,,,,
128,R/BK/1,1937,fallow sections,27/05/1937,,,,diary record,1,cultivated,Cultivated,,,,
129,R/BK/1,1937,fallow sections,06/08/1937,,,,diary record,1,cultivated,Cultivated,,,,
130,R/BK/1,1937,fallow sections,10/05/1937,,,,diary record,1,Nitrate of soda applied to plot 16,Nitrate of soda applied to plot 16,,,,
131,R/BK/1,1938,all plots,06/09/1937,,29/09/1937,,diary record,1,ploughed,Ploughed,,,,
132,R/BK/1,1938,cropped sections,22/09/1937,,,,diary record,1,dung applied,Dung applied,,,,
133,R/BK/1,1938,cropped sections,14/10/1937,,16/10/1937,,diary record,1,cultivated,Cultivated,,,,
134,R/BK/1,1938,cropped sections,04/11/1937,,06/11/1937,,diary record,1,harrowed,Harrowed,,,,
135,R/BK/1,1938,cropped sections,15/03/1938,,,,diary record,1,harrowed,Harrowed,,,,
136,R/BK/1,1938,cropped sections,19/10/1937,,,,diary record,1,springtine harrowed,Springtine harrowed,,,,
137,R/BK/1,1938,all plots,19/10/1937,,,,diary record,1,rolled,Rolled,,,,
138,R/BK/1,1938,cropped sections,04/11/1937,,06/11/1937,,diary record,1,seed sown,Seed sown,,,,
139,R/BK/1,1938,cropped sections,16/03/1938,,,,diary record,1,rolled,Rolled,,,,
140,R/BK/1,1938,cropped sections,12/10/1937,,14/10/1937,,diary record,1,manures applied,Manures applied,,,,
141,R/BK/1,1938,cropped sections,11/03/1938,,,,diary record,1,manures applied,Manures applied,,,,
142,R/BK/1,1938,cropped sections,07/04/1938,,,,diary record,1,manures applied,Manures applied,,,,
143,R/BK/1,1938,cropped sections,05/08/1938,,,,diary record,1,harvested,Harvested,,,,
144,R/BK/1,1938,fallow sections,07/06/1938,,11/06/1938,,diary record,1,ploughed,Ploughed,,,,
145,R/BK/1,1938,fallow sections,14/10/1937,,16/10/1937,,diary record,1,cultivated,Cultivated,,,,
146,R/BK/1,1938,fallow sections,19/10/1937,,,,diary record,1,springtine harrowed,Springtine harrowed,,,,
147,R/BK/1,1938,fallow sections,05/03/1938,,,,diary record,1,springtine harrowed,Springtine harrowed,,,,
148,R/BK/1,1938,fallow sections,02/04/1938,,,,diary record,1,springtine harrowed,Springtine harrowed,,,,
149,R/BK/1,1938,fallow sections,05/05/1938,,,,diary record,1,springtine harrowed,Springtine harrowed,,,,
150,R/BK/1,1938,fallow sections,15/08/1938,,,,diary record,1,springtine harrowed,Springtine harrowed,,,,
151,R/BK/1,1938,fallow sections,05/05/1938,,,,diary record,1,rolled,Rolled,,,,
152,R/BK/1,1948,cropped sections,22/09/1947,,24/09/1947,,diary record,1,Ploughed,Ploughed,,,,
153,R/BK/1,1948,cropped sections,24/09/1947,,,,diary record,1,Dung applied,Dung applied,,,,
154,R/BK/1,1948,cropped sections,13/10/1947,,15/10/1947,,diary record,1,Artificials applied,Artificials applied,,,,
155,R/BK/1,1948,cropped sections,22/10/1947,,,,diary record,1,rolled,Rolled,,,,
156,R/BK/1,1948,cropped sections,22/10/1947,,,,diary record,1,springtine harrowed,Springtine harrowed,,,,
157,R/BK/1,1948,cropped sections,23/10/1947,,,,diary record,1,Tooth harrowed,Tooth harrowed,,,,
158,R/BK/1,1948,cropped sections,24/10/1947,,25/10/1947,,diary record,1,Seed drilled,Seed drilled,,,,
159,R/BK/1,1948,cropped sections,25/10/1947,,,,diary record,1,Harrowed in,Harrowed in,,,,
160,R/BK/1,1948,cropped sections,12/04/1948,,,,diary record,1,Harrowed,Harrowed,,,,
161,R/BK/1,1948,cropped sections,20/04/1948,,,,diary record,1,Ring rolled,Ring rolled,,,,
162,R/BK/1,1948,cropped sections,27/04/1948,,28/04/1948,,diary record,1,Nitrogenous fertilisers applied,Nitrogenous fertilisers applied,,,,
163,R/BK/1,1948,cropped sections,07/05/1948,,,,diary record,1,Second dressing of nitrate of soda applied to plot 16,Second dressing of nitrate of soda applied to plot 16,,,,
164,R/BK/1,1948,cropped sections,15/06/1948,,30/07/1948,,diary record,1,Wild oats hand pulled various days,Wild oats hand pulled various days,,,,
165,R/BK/1,1948,cropped sections,19/08/1948,,20/08/1948,,diary record,1,Harvested,Harvested,,,,
166,R/BK/1,1948,fallow sections,22/09/1947,,24/09/1947,,diary record,1,Ploughed,Ploughed,,,,
167,R/BK/1,1948,fallow sections,22/10/1947,,,,diary record,1,Rolled and springtine harrowed,Rolled,,,,
167,R/BK/1,1948,fallow sections,22/10/1947,,,,diary record,1,Rolled and springtine harrowed,Springtine harrowed,,,,
168,R/BK/1,1948,fallow sections,23/10/1947,,25/10/1947,,diary record,1,Tooth harrowed,Tooth harrowed,,,,
169,R/BK/1,1948,fallow sections,12/04/1948,,,,diary record,1,Springtine harrowed,Springtine harrowed,,,,
170,R/BK/1,1948,fallow sections,20/04/1948,,,,diary record,1,Thistles cut,Thistles cut,,,,
171,R/BK/1,1948,fallow sections,25/05/1948,,27/05/1948,,diary record,1,Ploughed,Ploughed,,,,
172,R/BK/1,1948,fallow sections,09/06/1948,,,,diary record,1,Ring rolled,Ring rolled,,,,
173,R/BK/1,1948,fallow sections,01/07/1948,,,,diary record,1,Thistles cut,Thistles cut,,,,
174,R/BK/1,1948,fallow sections,14/07/1948,,15/07/1948,,diary record,1,Ploughed,Ploughed,,,,
175,R/BK/1,1948,fallow sections,06/08/1948,,,,diary record,1,Rolled and springtine harrowed,Rolled,,,,
175,R/BK/1,1948,fallow sections,06/08/1948,,,,diary record,1,Rolled and springtine harrowed,Springtine harrowed,,,,
176,R/BK/1,1949,cropped sections,02/09/1948,,16/09/1948,,diary record,1,Ploughed,Ploughed,,,,
177,R/BK/1,1949,cropped sections,11/09/1948,,12/09/1948,,diary record,1,Dung applied,Dung applied,,,,
178,R/BK/1,1949,cropped sections,22/10/1948,,,,diary record,1,Springtine harrowed,Springtine harrowed,,,,
179,R/BK/1,1949,cropped sections,11/11/1948,,,,diary record,1,Harrowed,Harrowed,,,,
180,R/BK/1,1949,cropped sections,11/11/1948,,13/11/1948,,diary record,1,Seed drilled,Seed drilled,,,,
181,R/BK/1,1949,cropped sections,11/11/1948,,15/11/1948,,diary record,1,Artificials applied,Artificials applied,,,,
182,R/BK/1,1949,cropped sections,13/11/1948,,15/11/1948,,diary record,1,Harrowed in,Harrowed in,,,,
183,R/BK/1,1949,cropped sections,14/04/1949,,,,diary record,1,Harrowed,Harrowed,,,,
184,R/BK/1,1949,cropped sections,19/04/1949,,,,diary record,1,Ring rolled,Ring rolled,,,,
185,R/BK/1,1949,cropped sections,27/04/1949,,,,diary record,1,Nitrogenous fertilisers applied,Nitrogenous fertilisers applied,,,,
186,R/BK/1,1949,cropped sections,17/05/1949,,23/05/1949,,diary record,1,Weeds hand pulled,Weeds hand pulled,,,,
187,R/BK/1,1949,cropped sections,23/05/1949,,,,diary record,1,Second dressing of nitrate of soda applied to plot 16,Second dressing of nitrate of soda applied to plot 16,,,,
188,R/BK/1,1949,cropped sections,27/06/1949,,06/07/1949,,diary record,1,Wild oats hand pulled various days,Wild oats hand pulled various days,,,,
189,R/BK/1,1949,cropped sections,25/07/1949,,27/07/1949,,diary record,1,Wild oats hand pulled various days,Wild oats hand pulled various days,,,,
190,R/BK/1,1949,cropped sections,05/08/1949,,06/08/1949,,diary record,1,Harvested,Harvested,,,,
191,R/BK/1,1949,fallow sections,02/09/1948,,16/09/1948,,diary record,1,Ploughed,Ploughed,,,,
192,R/BK/1,1949,fallow sections,22/10/1948,,,,diary record,1,Springtine harrowed,Springtine harrowed,,,,
193,R/BK/1,1949,fallow sections,24/01/1949,,31/01/1949,,diary record,1,Ploughed,Ploughed,,,,
194,R/BK/1,1949,fallow sections,22/03/1949,,,,diary record,1,Springtine harrowed,Springtine harrowed,,,,
195,R/BK/1,1949,fallow sections,14/04/1949,,,,diary record,1,Springtine harrowed,Springtine harrowed,,,,
196,R/BK/1,1949,fallow sections,30/05/1949,,,,diary record,1,Thistles cut,Thistles cut,,,,
197,R/BK/1,1949,fallow sections,27/06/1949,,,,diary record,1,Thistles cut,Thistles cut,,,,
198,R/BK/1,1949,fallow sections,04/07/1949,,05/07/1949,,diary record,1,Ploughed,Ploughed,,,,
199,R/BK/1,1949,fallow sections,18/07/1949,,,,diary record,1,Harrowed,Harrowed,,,,
200,R/BK/1,1949,fallow sections,20/07/1949,,,,diary record,1,Ring rolled and Harrowed,Ring rolled,,,,
200,R/BK/1,1949,fallow sections,20/07/1949,,,,diary record,1,Ring rolled and Harrowed,Harrowed,,,,
201,R/BK/1,1950,cropped sections,24/08/1949,,29/08/1949,,diary record,1,Ploughed all except dung plots,Ploughed all except dung plots,,,,
202,R/BK/1,1950,cropped sections,05/09/1949,,06/09/1949,,diary record,1,Dung applied and ploughed in,Dung applied,,,,
202,R/BK/1,1950,cropped sections,05/09/1949,,06/09/1949,,diary record,1,Dung applied and ploughed in,Ploughed in,,,,
203,R/BK/1,1950,cropped sections,05/09/1949,,08/09/1949,,diary record,1,"Harrowed, seed drilled and harrowed twice",Harrowed,,,,
203,R/BK/1,1950,cropped sections,05/09/1949,,08/09/1949,,diary record,1,"Harrowed, seed drilled and harrowed twice",Seed drilled,,,,
203,R/BK/1,1950,cropped sections,05/09/1949,,08/09/1949,,diary record,1,"Harrowed, seed drilled and harrowed twice",Harrowed twice,,,,
204,R/BK/1,1950,cropped sections,15/10/1949,,01/11/1949,,diary record,1,Springtine harrowed,Springtine harrowed,,,,
205,R/BK/1,1950,cropped sections,03/11/1949,,04/11/1949,,diary record,1,Artificials applied,Artificials applied,,,,
206,R/BK/1,1950,cropped sections,04/11/1949,,08/11/1949,,diary record,1,Springtine harrowed,Springtine harrowed,,,,
207,R/BK/1,1950,cropped sections,20/04/1950,,,,diary record,1,Nitrogenous fertilisers applied,Nitrogenous fertilisers applied,,,,
208,R/BK/1,1950,cropped sections,27/04/1950,,,,diary record,1,Harrowed,Harrowed,,,,
209,R/BK/1,1950,cropped sections,01/05/1950,,,,diary record,1,Rolled,Rolled,,,,
210,R/BK/1,1950,cropped sections,04/05/1950,,,,diary record,1,Second dressing of nitrate of soda applied to plot 16,Second dressing of nitrate of soda applied to plot 16,,,,
211,R/BK/1,1950,cropped sections,08/08/1950,,,,diary record,1,Harvested,Harvested,,,,
212,R/BK/1,1950,fallow sections,24/08/1949,,29/08/1949,,diary record,1,Ploughed all except dung plots,Ploughed all except dung plots,,,,
213,R/BK/1,1950,fallow sections,05/09/1949,,06/09/1949,,diary record,1,Ploughed dung plots,Ploughed dung plots,,,,
214,R/BK/1,1950,fallow sections,15/10/1949,,01/11/1949,,diary record,1,Springtine harrowed,Springtine harrowed,,,,
215,R/BK/1,1950,fallow sections,04/11/1949,,08/11/1949,,diary record,1,Springtine harrowed,Springtine harrowed,,,,
216,R/BK/1,1950,fallow sections,12/12/1949,,,,diary record,1,Ploughed,Ploughed,,,,
217,R/BK/1,1950,fallow sections,02/01/1950,,07/01/1950,,diary record,1,Ploughed,Ploughed,,,,
218,R/BK/1,1950,fallow sections,13/03/1950,,,,diary record,1,Springtine harrowed,Springtine harrowed,,,,
219,R/BK/1,1950,fallow sections,22/04/1950,,,,diary record,1,Springtine harrowed,Springtine harrowed,,,,
220,R/BK/1,1950,fallow sections,13/05/1950,,,,diary record,1,Springtine harrowed,Springtine harrowed,,,,
221,R/BK/1,1950,fallow sections,30/05/1950,,,,diary record,1,Thistlebarred,Thistle-barred,,,,
222,R/BK/1,1950,fallow sections,02/08/1950,,03/08/1950,,diary record,1,Ploughed,Ploughed,,,,
223,R/BK/1,1950,fallow sections,08/08/1950,,,,diary record,1,Springtine harrowed,Springtine harrowed,,,,
224,R/BK/1,1950,fallow sections,11/08/1950,,,,diary record,1,"Springtined, disced and ring rolled",Springtined,,,,
224,R/BK/1,1950,fallow sections,11/08/1950,,,,diary record,1,"Springtined, disced and ring rolled",Disced,,,,
224,R/BK/1,1950,fallow sections,11/08/1950,,,,diary record,1,"Springtined, disced and ring rolled",Ring rolled,,,,
225,R/BK/1,1951,cropped sections,24/08/1950,,,,diary record,1,Ploughed all except dung plots,Ploughed all except dung plots,,,,
226,R/BK/1,1951,cropped sections,08/09/1950,,,,diary record,1,Dung applied and ploughed in,Dung applied,,,,
226,R/BK/1,1951,cropped sections,08/09/1950,,,,diary record,1,Dung applied and ploughed in,Ploughed in,,,,
227,R/BK/1,1951,cropped sections,23/10/1950,,,,diary record,1,Autumn application of artificials,Autumn application of artificials,,,,
228,R/BK/1,1951,cropped sections,25/10/1950,,,,diary record,1,Seed drilled at 3 bushels per acre,Seed drilled,3,bushels/acre,,
229,R/BK/1,1951,cropped sections,11/04/1951,,,,diary record,1,Spring application of nitrogenous fertilisers,Spring application of nitrogenous fertilisers,,,,
230,R/BK/1,1951,cropped sections,08/05/1951,,,,diary record,1,Second dressing of nitrate of soda applied to plot 16,Second dressing of nitrate of soda applied to plot 16,,,,
231,R/BK/1,1951,cropped sections,21/08/1951,,,,diary record,1,Harvested,Harvested,,,,
232,R/BK/1,1951,fallow sections,24/08/1950,,,,diary record,1,Ploughed,Ploughed,,,,
233,R/BK/1,1951,fallow sections,24/04/1951,,,,diary record,1,Ploughed,Ploughed,,,,
234,R/BK/1,1951,fallow sections,09/07/1951,,,,diary record,1,Ploughed,Ploughed,,,,
235,R/EX/4,1949,all plots,03/01/1949,,10/01/1949,,diary record,1,ploughed,Ploughed,,,,
236,R/EX/4,1949,all plots,22/03/1949,,,,diary record,1,Springtined,Springtined,,,,
237,R/EX/4,1949,all plots,23/03/1949,,,,diary record,1,Drilled,Drilled,,,,
238,R/EX/4,1949,all plots,24/03/1949,,,,diary record,1,"Sulphate of ammonia applied, harrowed in",Sulphate of ammonia applied,,,,
238,R/EX/4,1949,all plots,24/03/1949,,,,diary record,1,"Sulphate of ammonia applied, harrowed in",Harrowed in,,,,
239,R/EX/4,1949,all plots,01/04/1949,,,,diary record,1,Rolled,Rolled,,,,
240,R/EX/4,1949,all plots,09/08/1949,,,,diary record,1,Harvested,Harvested,,,,
241,R/EX/4,1949,Variety,,,,,diary record,1,Plumage Archer,Plumage Archer,,,,
242,R/EX/4,1950,all plots,30/08/1949,,01/09/1949,,diary record,1,ploughed,Ploughed,,,,
243,R/EX/4,1950,all plots,14/10/1949,,,,diary record,1,Springtined,Springtined,,,,
244,R/EX/4,1950,all plots,16/12/1949,,,,diary record,1,ploughed,Ploughed,,,,
245,R/EX/4,1950,all plots,08/03/1950,,,,diary record,1,Springtined,Springtined,,,,
246,R/EX/4,1950,all plots,11/03/1950,,,,diary record,1,Springtined,Springtined,,,,
247,R/EX/4,1950,all plots,14/03/1950,,,,diary record,1,Harrowed,Harrowed,,,,
248,R/EX/4,1950,all plots,15/03/1950,,,,diary record,1,Sulphate of ammonia drilled,Sulphate of ammonia drilled,,,,
249,R/EX/4,1950,all plots,15/03/1950,,,,diary record,1,"seed drilled, harrowed in, rolled",Seed drilled,,,,
249,R/EX/4,1950,all plots,15/03/1950,,,,diary record,1,"seed drilled, harrowed in, rolled",Harrowed in,,,,
249,R/EX/4,1950,all plots,15/03/1950,,,,diary record,1,"seed drilled, harrowed in, rolled",Rolled,,,,
250,R/EX/4,1950,all plots,30/05/1950,,,,diary record,1,Thistles cut,Thistles cut,,,,
251,R/EX/4,1950,all plots,07/08/1950,,,,diary record,1,Harvested,Harvested,,,,
252,R/EX/4,1950,variety ,,,,,diary record,1,Plumage Archer,Plumage Archer,,,,
253,R/EX/4,1951,all plots,29/08/1950,,,,diary record,1,ploughed,Ploughed,,,,
254,R/EX/4,1951,all plots,27/01/1951,,,,diary record,1,ploughed,Ploughed,,,,
255,R/EX/4,1951,all plots,16/04/1951,,,,diary record,1,Seed drilled at 3 bushels per acre,Seed drilled,3,bushels/acre,,
256,R/EX/4,1951,all plots,16/04/1951,,,,diary record,1,Sulphate of ammonia drilled,Sulphate of ammonia drilled,,,,
257,R/EX/4,1951,all plots,03/09/1951,,,,diary record,1,Plumage Archer,Plumage Archer,,,,
258,R/HB/2,1948,all plots,18/09/1947,,20/09/1947,,diary record,1,Shallow ploughed,Shallow ploughed,,,,
259,R/HB/2,1948,all plots,22/11/1947,,28/11/1947,,diary record,1,ploughed,Ploughed,,,,
260,R/HB/2,1948,all plots,24/11/1947,,,,diary record,1,dung applied,Dung applied,,,,
261,R/HB/2,1948,all plots,01/03/1948,,05/03/1948,,diary record,1,springtine harrowed,Springtine harrowed,,,,
262,R/HB/2,1948,all plots,10/03/1948,,11/03/1948,,diary record,1,Artificials applied,Artificials applied,,,,
263,R/HB/2,1948,all plots,27/03/1948,,,,diary record,1,thistles cleared,Thistles cleared,,,,
264,R/HB/2,1948,all plots,30/03/1948,,,,diary record,1,Harrowed,Harrowed,,,,
265,R/HB/2,1948,all plots,31/03/1948,,,,diary record,1,seed drilled,Seed drilled,,,,
266,R/HB/2,1948,all plots,06/04/1948,,,,diary record,1,Harrowed in,Harrowed in,,,,
267,R/HB/2,1948,all plots,10/04/1948,,,,diary record,1,rolled,Rolled,,,,
268,R/HB/2,1948,all plots,05/07/1948,,14/07/1948,,diary record,1,Wild oats hand pulled,Wild oats hand pulled,,,,
269,R/HB/2,1948,all plots,30/07/1948,,10/08/1948,,diary record,1,Wild oats hand pulled,Wild oats hand pulled,,,,
270,R/HB/2,1948,all plots,09/08/1948,,,,diary record,1,Wild oats scythed,Wild oats scythed,,,,
271,R/HB/2,1948,all plots,30/08/1948,,,,diary record,1,harvested,Harvested,,,,
272,R/HB/2,1948,all plots,30/09/1947,,,,diary record,1,springtine harrowed,Springtine harrowed,,,,
273,R/HB/2,1948,Note,,,,,diary record,1,"On plots 50, 5A and 5C, sections badly infected with wild oats were scythed out and discarded. On all other plots the full area was harvested","On plots 50, 5A and 5C, sections badly infected with wild oats were scythed out and discarded. On all other plots the full area was harvested",,,,
274,R/HB/2,1949,all plots,11/09/1948,,25/09/1948,,diary record,1,ploughed,Ploughed,,,,
275,R/HB/2,1949,all plots,24/09/1948,,,,diary record,1,dung applied,Dung applied,,,,
276,R/HB/2,1949,all plots,25/09/1948,,,,diary record,1,ploughed in,Ploughed in,,,,
277,R/HB/2,1949,all plots,20/12/1948,,30/12/1948,,diary record,1,Reploughed,Reploughed,,,,
278,R/HB/2,1949,all plots,18/02/1949,,,,diary record,1,springtine harrowed,Springtine harrowed,,,,
279,R/HB/2,1949,all plots,23/03/1949,,,,diary record,1,thistles cut,Thistles cut,,,,
280,R/HB/2,1949,all plots,24/03/1949,,,,diary record,1,seed drilled,Seed drilled,,,,
281,R/HB/2,1949,all plots,24/03/1949,,,,diary record,1,Harrowed in,Harrowed in,,,,
282,R/HB/2,1949,all plots,31/03/1949,,,,diary record,1,Ring rolled,Ring rolled,,,,
283,R/HB/2,1949,all plots,13/05/1949,,,,diary record,1,sprayed with Denocate to kill off weeds,Sprayed with Denocate to kill off weeds,,,,
284,R/HB/2,1949,all plots,18/07/1949,,28/07/1949,,diary record,1,Wild oats hand pulled various days,Wild oats hand pulled various days,,,,
285,R/HB/2,1949,all plots,11/08/1949,,,,diary record,1,harvested,Harvested,,,,
286,R/HB/2,1949,variety,,,,,diary record,1,Plumage Archer,Plumage Archer,,,,
287,R/HB/2,1950,all plots,24/08/1949,,26/08/1949,,diary record,1,ploughed,Ploughed,,,,
288,R/HB/2,1950,all plots,12/10/1949,,,,diary record,1,springtined,Springtined,,,,
289,R/HB/2,1950,all plots,05/11/1949,,,,diary record,1,springtined,Springtined,,,,
290,R/HB/2,1950,all plots,02/12/1949,,,,diary record,1,dung applied,Dung applied,,,,
291,R/HB/2,1950,all plots,16/03/1950,,20/03/1950,,diary record,1,applied all fertilizers except silicate of soda,Applied all fertilizers except silicate of soda,,,,
292,R/HB/2,1950,all plots,21/03/1950,,,,diary record,1,springtined,Springtined,,,,
293,R/HB/2,1950,all plots,24/03/1950,,,,diary record,1,springtined,Springtined,,,,
294,R/HB/2,1950,all plots,24/03/1950,,,,diary record,1,Harrowed,Harrowed,,,,
295,R/HB/2,1950,all plots,24/03/1950,,,,diary record,1,seed drilled,Seed drilled,,,,
296,R/HB/2,1950,all plots,25/03/1950,,,,diary record,1,Harrowed in,Harrowed in,,,,
297,R/HB/2,1950,all plots,27/03/1950,,,,diary record,1,rolled,Rolled,,,,
298,R/HB/2,1950,all plots,20/04/1950,,,,diary record,1,Silicate of soda applied,Silicate of soda applied,,,,
299,R/HB/2,1950,all plots,26/05/1950,,,,diary record,1,thistles cut,Thistles cut,,,,
300,R/HB/2,1950,all plots,30/05/1950,,,,diary record,1,D.N.O.C applied,D.N.O.C applied,,,,
301,R/HB/2,1950,all plots,14/08/1950,,16/08/1950,,diary record,1,harvested,Harvested,,,,
302,R/HB/2,1950,variety,,,,,diary record,1,Plumage Archer,Plumage Archer,,,,
303,R/HB/2,1951,all plots,04/09/1950,,,,diary record,1,ploughed,Ploughed,,,,
304,R/HB/2,1951,all plots,01/02/1951,,,,diary record,1,dung applied,Dung applied,,,,
305,R/HB/2,1951,all plots,21/04/1951,,,,diary record,1,fertilizers applied,Fertilizers applied,,,,
306,R/HB/2,1951,all plots,25/04/1951,,,,diary record,1,seed drilled,Seed drilled,bushels/acre,,,
307,R/HB/2,1951,all plots,26/06/1951,,,,diary record,1,sprayed with D.N.O.C 1 gallon per acre,Sprayed with D.N.O.C,1,gallon/acre,,
308,R/HB/2,1951,all plots,11/09/1951,,,,diary record,1,harvested,Harvested,,,,
309,R/HB/2,1951,variety,,,,,diary record,1,Plumage Archer,Plumage Archer,,,,
310,RFW3,1856,cropped section,01/09/1856,,,,diary record,1,harvest date,Harvested,,,,
311,RFW3,1857,cropped section,18/08/1857,,,,diary record,1,harvest date,Harvested,,,,
312,RFW3,1858,cropped section,12/08/1858,,,,diary record,1,harvest date,Harvested,,,,
313,RFW3,1859,cropped section,11/08/1859,,12/08/1859,,diary record,1,harvest date,Harvested,,,,
314,RFW3,1860,cropped section,01/10/1860,,02/10/1860,,diary record,1,harvest date,Harvested,,,,
315,RFW3,1861,cropped section,24/08/1861,,26/08/1861,,diary record,1,harvest date,Harvested,,,,
316,RFW3,1862,cropped section,05/09/1862,,,,diary record,1,harvest date,Harvested,,,,
317,RFW3,1863,cropped section,19/08/1863,,,,diary record,1,harvest date,Harvested,,,,
318,RFW3,1864,cropped section,,,,,diary record,1,,,,,,
319,RFW3,1865,cropped section,,,,,diary record,1,,,,,,
320,RFW3,1866,cropped section,,,,,diary record,1,,,,,,
321,RFW3,1867,cropped section,31/08/1867,,02/09/1867,,diary record,1,harvest date,Harvested,,,,
322,RFW3,1868,cropped section,25/07/1868,,28/07/1868,,diary record,1,harvest date,Harvested,,,,
323,RFW3,1869,cropped section,30/08/1869,,01/09/1869,,diary record,1,harvest date,Harvested,,,,
324,RFW3,1870,cropped section,09/08/1870,,10/08/1870,,diary record,1,harvest date,Harvested,,,,
325,RFW3,1871,cropped section,26/08/1871,,,,diary record,1,harvest date,Harvested,,,,
326,RFW3,1872,cropped section,23/08/1872,,,,diary record,1,harvest date,Harvested,,,,
327,RFW3,1873,cropped section,12/09/1873,,16/09/1873,,diary record,1,harvest date,Harvested,,,,
328,RFW3,1874,cropped section,12/08/1874,,,,diary record,1,harvest date,Harvested,,,,
329,RFW3,1875,cropped section,23-08-1875,,,,diary record,1,harvest date,Harvested,,,,
330,RFW3,1876,cropped section,21-08-1876,,,,diary record,1,harvest date,Harvested,,,,
331,RFW3,1877,cropped section,23-08-1877,,,,diary record,1,harvest date,Harvested,,,,
332,RFW3,1878,cropped section,13-08-1878,,,,diary record,1,harvest date,Harvested,,,,
333,RFW3,1879,cropped section,17/09/1879,,,,diary record,1,harvest date,Harvested,,,,
334,RFW3,1880,cropped section,20/08/1880,,,,diary record,1,harvest date,Harvested,,,,
335,RFW3,1881,cropped section,15/08/1881,,,,diary record,1,harvest date,Harvested,,,,
336,RFW3,1882,cropped section,16/08/1882,,,,diary record,1,harvest date,Harvested,,,,
337,RFW3,1883,cropped section,25/08/1883,,,,diary record,1,harvest date,Harvested,,,,
338,RFW3,1884,cropped section,06/08/1884,,,,diary record,1,harvest date,Harvested,,,,
339,RFW3,1885,cropped section,13/08/1885,,,,diary record,1,harvest date,Harvested,,,,
340,RFW3,1886,cropped section,26/08/1886,,,,diary record,1,harvest date,Harvested,,,,
341,RFW3,1887,cropped section,11/08/1887,,,,diary record,1,harvest date,Harvested,,,,
342,RFW3,1888,cropped section,08/08/1888,,,,diary record,1,harvest date,Harvested,,,,
343,RFW3,1889,cropped section,20/08/1889,,21/08/1889,,diary record,1,harvest date,Harvested,,,,
344,RFW3,1890,cropped section,09/08/1890,,,,diary record,1,harvest date,Harvested,,,,
345,RFW3,1891,cropped section,02/09/1891,,,,diary record,1,harvest date,Harvested,,,,
346,RFW3,1892,cropped section,23/08/1892,,,,diary record,1,harvest date,Harvested,,,,
347,RFW3,1893,cropped section,31/07/1893,,01/08/1893,,diary record,1,harvest date,Harvested,,,,
348,RFW3,1894,cropped section,21/08/1894,,,,diary record,1,harvest date,Harvested,,,,
349,RFW3,1895,cropped section,09/08/1895,,,,diary record,1,harvest date,Harvested,,,,
350,RFW3,1896,cropped section,25/07/1896,,,,diary record,1,harvest date,Harvested,,,,
351,RFW3,1897,cropped section,13/08/1897,,,,diary record,1,harvest date,Harvested,,,,
352,RFW3,1898,cropped section,13/08/1898,,,,diary record,1,harvest date,Harvested,,,,
353,RFW3,1899,cropped section,11/08/1899,,,,diary record,1,harvest date,Harvested,,,,
354,RFW3,1900,cropped section,11/08/1900,,13/08/1900,,diary record,1,harvest date,Harvested,,,,
355,RFW3,1901,cropped section,13/08/1901,,14/08/1901,,diary record,1,harvest date,Harvested,,,,
356,RFW3,1902,cropped section,28/08/1902,,,,diary record,1,harvest date,Harvested,,,,
357,RFW3,1903,cropped section,03/09/1903,,,,diary record,1,harvest date,Harvested,,,,
358,RFW3,1904,cropped section,08/08/1904,,,,diary record,1,harvest date,Harvested,,,,
359,RFW3,1905,cropped section,01/08/1905,,,,diary record,1,harvest date,Harvested,,,,
360,RFW3,1906,cropped section,13/08/1906,,,,diary record,1,harvest date,Harvested,,,,
361,RFW3,1907,cropped section,24/08/1907,,,,diary record,1,harvest date,Harvested,,,,
362,RFW3,1908,cropped section,21/08/1908,,,,diary record,1,harvest date,Harvested,,,,
363,RFW3,1909,cropped section,10/09/1909,,,,diary record,1,harvest date,Harvested,,,,
364,RFW3,1910,cropped section,19/08/1910,,,,diary record,1,harvest date,Harvested,,,,
365,RFW3,1911,cropped section,04/08/1911,,,,diary record,1,harvest date,Harvested,,,,
366,RFW3,1912,cropped section,21/08/1912,,22/08/1912,,diary record,1,harvest date,Harvested,,,,
367,RFW3,1913,cropped section,01/09/1913,,??,,diary record,1,harvest date,Harvested,,,,
368,RFW3,1914,cropped section,04/08/1914,,,,diary record,1,harvest date,Harvested,,,,
369,RFW3,1915,cropped section,30/08/1915,,,,diary record,1,harvest date,Harvested,,,,
370,RFW3,1916,cropped section,28/08/1916,,,,diary record,1,harvest date,Harvested,,,,
371,RFW3,1917,cropped section,22/08/1917,,,,diary record,1,harvest date,Harvested,,,,
372,RFW3,1918,cropped section,20/08/1918,,??,,diary record,1,harvest date,Harvested,,,,
373,RFW3,1919,cropped section,27/08/1919,,??,,diary record,1,harvest date,Harvested,,,,
374,RFW3,1920,cropped section,17/08/1920,,,,diary record,1,harvest date,Harvested,,,,
375,RFW3,1921,cropped section,28/07/1921,,,,diary record,1,harvest date,Harvested,,,,
376,RFW3,1922,cropped section,06/09/1922,,,,diary record,1,harvest date,Harvested,,,,
377,RFW3,1923,cropped section,16/08/1923,,,,diary record,1,harvest date,Harvested,,,,
378,RFW3,1924,cropped section,06/09/1924,,??,,diary record,1,harvest date,Harvested,,,,
379,RFW3,1925,cropped section,18/08/1925,,,,diary record,1,harvest date,Harvested,,,,
380,RFW3,1926,cropped section,,,,,diary record,1,,,,,,
381,RFW3,1927,cropped section,31/08/1927,,,,diary record,1,harvest date,Harvested,,,,
382,RFW3,1928,cropped section,22/08/1928,,,,diary record,1,harvest date,Harvested,,,,
383,RFW3,1929,cropped section,21/08/1929,,,,diary record,1,harvest date,Harvested,,,,
384,RFW3,1930,cropped section,14/08/1930,,,,diary record,1,harvest date,Harvested,,,,
385,RFW3,1931,cropped section,21/08/1931,,,,diary record,1,harvest date,Harvested,,,,
386,RFW3,1932,cropped section,10/08/1932,,,,diary record,1,harvest date,Harvested,,,,
387,RFW3,1874,cropped section,30/10/1873,,,,diary record,1,seed sown,Seed sown,,,,
388,RFW3,1880,cropped section,29/10/1879,,,,diary record,1,seed sown,Seed sown,,,,
389,RFW3,1881,cropped section,26/10/1880,,,,diary record,1,seed sown,Seed sown,,,,
390,RFW3,1883,cropped section,07/11/1882,,,,diary record,1,seed sown,Seed sown,,,,
391,RFW3,1884,cropped section,23/10/1883,,,,diary record,1,seed sown,Seed sown,,,,
392,RFW3,1885,cropped section,25/10/1884,,,,diary record,1,seed sown,Seed sown,,,,
393,RFW3,1886,cropped section,25/10/1885,,,,diary record,1,seed sown,Seed sown,,,,
394,RFW3,1887,cropped section,26/10/1886,,,,diary record,1,seed sown,Seed sown,,,,
395,RFW3,1889,cropped section,01/11/1888,,,,diary record,1,seed sown,Seed sown,,,,
396,RFW3,1890,cropped section,05/11/1889,,,,diary record,1,seed sown,Seed sown,,,,
397,RFW3,1891,cropped section,25/10/1890,,,,diary record,1,seed sown,Seed sown,,,,
398,RFW3,1894,cropped section,25/10/1893,,,,diary record,1,seed sown,Seed sown,,,,
399,RFW3,1895,cropped section,22/10/1894,,,,diary record,1,seed sown,Seed sown,,,,
400,RFW3,1896,cropped section,23/10/1895,,,,diary record,1,seed sown,Seed sown,,,,
401,RFW3,1898,cropped section,20/10/1897,,,,diary record,1,seed sown,Seed sown,,,,
402,RFW3,1899,cropped section,31/10/1898,,,,diary record,1,seed sown,Seed sown,,,,
403,RFW3,1900,cropped section,23/10/1899,,,,diary record,1,seed sown,Seed sown,,,,
404,RFW3,1901,cropped section,23/10/1900,,,,diary record,1,seed sown,Seed sown,,,,
405,RFW3,1902,cropped section,23/10/1901,,,,diary record,1,seed sown,Seed sown,,,,
406,RFW3,1903,cropped section,31/10/1902,,,,diary record,1,seed sown,Seed sown,,,,
407,RFW3,1905,cropped section,19/10/1904,,,,diary record,1,seed sown,Seed sown,,,,
408,RFW3,1906,cropped section,19/12/1905,,,,diary record,1,seed sown,Seed sown,,,,
409,RFW3,1907,cropped section,16/10/1906,,,,diary record,1,seed sown,Seed sown,,,,
410,RFW3,1908,cropped section,07/11/1907,,,,diary record,1,seed sown,Seed sown,,,,
411,RFW3,1909,cropped section,26/10/1908,,,,diary record,1,seed sown,Seed sown,,,,
412,RFW3,1910,cropped section,27/11/1909,,,,diary record,1,seed sown,Seed sown,,,,
413,RFW3,1911,cropped section,22/10/1910,,,,diary record,1,seed sown,Seed sown,,,,
414,RFW3,1912,cropped section,7/??/1911,,,,diary record,1,seed sown,Seed sown,,,,
415,RFW3,1913,cropped section,21/10/1912,,,,diary record,1,seed sown,Seed sown,,,,
416,RFW3,1914,cropped section,03/11/1913,,,,diary record,1,seed sown,Seed sown,,,,
417,RFW3,1915,cropped section,03/11/1914,,,,diary record,1,seed sown,Seed sown,,,,
418,RFW3,1917,cropped section,01/11/1916,,,,diary record,1,seed sown,Seed sown,,,,
419,RFW3,1919,cropped section,26/10/1918,,,,diary record,1,seed sown,Seed sown,,,,
420,RFW3,1920,cropped section,27/10/1919,,,,diary record,1,seed sown,Seed sown,,,,
421,RFW3,1921,cropped section,05/11/1920,,,,diary record,1,seed sown,Seed sown,,,,
422,RFW3,1922,cropped section,29/10/1921,,,,diary record,1,seed sown,Seed sown,,,,
423,RFW3,1923,cropped section,02/11/1922,,,,diary record,1,seed sown,Seed sown,,,,
424,RFW3,1924,cropped section,12/11/1923,,,,diary record,1,seed sown,Seed sown,,,,
425,RFW3,1929,cropped section,09/10/1928,,,,diary record,1,seed sown,Seed sown,,,,
426,RFW3,1930,cropped section,15/10/1929,,,,diary record,1,seed sown,Seed sown,,,,
427,RFW3,1931,cropped section,17/10/1930,,,,diary record,1,seed sown,Seed sown,,,,
428,RFW3,1932,cropped section,14/10/1931,,,,diary record,1,seed sown,Seed sown,,,,
429,RFW3,1874,cropped section,September 1873,,,,diary record,1,ploughed,Ploughed,,,,
430,RFW3,1880,cropped section,28/10/1879,,,,diary record,1,ploughed,Ploughed,,,,
431,RFW3,1884,cropped section,13/10/1883,,,,diary record,1,ploughed,Ploughed,,,,
432,RFW3,1886,cropped section,Sept 1885,,,,diary record,1,ploughed,Ploughed,,,,
433,RFW3,1887,cropped section,02/10/1886,,,,diary record,1,ploughed,Ploughed,,,,
434,RFW3,1888,cropped section,21/09/1887,,,,diary record,1,ploughed,Ploughed,,,,
435,RFW3,1891,cropped section,11/09/1890,,,,diary record,1,ploughed,Ploughed,,,,
436,RFW3,1895,cropped section,16/10/1894,,,,diary record,1,ploughed,Ploughed,,,,
437,RFW3,1896,cropped section,21/09/1895,,,,diary record,1,ploughed,Ploughed,,,,
438,RFW3,1899,cropped section,07/10/1898,,,,diary record,1,ploughed,Ploughed,,,,
439,RFW3,1903,cropped section,06/10/1902,,,,diary record,1,ploughed,Ploughed,,,,
440,RFW3,1907,cropped section,04/10/1906,,,,diary record,1,ploughed,Ploughed,,,,
441,RFW3,1908,cropped section,01/11/1907,,,,diary record,1,ploughed,Ploughed,,,,
442,RFW3,1909,cropped section,21/10/1908,,,,diary record,1,ploughed,Ploughed,,,,
443,RFW3,1910,cropped section,27/09/1909,,,,diary record,1,ploughed,Ploughed,,,,
444,RFW3,1913,cropped section,21/10/1912,,,,diary record,1,ploughed,Ploughed,,,,
445,RFW3,1915,cropped section,19/09/1914,,,,diary record,1,ploughed,Ploughed,,,,
446,RFW3,1918,cropped section,04/09/1917,,,,diary record,1,ploughed,Ploughed,,,,
447,RFW3,1919,cropped section,16/10/1918,,,,diary record,1,ploughed,Ploughed,,,,
448,RFW3,1922,cropped section,22/10/1921,,,,diary record,1,ploughed,Ploughed,,,,
449,RFW3,1929,cropped section,17/09/1928,,,,diary record,1,ploughed,Ploughed,,,,
450,RFW3,1930,cropped section,06/09/1929,,,,diary record,1,ploughed,Ploughed,,,,
451,RFW3,1931,cropped section,06/10/1930,,,,diary record,1,ploughed,Ploughed,,,,
452,RFW3,1932,cropped section,16/09/1931,,,,diary record,1,ploughed,Ploughed,,,,
453,RFW3,1873,fallow sections,June 1873,,,,diary record,1,ploughed,Ploughed,,,,
454,RFW3,1874,fallow sections,,,,,diary record,1,Cultivated 4 times between Sept 1873 and June 1874,Cultivated 4 times between Sept 1873 and June 1874,,,,
455,RFW3,1880,fallow sections,,,,,diary record,1,Ploughed 3 times between October 1879 and June 1880,Ploughed 3 times between October 1879 and June 1880,,,,
456,RFW3,1881,fallow sections,29/09/1880,,,,diary record,1,ploughed,Ploughed,,,,
457,RFW3,1883,fallow sections,March 1883,,,,diary record,1,ploughed,Ploughed,,,,
458,RFW3,1884,fallow sections,13/10/1883,,,,diary record,1,ploughed,Ploughed,,,,
459,RFW3,1885,fallow sections,,,,,diary record,1,Ploughed 4 times between Oct 1884 and June 1885,Ploughed 4 times between Oct 1884 and June 1885,,,,
460,RFW3,1886,fallow sections,,,,,diary record,1,Ploughed 4 times between Sept 1885 and Aug 1886,Ploughed 4 times between Sept 1885 and Aug 1886,,,,
461,RFW3,1887,fallow sections,,,,,diary record,1,Ploughed 3 times between Oct 1886 and June 1887,Ploughed 3 times between Oct 1886 and June 1887,,,,
462,RFW3,1888,fallow sections,21/09/1887,,22/09/1887,,diary record,1,ploughed,Ploughed,,,,
463,RFW3,1889,fallow sections,,,,,diary record,1,Ploughed 4 times between Oct 1888 and Aug 1889,Ploughed 4 times between Oct 1888 and Aug 1889,,,,
464,RFW3,1891,fallow sections,11/09/1890,,,,diary record,1,ploughed,Ploughed,,,,
465,RFW3,1894,fallow sections,25/10/1893,,,,diary record,1,ploughed,Ploughed,,,,
466,RFW3,1895,fallow sections,16/10/1894,,24/09/1895,,diary record,1,ploughed,Ploughed,,,,
467,RFW3,1896,fallow sections,21/09/1895,,,,diary record,1,ploughed,Ploughed,,,,
468,RFW3,1897,fallow sections,July 1896,,,,diary record,1,ploughed,Ploughed,,,,
469,RFW3,1899,fallow sections,07/10/1898,,,,diary record,1,ploughed,Ploughed,,,,
470,RFW3,1902,fallow sections,,,,,diary record,1,Ploughed 3 times between Oct 1901 and July 1902,Ploughed 3 times between Oct 1901 and July 1902,,,,
471,RFW3,1903,fallow sections,06/10/1902,,,,diary record,1,ploughed,Ploughed,,,,
472,RFW3,1905,fallow sections,20/05/1905,,,,diary record,1,ploughed,Ploughed,,,,
473,RFW3,1906,fallow sections,25/09/1905,,,,diary record,1,ploughed,Ploughed,,,,
474,RFW3,1907,fallow sections,04/10/1906,,06/10/1906,,diary record,1,ploughed,Ploughed,,,,
475,RFW3,1908,fallow sections,,,,,diary record,1,Ploughed 3 times between Nov 1907 and July 1908,Ploughed 3 times between Nov 1907 and July 1908,,,,
476,RFW3,1909,fallow sections,,,,,diary record,1,Ploughed 4 times between October 1908 and July 1909,Ploughed 4 times between October 1908 and July 1909,,,,
477,RFW3,1910,fallow sections,27/09/1909,,,,diary record,1,ploughed,Ploughed,,,,
478,RFW3,1912,fallow sections,18/09/1911,,,,diary record,1,ploughed,Ploughed,,,,
479,RFW3,1913,fallow sections,21/10/1912,,,,diary record,1,ploughed,Ploughed,,,,
480,RFW3,1915,fallow sections,19/09/1914,,,,diary record,1,ploughed,Ploughed,,,,
481,RFW3,1916,fallow sections,,,,,diary record,1,Ploughed 3 times between ?? 191? And July 1916,Ploughed 3 times between ?? 191? And July 1916,,,,
482,RFW3,1918,fallow sections,04/09/1917,,,,diary record,1,ploughed,Ploughed,,,,
483,RFW3,1919,fallow sections,16/10/1918,,,,diary record,1,ploughed,Ploughed,,,,
484,RFW3,1922,fallow sections,,,,,diary record,1,Cultivated 4 times between Oct 1921 and Aug 1922,Cultivated 4 times between Oct 1921 and Aug 1922,,,,
485,RFW3,1924,fallow sections,17/04/1924,,,,diary record,1,ploughed,Ploughed,,,,
486,RFW3,1929,fallow sections,,,,,diary record,1,Ploughed 3 times between Sept 1928 and July 1929,Ploughed 3 times between Sept 1928 and July 1929,,,,
487,RFW3,1930,fallow sections,,,,,diary record,1,Cultivated 3 times between Sept 1929 and June 1930,Cultivated 3 times between Sept 1929 and June 1930,,,,
488,RFW3,1931,fallow sections,06/10/1930,,,,diary record,1,ploughed,Ploughed,,,,
489,RFW3,1932,fallow sections,,,,,diary record,1,Cultivated 3 times between Sept 1931 and June 1932,Cultivated 3 times between Sept 1931 and June 1932,,,,
490,RFW3,1873,fallow sections,July 1872,,,,diary record,1,ploughed,Ploughed,,,,
491,RFW3,1874,fallow sections,02/05/1874,,,,diary record,1,ploughed,Ploughed,,,,
492,RFW3,1879,fallow sections,July 1879,,,,diary record,1,ploughed,Ploughed,,,,
493,RFW3,1881,fallow sections,April 1881,,,,diary record,1,ploughed,Ploughed,,,,
494,RFW3,1882,fallow sections,June 1882,,,,diary record,1,ploughed,Ploughed,,,,
495,RFW3,1883,fallow sections,13/07(?)/1883,,,,diary record,1,ploughed,Ploughed,,,,
496,RFW3,1891,fallow sections,06/07/1891,,,,diary record,1,ploughed,Ploughed,,,,
497,RFW3,1892,fallow sections,22/08/1892,,,,diary record,1,ploughed,Ploughed,,,,
498,RFW3,1894,fallow sections,Aug 1894,,,,diary record,1,ploughed,Ploughed,,,,
499,RFW3,1896,fallow sections,October 1895,,,,diary record,1,ploughed,Ploughed,,,,
500,RFW3,1897,fallow sections,14/09/1896(?),,15/09/1896(?),,diary record,1,ploughed,Ploughed,,,,
501,RFW3,1899,fallow sections,26/07/1899,,,,diary record,1,ploughed,Ploughed,,,,
502,RFW3,1903,fallow sections,17/11/1902,,,,diary record,1,ploughed,Ploughed,,,,
503,RFW3,1905,fallow sections,10/07/1905,,,,diary record,1,ploughed,Ploughed,,,,
504,RFW3,1906,fallow sections,26/05/1906,,,,diary record,1,ploughed,Ploughed,,,,
505,RFW3,1907,fallow sections,06/06/1907,,,,diary record,1,ploughed,Ploughed,,,,
506,RFW3,1910,fallow sections,28/06/1910,,,,diary record,1,ploughed,Ploughed,,,,
507,RFW3,1911,fallow sections,10/12/1910,,,,diary record,1,ploughed,Ploughed,,,,
508,RFW3,1912,fallow sections,22/11/1911,,,,diary record,1,ploughed,Ploughed,,,,
509,RFW3,1913,fallow sections,12/04/1913,,,,diary record,1,ploughed,Ploughed,,,,
510,RFW3,1915,fallow sections,21/10/1914,,,,diary record,1,ploughed,Ploughed,,,,
511,RFW3,1917,fallow sections,07/06/1917,,,,diary record,1,ploughed,Ploughed,,,,
512,RFW3,1919,fallow sections,10/03/1919,,,,diary record,1,ploughed,Ploughed,,,,
513,RFW3,1920,fallow sections,17/05/1920,,,,diary record,1,ploughed,Ploughed,,,,
514,RFW3,1921,fallow sections,21/05/1921,,,,diary record,1,ploughed,Ploughed,,,,
515,RFW3,1931,fallow sections,08/05/1931,,,,diary record,1,ploughed,Ploughed,,,,
516,RFW3,1933,cropped sections,02/09/1932,,,,diary record,1,ploughed,Ploughed,,,,
517,RFW3,1933,cropped sections,15/10/1932,,,,diary record,1,harrowed,Harrowed,,,,
518,RFW3,1933,cropped sections,31/03/1933,,,,diary record,1,harrowed,Harrowed,,,,
519,RFW3,1933,cropped sections,15/10/1932,,,,diary record,1,seed sown,Seed sown,,,,
520,RFW3,1933,cropped sections,26/07/1933,,,,diary record,1,harvested,Harvested,,,,
521,RFW3,1933,fallow sections,02/09/1932,,,,diary record,1,ploughed,Ploughed,,,,
522,RFW3,1933,fallow sections,31/05/1933,,,,diary record,1,ploughed,Ploughed,,,,
523,RFW3,1933,fallow sections,01/06/1933,,,,diary record,1,ploughed,Ploughed,,,,
524,RFW3,1933,fallow sections,31/03/1933,,,,diary record,1,harrowed,Harrowed,,,,
525,RFW3,1934,cropped sections,12/09/1933,,,,diary record,1,ploughed,Ploughed,,,,
526,RFW3,1934,cropped sections,07/04/1934,,,,diary record,1,harrowed,Harrowed,,,,
527,RFW3,1934,cropped sections,09/04/1934,,,,diary record,1,rolled,Rolled,,,,
528,RFW3,1934,cropped sections,13/10/1933,,,,diary record,1,seed sown,Seed sown,,,,
529,RFW3,1934,cropped sections,08/08/1934,,,,diary record,1,harvested,Harvested,,,,
530,RFW3,1934,fallow sections,07/02/1934,,,,diary record,1,ploughed,Ploughed,,,,
531,RFW3,1934,fallow sections,20/04/1934,,,,diary record,1,tractor cultivated,Tractor cultivated,,,,
532,RFW3,1934,fallow sections,04/05/1934,,,,diary record,1,tractor cultivated,Tractor cultivated,,,,
533,RFW3,1934,fallow sections,17/05/1934,,,,diary record,1,horse harrow,Horse harrow,,,,
534,RFW3,1934,fallow sections,17/05/1934,,,,diary record,1,ploughed,Ploughed,,,,
535,RFW3,1934,fallow sections,16/06/1934,,,,diary record,1,tractor cultivated,Tractor cultivated,,,,
536,RFW3,1934,fallow sections,22/06/1934,,,,diary record,1,two horse roll,Two horse roll,,,,
537,RFW3,1934,fallow sections,28/06/1934,,,,diary record,1,ploughed,Ploughed,,,,
538,RFW3,1934,fallow sections,24/07/1934,,,,diary record,1,tractor cultivated,Tractor cultivated,,,,
539,RFW3,1935,cropped sections,23/08/1934,,,,diary record,1,ploughed,Ploughed,,,,
540,RFW3,1935,cropped sections,23/08/1934,,,,diary record,1,cultivated,Cultivated,,,,
541,RFW3,1935,cropped sections,20/10/1934,,,,diary record,1,harrowed,Harrowed,,,,
542,RFW3,1935,cropped sections,21/03/1935,,,,diary record,1,harrowed,Harrowed,,,,
543,RFW3,1935,cropped sections,26/03/1935,,,,diary record,1,rolled,Rolled,,,,
544,RFW3,1935,cropped sections,20/10/1934,,,,diary record,1,seed sown,Seed sown,,,,
545,RFW3,1935,cropped sections,13/08/1935,,,,diary record,1,harvested,Harvested,,,,
546,RFW3,1935,fallow sections,23/08/1934,,,,diary record,1,ploughed,Ploughed,,,,
547,RFW3,1935,fallow sections,28/05/1935,,,,diary record,1,ploughed,Ploughed,,,,
548,RFW3,1935,fallow sections,23/08/1934,,,,diary record,1,cultivated,Cultivated,,,,
549,RFW3,1935,fallow sections,11/05/1935,,,,diary record,1,cultivated,Cultivated,,,,
550,RFW3,1935,fallow sections,03/07/1935,,,,diary record,1,cultivated,Cultivated,,,,
551,RFW3,1936,cropped sections,27/08/1935,,,,diary record,1,ploughed,Ploughed,,,,
552,RFW3,1936,cropped sections,24/10/1935,,,,diary record,1,harrowed,Harrowed,,,,
553,RFW3,1936,cropped sections,26/10/1935,,,,diary record,1,harrowed,Harrowed,,,,
554,RFW3,1936,cropped sections,24/03/1936,,,,diary record,1,harrowed,Harrowed,,,,
555,RFW3,1936,cropped sections,06/05/1936,,,,diary record,1,rolled,Rolled,,,,
556,RFW3,1936,cropped sections,26/10/1935,,,,diary record,1,seed sown,Seed sown,,,,
557,RFW3,1936,cropped sections,01/09/1936,,,,diary record,1,harvested,Harvested,,,,
558,RFW3,1936,fallow sections,27/08/1935,,,,diary record,1,ploughed,Ploughed,,,,
559,RFW3,1936,fallow sections,01/04/1936,,,,diary record,1,ploughed,Ploughed,,,,
560,RFW3,1937,fallow sections,24/08/1936,,,,diary record,1,ploughed,Ploughed,,,,
561,RFW3,1936,fallow sections,14/02/1936,,,,diary record,1,springtine harrowed,Springtine harrowed,,,,
562,RFW3,1936,fallow sections,20/05/1936,,,,diary record,1,cultivated,Cultivated,,,,
563,RFW3,1936,fallow sections,29/06/1936,,,,diary record,1,cultivated,Cultivated,,,,
564,RFW3,1937,cropped sections,16/10/1936,,,,diary record,1,ploughed,Ploughed,,,,
565,RFW3,1937,cropped sections,21/10/1936,,,,diary record,1,harrowed,Harrowed,,,,
566,RFW3,1937,cropped sections,03/05/1937,,,,diary record,1,harrowed,Harrowed,,,,
567,RFW3,1937,cropped sections,21/10/1936,,,,diary record,1,seed sown,Seed sown,,,,
568,RFW3,1937,cropped sections,20/08/1937,,,,diary record,1,harvested,Harvested,,,,
569,RFW3,1937,fallow sections,03/06/1937,,04/06/1937,,diary record,1,ploughed,Ploughed,,,,
570,RFW3,1937,fallow sections,05/10/1936,,,,diary record,1,cultivated,Cultivated,,,,
571,RFW3,1937,fallow sections,09/06/1937,,,,diary record,1,cultivated,Cultivated,,,,
572,RFW3,1937,fallow sections,26/04/1937,,,,diary record,1,springtine harrowed,Springtine harrowed,,,,
573,RFW3,1937,fallow sections,26/03/1937,,,,diary record,1,springtine harrowed,Springtine harrowed,,,,
574,RFW3,1938,cropped sections,23/09/1937,,27/09/1937,,diary record,1,ploughed,Ploughed,,,,
575,RFW3,1938,cropped sections,16/10/1937,,,,diary record,1,cultivated,Cultivated,,,,
576,RFW3,1938,cropped sections,06/11/1937,,,,diary record,1,harrowed,Harrowed,,,,
577,RFW3,1938,cropped sections,17/03/1938,,,,diary record,1,harrowed,Harrowed,,,,
578,RFW3,1938,cropped sections,20/10/1937,,,,diary record,1,springtine harrowed,Springtine harrowed,,,,
579,RFW3,1938,cropped sections,20/10/1937,,,,diary record,1,rolled,Rolled,,,,
580,RFW3,1938,cropped sections,19/03/1938,,,,diary record,1,rolled,Rolled,,,,
581,RFW3,1938,cropped sections,06/11/1937,,,,diary record,1,seed sown,Seed sown,,,,
582,RFW3,1938,cropped sections,11/08/1938,,,,diary record,1,harvested,Harvested,,,,
583,RFW3,1938,fallow sections,23/09/1937,,27/09/1937,,diary record,1,ploughed,Ploughed,,,,
584,RFW3,1938,fallow sections,16/10/1937,,,,diary record,1,cultivated,Cultivated,,,,
585,RFW3,1938,fallow sections,05/03/1938,,,,diary record,1,cultivated,Cultivated,,,,
586,RFW3,1938,fallow sections,07/05/1938,,,,diary record,1,springtine harrowed,Springtine harrowed,,,,
587,RFW3,1938,fallow sections,03/06/1938,,,,diary record,1,springtine harrowed,Springtine harrowed,,,,
588,RFW3,1938,fallow sections,07/05/1938,,,,diary record,1,rolled,Rolled,,,,
589,RFW3,1938,fallow sections,03/06/1938,,,,diary record,1,rolled,Rolled,,,,
590,RFW3,1938,fallow sections,21/06/1938,,,,diary record,1,thistles cut,Thistles cut,,,,
591,RFW3,1938,fallow sections,14/08/1938,,,,diary record,1,thistles cut,Thistles cut,,,,
592,RFW3,1939,cropped sections,26/08/1938,,,,diary record,1,ploughed,Ploughed,,,,
593,RFW3,1940,cropped sections,12/09/1939,,13/09/1939,,diary record,1,ploughed,Ploughed,,,,
594,RFW3,1941,cropped sections,10/09/1940,,11/09/1940,,diary record,1,ploughed,Ploughed,,,,
595,RFW3,1942,cropped sections,19/09/1941,,22/09/1941,,diary record,1,ploughed,Ploughed,,,,
596,RFW3,1943,cropped sections,01/09/1942,,04/09/1942,,diary record,1,ploughed,Ploughed,,,,
597,RFW3,1944,cropped sections,31/08/1943,,09/09/1943,,diary record,1,ploughed,Ploughed,,,,
598,RFW3,1945,cropped sections,21/08/1944,,28/08/1944,,diary record,1,ploughed,Ploughed,,,,
599,RFW3,1946,cropped sections,30/08/1945,,03/09/1945,,diary record,1,ploughed,Ploughed,,,,
600,RFW3,1947,cropped sections,11/10/1946,,15/10/1946,,diary record,1,ploughed,Ploughed,,,,
601,RFW3,1939,cropped sections,24/10/1938,,,,diary record,1,seed sown,Seed sown,,,,
602,RFW3,1940,cropped sections,23/10/1939,,,,diary record,1,seed sown,Seed sown,,,,
603,RFW3,1941,cropped sections,28/10/1940,,,,diary record,1,seed sown,Seed sown,,,,
604,RFW3,1942,cropped sections,21/10/1941,,,,diary record,1,seed sown,Seed sown,,,,
605,RFW3,1943,cropped sections,15/10/1942,,,,diary record,1,seed sown,Seed sown,,,,
606,RFW3,1944,cropped sections,08/10/1943,,,,diary record,1,seed sown,Seed sown,,,,
607,RFW3,1945,cropped sections,30/10/1944,,,,diary record,1,seed sown,Seed sown,,,,
608,RFW3,1946,cropped sections,15/10/1945,,,,diary record,1,seed sown,Seed sown,,,,
609,RFW3,1947,cropped sections,18/10/1946,,,,diary record,1,seed sown,Seed sown,,,,
610,RFW3,1939,cropped sections,24/08/1939,,,,diary record,1,harvested,Harvested,,,,
611,RFW3,1940,cropped sections,08/08/1940,,,,diary record,1,harvested,Harvested,,,,
612,RFW3,1941,cropped sections,21/08/1941,,,,diary record,1,harvested,Harvested,,,,
613,RFW3,1942,cropped sections,17/08/1942,,,,diary record,1,harvested,Harvested,,,,
614,RFW3,1943,cropped sections,03/08/1943,,,,diary record,1,harvested,Harvested,,,,
615,RFW3,1944,cropped sections,10/08/1944,,,,diary record,1,harvested,Harvested,,,,
616,RFW3,1945,cropped sections,11/08/1945,,,,diary record,1,harvested,Harvested,,,,
617,RFW3,1946,cropped sections,16/08/1946,,,,diary record,1,harvested,Harvested,,,,
618,RFW3,1947,cropped sections,12/08/1947,,,,diary record,1,harvested,Harvested,,,,
619,RFW3,1939,fallow sections,,,,,diary record,1,Cultivated 6 times between Aug 1938 and July 1939,Cultivated 6 times between Aug 1938 and July 1939,,,,
620,RFW3,1940,fallow sections,,,,,diary record,1,Cultivated 4 times between Sept 1939 and July 1940,Cultivated 4 times between Sept 1939 and July 1940,,,,
621,RFW3,1941,fallow sections,,,,,diary record,1,Cultivated 4 times between Sept 1940 and May 1941,Cultivated 4 times between Sept 1940 and May 1941,,,,
622,RFW3,1942,fallow sections,,,,,diary record,1,Cultivated 8 times between Sept 1941 and July 1942,Cultivated 8 times between Sept 1941 and July 1942,,,,
623,RFW3,1943,fallow sections,,,,,diary record,1,Cultivated 10 times between Sept 1942 and July 1943,Cultivated 10 times between Sept 1942 and July 1943,,,,
624,RFW3,1944,fallow sections,,,,,diary record,1,Cultivated 5 times between Aug 1943 and June 1944,Cultivated 5 times between Aug 1943 and June 1944,,,,
625,RFW3,1945,fallow sections,,,,,diary record,1,Cultivated 6 times between Aug 1944 and July 1945,Cultivated 6 times between Aug 1944 and July 1945,,,,
626,RFW3,1946,fallow sections,,,,,diary record,1,Cultivated 4 times between Aug 1945 and July 1946,Cultivated 4 times between Aug 1945 and July 1946,,,,
627,RFW3,1947,fallow sections,,,,,diary record,1,Ploughed once and Springtined twice between Oct 1946 and July 1947,Ploughed once and Springtined twice between Oct 1946 and July 1947,,,,
628,RFW3,1948,cropped sections,15/09/1947,,16/09/1947,,diary record,1,ploughed,Ploughed,,,,
629,RFW3,1948,cropped sections,24/10/1947,,,,diary record,1,rolled,Rolled,,,,
630,RFW3,1948,cropped sections,24/10/1947,,,,diary record,1,springtine harrowed,Springtine harrowed,,,,
631,RFW3,1948,cropped sections,25/10/1947,,,,diary record,1,seed drilled,Seed drilled,,,,
632,RFW3,1948,cropped sections,25/10/1947,,,,diary record,1,harrowed in,Harrowed in,,,,
633,RFW3,1948,cropped sections,31/03/1948,,,,diary record,1,ring rolled,Ring rolled,,,,
634,RFW3,1948,cropped sections,29/07/1948,,,,diary record,1,weeds hand pulled,Weeds hand pulled,,,,
635,RFW3,1948,cropped sections,23/08/1948,,,,diary record,1,harvested,Harvested,,,,
636,RFW3,1948,fallow sections,15/09/1947,,16/09/1947,,diary record,1,ploughed,Ploughed,,,,
637,RFW3,1948,fallow sections,24/10/1947,,,,diary record,1,rolled,Rolled,,,,
638,RFW3,1948,fallow sections,24/10/1947,,,,diary record,1,springtine harrowed,Springtine harrowed,,,,
639,RFW3,1948,fallow sections,10/03/1948,,,,diary record,1,springtine harrowed,Springtine harrowed,,,,
640,RFW3,1948,fallow sections,22/04/1948,,,,diary record,1,thistles cut,Thistles cut,,,,
641,RFW3,1948,fallow sections,21/05/1948,,,,diary record,1,ploughed,Ploughed,,,,
642,RFW3,1948,fallow sections,09/06/1948,,,,diary record,1,ring rolled,Ring rolled,,,,
643,RFW3,1949,cropped sections,03/09/1948,,06/09/1948,,diary record,1,ploughed,Ploughed,,,,
644,RFW3,1949,cropped sections,22/10/1948,,,,diary record,1,harrowed twice,Harrowed twice,,,,
645,RFW3,1949,cropped sections,23/10/1948,,,,diary record,1,seed drilled,Seed drilled,,,,
646,RFW3,1949,cropped sections,23/10/1948,,,,diary record,1,harrowed in,Harrowed in,,,,
647,RFW3,1949,cropped sections,11/04/1949,,,,diary record,1,ring rolled,Ring rolled,,,,
648,RFW3,1949,cropped sections,16/08/1949,,,,diary record,1,harvested,Harvested,,,,
649,RFW3,1949,fallow sections,03/09/1948,,,,diary record,1,Ploughed,Ploughed,,B3,,
650,RFW3,1949,fallow sections,01/10/1948,,02/10/1948,,diary record,1,Ploughed,Ploughed,,remainder,,
651,RFW3,1949,fallow sections,03/01/1949,,13/01/1949,,diary record,1,ploughed,Ploughed,,,,
652,RFW3,1949,fallow sections,23/03/1949,,,,diary record,1,spring tined,Springtined,,,,
653,RFW3,1949,fallow sections,14/04/1949,,,,diary record,1,spring tined,Springtined,,,,
654,RFW3,1949,fallow sections,31/05/1949,,,,diary record,1,thistles cut,Thistles cut,,,,
655,RFW3,1949,fallow sections,27/06/1949,,,,diary record,1,thistles cut,Thistles cut,,,,
656,RFW3,1949,fallow sections,05/07/1949,,06/07/1949,,diary record,1,ploughed,Ploughed,,,,
657,RFW3,1949,fallow sections,20/07/1949,,,,diary record,1,harrowed twice,Harrowed twice,,,,
658,RFW3,1949,fallow sections,20/07/1949,,,,diary record,1,ring rolled,Ring rolled,,,,
659,RFW3,1950,cropped sections,30/08/1949,,31/08/1949,,diary record,1,ploughed,Ploughed,,,,
660,RFW3,1950,cropped sections,29/10/1949,,,,diary record,1,springtined,Springtined,,,,
661,RFW3,1950,cropped sections,31/10/1949,,,,diary record,1,harrowed,Harrowed,,,,
662,RFW3,1950,cropped sections,31/10/1949,,,,diary record,1,seed drilled,Seed drilled,,,,
663,RFW3,1950,cropped sections,31/10/1949,,,,diary record,1,harrowed in,Harrowed in,,,,
664,RFW3,1950,cropped sections,08/04/1950,,,,diary record,1,rolled,Rolled,,,,
665,RFW3,1950,cropped sections,20/04/1950,,,,diary record,1,Crop badly damaged by wheat bulb fly so decision made to plough in and resow,Crop badly damaged by wheat bulb fly so decision made to plough in and resow,,,,
666,RFW3,1950,cropped sections,21/04/1950,,,,diary record,1,harrowed three times,Harrowed three times,,,,
667,RFW3,1950,cropped sections,21/04/1950,,,,diary record,1,seed drilled,Seed drilled,,,,
668,RFW3,1950,cropped sections,21/04/1950,,,,diary record,1,ring rolled,Ring rolled,,,,
669,RFW3,1950,cropped sections,21/04/1950,,,,diary record,1,harrowed in,Harrowed in,,,,
670,RFW3,1950,cropped sections,22/04/1950,,,,diary record,1,ring rolled,Ring rolled,,,,
671,RFW3,1950,cropped sections,26/05/1950,,,,diary record,1,thistles cut,Thistles cut,,,,
672,RFW3,1950,cropped sections,08/09/1950,,,,diary record,1,harvested,Harvested,,,,
673,RFW3,1950,cropped sections,30/08/1949,,31/08/1949,,diary record,1,ploughed,Ploughed,,,,
674,RFW3,1950,cropped sections,29/10/1949,,,,diary record,1,springtined,Springtined,,,,
675,RFW3,1950,cropped sections,09/03/1950,,,,diary record,1,springtined,Springtined,,,,
676,RFW3,1950,cropped sections,21/04/1950,,,,diary record,1,harrowed three times,Harrowed three times,,,,
677,RFW3,1950,cropped sections,12/05/1950,,,,diary record,1,ring rolled,Ring rolled,,,,
678,RFW3,1950,cropped sections,30/05/1950,,,,diary record,1,thistle barred,Thistle-barred,,,,
679,RFW3,1950,cropped sections,01/07/1950,,,,diary record,1,ploughed,Ploughed,,,,
680,RFW3,1950,cropped sections,15/07/1950,,,,diary record,1,ploughed,Ploughed,,,,
681,RFW3,1950,cropped sections,31/07/1950,,,,diary record,1,ploughed,Ploughed,,,,
682,RFW3,1951,cropped sections,14/09/1950,,,,diary record,1,ploughed,Ploughed,,,,
683,RFW3,1951,cropped sections,18/10/1950,,,,diary record,1,seed drilled,Seed drilled,bushels/acre,,,
684,RFW3,1951,cropped sections,24/08/1951,,,,diary record,1,harvested,Harvested,,,,
685,RFW3,1951,fallow sections,14/09/1950,,,,diary record,1,ploughed,Ploughed,,,,
686,RFW3,1951,fallow sections,23/04/1951,,,,diary record,1,ploughed,Ploughed,,,,
687,RFW3,1951,fallow sections,10/07/1951,,,,diary record,1,ploughed,Ploughed,,,,
