source_id,experiment,year,cropped section,new start date,new end date,operation,operation type,Amount,Units
1,Broadbalk,1929,cropped plots,09/10/1928,,seed sown,,,
2,Broadbalk,1929,cropped plots,09/08/1929,,harvest,,,
3,Broadbalk,1929,cropped plots,17/08/1929,,carted,,,
4,Broadbalk,1930,all plots,05/09/1929,06/09/1929,tractor cultivated across,,,
5,Broadbalk,1930,all plots,20/09/1929,,tractor cultivated across with thistle bar attached,,,
6,Broadbalk,1930,all plots,01/10/1929,08/10/1929,ploughed,,,
7,Broadbalk,1930,all plots,16/10/1929,,harrowed in seed,,,
8,Broadbalk,1930,Sections I and II,21/02/1930,,chain harrowed,,,
9,Broadbalk,1930,Sections I and II,23/04/1930,,harrowed across,,,
10,Broadbalk,1930,all plots,29/04/1930,,harrowed across,,,
11,Broadbalk,1930,Sections I and II,02/05/1930,,chain harrowed across,,,
12,Broadbalk,1930,"Sections III, IV, V",02/05/1930,,tooth harrowed lengthwise,,,
13,Broadbalk,1930,cropped plots,15/10/1929,,seed sown,,,
14,Broadbalk,1930,cropped plots,18/08/1930,,harvest,,,
15,Broadbalk,1930,cropped plots,27/08/1930,30/08/1930,carted,,,
16,Broadbalk,1931,all plots,30/08/1930,01/09/1930,tractor cultivated,,,
17,Broadbalk,1931,all plots,02/10/1930,07/10/1930,tractor ploughed,,,
18,Broadbalk,1931,all plots,15/10/1930,,tractor disc harrowed followed by drag harrow,,,
19,Broadbalk,1931,cropped sections,16/10/1930,,harrowed in seed,,,
20,Broadbalk,1931,cropped sections,16/10/1930,,seed sown,,,
21,Broadbalk,1931,cropped sections,17/08/1931,18/08/1931,harvest,,,
22,Broadbalk,1931,cropped sections,27/08/1931,29/08/1931,carted,,,
23,Broadbalk,1932,all plots,29/08/1931,15/09/1931,ploughed,,,
24,Broadbalk,1932,all plots,21/09/1931,26/09/1931,tractor cultivated with disc and tooth harrows,,,
25,Broadbalk,1932,all plots,10/10/1931,12/10/1931,cultivate with thistle bar attached,,,
26,Broadbalk,1932,all plots,15/10/1931,,harrowed,,,
27,Broadbalk,1932,all plots,25/02/1931,,harrowed,,,
28,Broadbalk,1932,cropped sections,13/10/1931,,seed sown,,,
29,Broadbalk,1932,cropped sections,09/08/1932,10/08/1932,harvest,,,
30,Broadbalk,1932,cropped sections,16/08/1932,18/08/1932,carted,,,
31,Broadbalk,1933,all plots,19/08/1932,05/09/1932,ploughed,,,
32,Broadbalk,1933,all plots,15/09/1932,16/09/1932,cultivated,,,
33,Broadbalk,1933,cropped sections,17/10/1932,,harrowed,,,
34,Broadbalk,1933,cropped sections,08/05/1933,,harrowed,,,
35,Broadbalk,1933,cropped sections,17/10/1932,,seed sown,,,
36,Broadbalk,1933,cropped sections,10/10/1932,11/10/1932,manures applied,,,
37,Broadbalk,1933,cropped sections,29/03/1933,30/05/1933,manures applied,,,
38,Broadbalk,1933,cropped sections,22/05/1933,,manures applied,,,
39,Broadbalk,1933,cropped sections,27/07/1933,28/07/1933,harvested,,,
40,Broadbalk,1933,fallow sections,24/04/1933,25/04/1933,ploughed,,,
41,Broadbalk,1933,fallow sections,07/07/1933,10/07/1933,ploughed,,,
42,Broadbalk,1933,fallow sections,29/03/1933,12/04/1933,cultivated,,,
43,Broadbalk,1933,fallow sections,15/09/1932,,harrowed,,,
44,Broadbalk,1933,fallow sections,15/06/1933,,harrowed,,,
45,Broadbalk,1933,fallow sections,10/05/1933,,rolled,,,
46,Broadbalk,1933,fallow sections,02/06/1933,,rolled,,,
47,Broadbalk,1934,all plots,08/08/1933,12/08/1933,ploughed,,,
48,Broadbalk,1934,all plots,09/10/1933,,harrowed,,,
49,Broadbalk,1934,cropped sections,12/10/1933,14/10/1933,harrowed,,,
50,Broadbalk,1934,cropped sections,05/04/1934,06/04/1934,harrowed,,,
51,Broadbalk,1934,cropped sections,12/10/1933,13/10/1934,seed sown,,,
52,Broadbalk,1934,cropped sections,09/10/1933,,harrowed,,,
53,Broadbalk,1934,cropped sections,12/10/1933,,harrowed,,,
54,Broadbalk,1934,cropped sections,03/04/1934,,harrowed,,,
55,Broadbalk,1934,cropped sections,27/04/1934,,harrowed,,,
56,Broadbalk,1934,cropped sections,01/08/1934,03/08/1934,harvested,,,
57,Broadbalk,1934,fallow sections,10/05/1934,,ploughed,,,
58,Broadbalk,1934,fallow sections,16/07/1934,17/07/1934,ploughed,,,
59,Broadbalk,1934,fallow sections,15/08/1934,21/08/1934,ploughed,,,
60,Broadbalk,1934,fallow sections,12/10/1933,,harrowed,,,
61,Broadbalk,1934,fallow sections,24/02/1934,,harrowed,,,
62,Broadbalk,1934,fallow sections,05/04/1934,06/04/1934,harrowed,,,
63,Broadbalk,1934,fallow sections,14/07/1934,,harrowed,,,
64,Broadbalk,1934,fallow sections,20/04/1934,,cultivated,,,
65,Broadbalk,1934,fallow sections,16/06/1934,,cultivated,,,
66,Broadbalk,1934,fallow sections,18/06/1934,,cultivated,,,
67,Broadbalk,1934,fallow sections,25/06/1934,,cultivated,,,
68,Broadbalk,1934,fallow sections,22/06/1934,,rolled,,,
69,Broadbalk,1934,fallow sections,29/06/1934,,rolled,,,
70,Broadbalk,1935,fallow sections,15/08/1934,21/08/1934,rolled,,,
71,Broadbalk,1935,all plots,20/09/1934,25/09/1934,ploughed,,,
72,Broadbalk,1935,all plots,15/08/1934,21/08/1934,ploughed,,,
73,Broadbalk,1935,cropped sections,20/10/1934,24/10/1934,harrowed,,,
74,Broadbalk,1935,cropped sections,23/10/1934,24/10/1934,seed sown,,,
75,Broadbalk,1935,cropped sections,27/03/1935,28/03/1935,manures applied,,,
76,Broadbalk,1935,cropped sections,18/10/1934,19/10/1934,manures applied,,,
77,Broadbalk,1935,cropped sections,03/05/1935,,manures applied,,,
78,Broadbalk,1935,cropped sections,06/08/1935,08/08/1935,harvested,,,
79,Broadbalk,1935,fallow sections,22/07/1935,,ploughed,,,
80,Broadbalk,1935,fallow sections,03/10/1935,14/10/1935,ploughed,,,
81,Broadbalk,1935,fallow sections,20/10/1934,23/10/1934,harrowed,,,
82,Broadbalk,1935,fallow sections,11/03/1935,,cultivated,,,
83,Broadbalk,1935,fallow sections,23/04/1935,,cultivated,,,
84,Broadbalk,1935,fallow sections,01/05/1935,,cultivated,,,
85,Broadbalk,1935,fallow sections,29/05/1935,,cultivated,,,
86,Broadbalk,1935,fallow sections,04/07/1935,,cultivated,,,
87,Broadbalk,1936,all plots,19/08/1935,22/08/1935,ploughed,,,
88,Broadbalk,1936,all plots,02/10/1935,14/10/1935,ploughed,,,
89,Broadbalk,1936,cropped sections,07/10/1935,08/10/1935,dung applied,,,
90,Broadbalk,1936,all plots,26/09/1935,27/09/1935,harrowed,,,
91,Broadbalk,1936,all plots,31/10/1935,,harrowed,,,
92,Broadbalk,1936,cropped sections,07/11/1935,,harrowed,,,
93,Broadbalk,1936,cropped sections,27/11/1935,,harrowed,,,
94,Broadbalk,1936,cropped sections,20/03/1936,,harrowed,,,
95,Broadbalk,1936,cropped sections,06/04/1936,,harrowed,,,
96,Broadbalk,1936,cropped sections,06/05/1936,,harrowed,,,
97,Broadbalk,1936,all plots,26/10/1935,,springtine harrowed,,,
98,Broadbalk,1936,cropped sections,27/11/1935,,springtine harrowed,,,
99,Broadbalk,1936,cropped sections,30/10/1935,,rolled,,,
100,Broadbalk,1936,cropped sections,06/05/1936,,rolled,,,
101,Broadbalk,1936,cropped sections,28/10/1935,29/10/1935,manures applied,,,
102,Broadbalk,1936,cropped sections,06/11/1935,,manures applied,,,
103,Broadbalk,1936,cropped sections,15/04/1936,,manures applied,,,
104,Broadbalk,1936,cropped sections,06/05/1936,,manures applied,,,
105,Broadbalk,1936,cropped sections,06/11/1935,27/11/1935,seed sown,,,
106,Broadbalk,1936,cropped sections,21/08/1936,22/08/1936,harvested,,,
107,Broadbalk,1936,fallow sections,15/04/1936,,ploughed,,,
108,Broadbalk,1936,fallow sections,22/07/1936,,ploughed,,,
109,Broadbalk,1936,fallow sections,10/08/1936,,harrowed,,,
110,Broadbalk,1936,fallow sections,30/05/1936,,cultivated,,,
111,Broadbalk,1936,fallow sections,29/06/1936,,cultivated,,,
112,Broadbalk,1936,fallow sections,10/08/1936,,cultivated,,,
113,Broadbalk,1937,all plots,15/09/1936,24/09/1936,ploughed,,,
114,Broadbalk,1937,cropped sections,23/09/1936,,dung applied,,,
115,Broadbalk,1937,all plots,08/10/1936,,cultivated,,,
116,Broadbalk,1937,all plots,15/10/1936,,tractor spring-tine harrowed,,,
117,Broadbalk,1937,all plots,16/10/1936,,tractor disc harrowed dung plots,,,
118,Broadbalk,1937,cropped sections,17/10/1936,,springtine harrowed,,,
119,Broadbalk,1937,cropped sections,20/10/1936,21/10/1936,harrowed,,,
120,Broadbalk,1937,cropped sections,06/10/1936,07/10/1936,manures applied,,,
121,Broadbalk,1937,cropped sections,01/05/1937,02/05/1937,manures applied,,,
122,Broadbalk,1937,cropped sections,10/05/1937,,manures applied,,,
123,Broadbalk,1937,cropped sections,20/10/1936,21/10/1936,seed sown,,,
124,Broadbalk,1937,cropped sections,09/08/1937,11/08/1937,harvested,,,
125,Broadbalk,1937,fallow sections,17/10/1936,,tractor rolled and harrowed then spring-tine harrowed,,,
126,Broadbalk,1937,fallow sections,02/04/1937,27/04/1937,springtine harrowed,,,
127,Broadbalk,1937,fallow sections,10/05/1937,,ploughed,,,
128,Broadbalk,1937,fallow sections,27/05/1937,,cultivated,,,
129,Broadbalk,1937,fallow sections,06/08/1937,,cultivated,,,
130,Broadbalk,1937,fallow sections,10/05/1937,,Nitrate of soda applied to plot 16,,,
131,Broadbalk,1938,all plots,06/09/1937,29/09/1937,ploughed,,,
132,Broadbalk,1938,cropped sections,22/09/1937,,dung applied,,,
133,Broadbalk,1938,cropped sections,14/10/1937,16/10/1937,cultivated,,,
134,Broadbalk,1938,cropped sections,04/11/1937,06/11/1937,harrowed,,,
135,Broadbalk,1938,cropped sections,15/03/1938,,harrowed,,,
136,Broadbalk,1938,cropped sections,19/10/1937,,springtine harrowed,,,
137,Broadbalk,1938,all plots,19/10/1937,,rolled,,,
138,Broadbalk,1938,cropped sections,04/11/1937,06/11/1937,seed sown,,,
139,Broadbalk,1938,cropped sections,16/03/1938,,rolled,,,
140,Broadbalk,1938,cropped sections,12/10/1937,14/10/1937,manures applied,,,
141,Broadbalk,1938,cropped sections,11/03/1938,,manures applied,,,
142,Broadbalk,1938,cropped sections,07/04/1938,,manures applied,,,
143,Broadbalk,1938,cropped sections,05/08/1938,,harvested,,,
144,Broadbalk,1938,fallow sections,07/06/1938,11/06/1938,ploughed,,,
145,Broadbalk,1938,fallow sections,14/10/1937,16/10/1937,cultivated,,,
146,Broadbalk,1938,fallow sections,19/10/1937,,springtine harrowed,,,
147,Broadbalk,1938,fallow sections,05/03/1938,,springtine harrowed,,,
148,Broadbalk,1938,fallow sections,02/04/1938,,springtine harrowed,,,
149,Broadbalk,1938,fallow sections,05/05/1938,,springtine harrowed,,,
150,Broadbalk,1938,fallow sections,15/08/1938,,springtine harrowed,,,
151,Broadbalk,1938,fallow sections,05/05/1938,,rolled,,,
152,Broadbalk,1948,cropped sections,22/09/1947,24/09/1947,Ploughed,,,
153,Broadbalk,1948,cropped sections,24/09/1947,,Dung applied,,,
154,Broadbalk,1948,cropped sections,13/10/1947,15/10/1947,Artificials applied,,,
155,Broadbalk,1948,cropped sections,22/10/1947,,rolled,,,
156,Broadbalk,1948,cropped sections,22/10/1947,,springtine harrowed,,,
157,Broadbalk,1948,cropped sections,23/10/1947,,Tooth harrowed,,,
158,Broadbalk,1948,cropped sections,24/10/1947,25/10/1947,Seed drilled,,,
159,Broadbalk,1948,cropped sections,25/10/1947,,Harrowed in,,,
160,Broadbalk,1948,cropped sections,12/04/1948,,Harrowed,,,
161,Broadbalk,1948,cropped sections,20/04/1948,,Ring rolled,,,
162,Broadbalk,1948,cropped sections,27/04/1948,28/04/1948,Nitrogenous fertilisers applied,,,
163,Broadbalk,1948,cropped sections,07/05/1948,,Second dressing of nitrate of soda applied to plot 16,,,
164,Broadbalk,1948,cropped sections,15/06/1948,30/07/1948,Wild oats hand pulled various days,,,
165,Broadbalk,1948,cropped sections,19/08/1948,20/08/1948,Harvested,,,
166,Broadbalk,1948,fallow sections,22/09/1947,24/09/1947,Ploughed,,,
167,Broadbalk,1948,fallow sections,22/10/1947,,Rolled and springtine harrowed,,,
168,Broadbalk,1948,fallow sections,23/10/1947,25/10/1947,Tooth harrowed,,,
169,Broadbalk,1948,fallow sections,12/04/1948,,Springtine harrowed,,,
170,Broadbalk,1948,fallow sections,20/04/1948,,Thistles cut,,,
171,Broadbalk,1948,fallow sections,25/05/1948,27/05/1948,Ploughed,,,
172,Broadbalk,1948,fallow sections,09/06/1948,,Ring rolled,,,
173,Broadbalk,1948,fallow sections,01/07/1948,,Thistles cut,,,
174,Broadbalk,1948,fallow sections,14/07/1948,15/07/1948,Ploughed,,,
175,Broadbalk,1948,fallow sections,06/08/1948,,Rolled and springtine harrowed,,,
176,Broadbalk,1949,cropped sections,02/09/1948,16/09/1948,Ploughed,,,
177,Broadbalk,1949,cropped sections,11/09/1948,12/09/1948,Dung applied,,,
178,Broadbalk,1949,cropped sections,22/10/1948,,Springtine harrowed,,,
179,Broadbalk,1949,cropped sections,11/11/1948,,Harrowed,,,
180,Broadbalk,1949,cropped sections,11/11/1948,13/11/1948,Seed drilled,,,
181,Broadbalk,1949,cropped sections,11/11/1948,15/11/1948,Artificials applied,,,
182,Broadbalk,1949,cropped sections,13/11/1948,15/11/1948,Harrowed in,,,
183,Broadbalk,1949,cropped sections,14/04/1949,,Harrowed,,,
184,Broadbalk,1949,cropped sections,19/04/1949,,Ring rolled,,,
185,Broadbalk,1949,cropped sections,27/04/1949,,Nitrogenous fertilisers applied,,,
186,Broadbalk,1949,cropped sections,17/05/1949,23/05/1949,Weeds hand pulled,,,
187,Broadbalk,1949,cropped sections,23/05/1949,,Second dressing of nitrate of soda applied to plot 16,,,
188,Broadbalk,1949,cropped sections,27/06/1949,06/07/1949,Wild oats hand pulled various days,,,
189,Broadbalk,1949,cropped sections,25/07/1949,27/07/1949,Wild oats hand pulled various days,,,
190,Broadbalk,1949,cropped sections,05/08/1949,06/08/1949,Harvested,,,
191,Broadbalk,1949,fallow sections,02/09/1948,16/09/1948,Ploughed,,,
192,Broadbalk,1949,fallow sections,22/10/1948,,Springtine harrowed,,,
193,Broadbalk,1949,fallow sections,24/01/1949,31/01/1949,Ploughed,,,
194,Broadbalk,1949,fallow sections,22/03/1949,,Springtine harrowed,,,
195,Broadbalk,1949,fallow sections,14/04/1949,,Springtine harrowed,,,
196,Broadbalk,1949,fallow sections,30/05/1949,,Thistles cut,,,
197,Broadbalk,1949,fallow sections,27/06/1949,,Thistles cut,,,
198,Broadbalk,1949,fallow sections,04/07/1949,05/07/1949,Ploughed,,,
199,Broadbalk,1949,fallow sections,18/07/1949,,Harrowed,,,
200,Broadbalk,1949,fallow sections,20/07/1949,,Ring rolled and Harrowed,,,
201,Broadbalk,1950,cropped sections,24/08/1949,29/08/1949,Ploughed all except dung plots,,,
202,Broadbalk,1950,cropped sections,05/09/1949,06/09/1949,Dung applied and ploughed in,,,
203,Broadbalk,1950,cropped sections,05/09/1949,08/09/1949,"Harrowed, seed drilled and harrowed twice",,,
204,Broadbalk,1950,cropped sections,15/10/1949,01/11/1949,Springtine harrowed,,,
205,Broadbalk,1950,cropped sections,03/11/1949,04/11/1949,Artificials applied,,,
206,Broadbalk,1950,cropped sections,04/11/1949,08/11/1949,Springtine harrowed,,,
207,Broadbalk,1950,cropped sections,20/04/1950,,Nitrogenous fertilisers applied,,,
208,Broadbalk,1950,cropped sections,27/04/1950,,Harrowed,,,
209,Broadbalk,1950,cropped sections,01/05/1950,,Rolled,,,
210,Broadbalk,1950,cropped sections,04/05/1950,,Second dressing of nitrate of soda applied to plot 16,,,
211,Broadbalk,1950,cropped sections,08/08/1950,,Harvested,,,
212,Broadbalk,1950,fallow sections,24/08/1949,29/08/1949,Ploughed all except dung plots,,,
213,Broadbalk,1950,fallow sections,05/09/1949,06/09/1949,Ploughed dung plots,,,
214,Broadbalk,1950,fallow sections,15/10/1949,01/11/1949,Springtine harrowed,,,
215,Broadbalk,1950,fallow sections,04/11/1949,08/11/1949,Springtine harrowed,,,
216,Broadbalk,1950,fallow sections,12/12/1949,,Ploughed,,,
217,Broadbalk,1950,fallow sections,02/01/1950,07/01/1950,Ploughed,,,
218,Broadbalk,1950,fallow sections,13/03/1950,,Springtine harrowed,,,
219,Broadbalk,1950,fallow sections,22/04/1950,,Springtine harrowed,,,
220,Broadbalk,1950,fallow sections,13/05/1950,,Springtine harrowed,,,
221,Broadbalk,1950,fallow sections,30/05/1950,,Thistlebarred,,,
222,Broadbalk,1950,fallow sections,02/08/1950,03/08/1950,Ploughed,,,
223,Broadbalk,1950,fallow sections,08/08/1950,,Springtine harrowed,,,
224,Broadbalk,1950,fallow sections,11/08/1950,,"Springtined, disced and ring rolled",,,
225,Broadbalk,1951,cropped sections,24/08/1950,,Ploughed all except dung plots,,,
226,Broadbalk,1951,cropped sections,08/09/1950,,Dung applied and ploughed in,,,
227,Broadbalk,1951,cropped sections,23/10/1950,,Autumn application of artificials,,,
228,Broadbalk,1951,cropped sections,25/10/1950,,Seed drilled at 3 bushels per acre,,,
229,Broadbalk,1951,cropped sections,11/04/1951,,Spring application of nitrogenous fertilisers,,,
230,Broadbalk,1951,cropped sections,08/05/1951,,Second dressing of nitrate of soda applied to plot 16,,,
231,Broadbalk,1951,cropped sections,21/08/1951,,Harvested,,,
232,Broadbalk,1951,fallow sections,24/08/1950,,Ploughed,,,
233,Broadbalk,1951,fallow sections,24/04/1951,,Ploughed,,,
234,Broadbalk,1951,fallow sections,09/07/1951,,Ploughed,,,
235,Exhaustion Land,1949,all plots,03/01/1949,10/01/1949,ploughed,,,
236,Exhaustion Land,1949,all plots,22/03/1949,,Springtined,,,
237,Exhaustion Land,1949,all plots,23/03/1949,,Drilled,,,
238,Exhaustion Land,1949,all plots,24/03/1949,,"Sulphate of ammonia applied, harrowed in",,,
239,Exhaustion Land,1949,all plots,01/04/1949,,Rolled,,,
240,Exhaustion Land,1949,all plots,09/08/1949,,Harvested,,,
241,Exhaustion Land,1949,Variety,,,Plumage Archer,,,
242,Exhaustion Land,1950,all plots,30/08/1949,01/09/1949,ploughed,,,
243,Exhaustion Land,1950,all plots,14/10/1949,,Springtined,,,
244,Exhaustion Land,1950,all plots,16/12/1949,,ploughed,,,
245,Exhaustion Land,1950,all plots,08/03/1950,,Springtined,,,
246,Exhaustion Land,1950,all plots,11/03/1950,,Springtined,,,
247,Exhaustion Land,1950,all plots,14/03/1950,,Harrowed,,,
248,Exhaustion Land,1950,all plots,15/03/1950,,Sulphate of ammonia drilled,,,
249,Exhaustion Land,1950,all plots,15/03/1950,,"seed drilled, harrowed in, rolled",,,
250,Exhaustion Land,1950,all plots,30/05/1950,,Thistles cut,,,
251,Exhaustion Land,1950,all plots,07/08/1950,,Harvested,,,
252,Exhaustion Land,1950,variety ,,,Plumage Archer,,,
253,Exhaustion Land,1951,all plots,29/08/1950,,ploughed,,,
254,Exhaustion Land,1951,all plots,27/01/1951,,ploughed,,,
255,Exhaustion Land,1951,all plots,16/04/1951,,Seed drilled at 3 bushels per acre,,,
256,Exhaustion Land,1951,all plots,16/04/1951,,Sulphate of ammonia drilled,,,
257,Exhaustion Land,1951,all plots,03/09/1951,,Plumage Archer,,,
258,Hoosfield,1948,all plots,18/09/1947,20/09/1947,Shallow ploughed,,,
259,Hoosfield,1948,all plots,22/11/1947,28/11/1947,ploughed,,,
260,Hoosfield,1948,all plots,24/11/1947,,dung applied,,,
261,Hoosfield,1948,all plots,01/03/1948,05/03/1948,springtine harrowed,,,
262,Hoosfield,1948,all plots,10/03/1948,11/03/1948,Artificials applied,,,
263,Hoosfield,1948,all plots,27/03/1948,,thistles cleared,,,
264,Hoosfield,1948,all plots,30/03/1948,,Harrowed,,,
265,Hoosfield,1948,all plots,31/03/1948,,seed drilled,,,
266,Hoosfield,1948,all plots,06/04/1948,,Harrowed in,,,
267,Hoosfield,1948,all plots,10/04/1948,,rolled,,,
268,Hoosfield,1948,all plots,05/07/1948,14/07/1948,Wild oats hand pulled,,,
269,Hoosfield,1948,all plots,30/07/1948,10/08/1948,Wild oats hand pulled,,,
270,Hoosfield,1948,all plots,09/08/1948,,Wild oats scythed,,,
271,Hoosfield,1948,all plots,30/08/1948,,harvested,,,
272,Hoosfield,1948,all plots,30/09/1947,,springtine harrowed,,,
273,Hoosfield,1948,Note,,,"On plots 50, 5A and 5C, sections badly infected with wild oats were scythed out and discarded. On all other plots the full area was harvested",,,
274,Hoosfield,1949,all plots,11/09/1948,25/09/1948,ploughed,,,
275,Hoosfield,1949,all plots,24/09/1948,,dung applied,,,
276,Hoosfield,1949,all plots,25/09/1948,,ploughed in,,,
277,Hoosfield,1949,all plots,20/12/1948,30/12/1948,Reploughed,,,
278,Hoosfield,1949,all plots,18/02/1949,,springtine harrowed,,,
279,Hoosfield,1949,all plots,23/03/1949,,thistles cut,,,
280,Hoosfield,1949,all plots,24/03/1949,,seed drilled,,,
281,Hoosfield,1949,all plots,24/03/1949,,Harrowed in,,,
282,Hoosfield,1949,all plots,31/03/1949,,Ring rolled,,,
283,Hoosfield,1949,all plots,13/05/1949,,sprayed with Denocate to kill off weeds,,,
284,Hoosfield,1949,all plots,18/07/1949,28/07/1949,Wild oats hand pulled various days,,,
285,Hoosfield,1949,all plots,11/08/1949,,harvested,,,
286,Hoosfield,1949,variety,,,Plumage Archer,,,
287,Hoosfield,1950,all plots,24/08/1949,26/08/1949,ploughed,,,
288,Hoosfield,1950,all plots,12/10/1949,,springtined,,,
289,Hoosfield,1950,all plots,05/11/1949,,springtined,,,
290,Hoosfield,1950,all plots,02/12/1949,,dung applied,,,
291,Hoosfield,1950,all plots,16/03/1950,20/03/1950,applied all fertilizers except silicate of soda,,,
292,Hoosfield,1950,all plots,21/03/1950,,springtined,,,
293,Hoosfield,1950,all plots,24/03/1950,,springtined,,,
294,Hoosfield,1950,all plots,24/03/1950,,Harrowed,,,
295,Hoosfield,1950,all plots,24/03/1950,,seed drilled,,,
296,Hoosfield,1950,all plots,25/03/1950,,Harrowed in,,,
297,Hoosfield,1950,all plots,27/03/1950,,rolled,,,
298,Hoosfield,1950,all plots,20/04/1950,,Silicate of soda applied,,,
299,Hoosfield,1950,all plots,26/05/1950,,thistles cut,,,
300,Hoosfield,1950,all plots,30/05/1950,,D.N.O.C applied,,,
301,Hoosfield,1950,all plots,14/08/1950,16/08/1950,harvested,,,
302,Hoosfield,1950,variety,,,Plumage Archer,,,
303,Hoosfield,1951,all plots,04/09/1950,,ploughed,,,
304,Hoosfield,1951,all plots,01/02/1951,,dung applied,,,
305,Hoosfield,1951,all plots,21/04/1951,,fertilizers applied,,,
306,Hoosfield,1951,all plots,25/04/1951,,seed drilled,3,bushels/acre,
307,Hoosfield,1951,all plots,26/06/1951,,sprayed with D.N.O.C 1 gallon per acre,,,
308,Hoosfield,1951,all plots,11/09/1951,,harvested,,,
309,Hoosfield,1951,variety,,,Plumage Archer,,,
310,RFW3,1856,cropped section,01/09/1856,,harvest date,,,
311,RFW3,1857,cropped section,18/08/1857,,harvest date,,,
312,RFW3,1858,cropped section,12/08/1858,,harvest date,,,
313,RFW3,1859,cropped section,11/08/1859,12/08/1859,harvest date,,,
314,RFW3,1860,cropped section,01/10/1860,02/10/1860,harvest date,,,
315,RFW3,1861,cropped section,24/08/1861,26/08/1861,harvest date,,,
316,RFW3,1862,cropped section,05/09/1862,,harvest date,,,
317,RFW3,1863,cropped section,19/08/1863,,harvest date,,,
318,RFW3,1864,cropped section,,,,,,
319,RFW3,1865,cropped section,,,,,,
320,RFW3,1866,cropped section,,,,,,
321,RFW3,1867,cropped section,31/08/1867,02/09/1867,harvest date,,,
322,RFW3,1868,cropped section,25/07/1868,28/07/1868,harvest date,,,
323,RFW3,1869,cropped section,30/08/1869,01/09/1869,harvest date,,,
324,RFW3,1870,cropped section,09/08/1870,10/08/1870,harvest date,,,
325,RFW3,1871,cropped section,26/08/1871,,harvest date,,,
326,RFW3,1872,cropped section,23/08/1872,,harvest date,,,
327,RFW3,1873,cropped section,12/09/1873,16/09/1873,harvest date,,,
328,RFW3,1874,cropped section,12/08/1874,,harvest date,,,
329,RFW3,1875,cropped section,23-08-1875,,harvest date,,,
330,RFW3,1876,cropped section,21-08-1876,,harvest date,,,
331,RFW3,1877,cropped section,23-08-1877,,harvest date,,,
332,RFW3,1878,cropped section,13-08-1878,,harvest date,,,
333,RFW3,1879,cropped section,17/09/1879,,harvest date,,,
334,RFW3,1880,cropped section,20/08/1880,,harvest date,,,
335,RFW3,1881,cropped section,15/08/1881,,harvest date,,,
336,RFW3,1882,cropped section,16/08/1882,,harvest date,,,
337,RFW3,1883,cropped section,25/08/1883,,harvest date,,,
338,RFW3,1884,cropped section,06/08/1884,,harvest date,,,
339,RFW3,1885,cropped section,13/08/1885,,harvest date,,,
340,RFW3,1886,cropped section,26/08/1886,,harvest date,,,
341,RFW3,1887,cropped section,11/08/1887,,harvest date,,,
342,RFW3,1888,cropped section,08/08/1888,,harvest date,,,
343,RFW3,1889,cropped section,20/08/1889,21/08/1889,harvest date,,,
344,RFW3,1890,cropped section,09/08/1890,,harvest date,,,
345,RFW3,1891,cropped section,02/09/1891,,harvest date,,,
346,RFW3,1892,cropped section,23/08/1892,,harvest date,,,
347,RFW3,1893,cropped section,31/07/1893,01/08/1893,harvest date,,,
348,RFW3,1894,cropped section,21/08/1894,,harvest date,,,
349,RFW3,1895,cropped section,09/08/1895,,harvest date,,,
350,RFW3,1896,cropped section,25/07/1896,,harvest date,,,
351,RFW3,1897,cropped section,13/08/1897,,harvest date,,,
352,RFW3,1898,cropped section,13/08/1898,,harvest date,,,
353,RFW3,1899,cropped section,11/08/1899,,harvest date,,,
354,RFW3,1900,cropped section,11/08/1900,13/08/1900,harvest date,,,
355,RFW3,1901,cropped section,13/08/1901,14/08/1901,harvest date,,,
356,RFW3,1902,cropped section,28/08/1902,,harvest date,,,
357,RFW3,1903,cropped section,03/09/1903,,harvest date,,,
358,RFW3,1904,cropped section,08/08/1904,,harvest date,,,
359,RFW3,1905,cropped section,01/08/1905,,harvest date,,,
360,RFW3,1906,cropped section,13/08/1906,,harvest date,,,
361,RFW3,1907,cropped section,24/08/1907,,harvest date,,,
362,RFW3,1908,cropped section,21/08/1908,,harvest date,,,
363,RFW3,1909,cropped section,10/09/1909,,harvest date,,,
364,RFW3,1910,cropped section,19/08/1910,,harvest date,,,
365,RFW3,1911,cropped section,04/08/1911,,harvest date,,,
366,RFW3,1912,cropped section,21/08/1912,22/08/1912,harvest date,,,
367,RFW3,1913,cropped section,01/09/1913,??,harvest date,,,
368,RFW3,1914,cropped section,04/08/1914,,harvest date,,,
369,RFW3,1915,cropped section,30/08/1915,,harvest date,,,
370,RFW3,1916,cropped section,28/08/1916,,harvest date,,,
371,RFW3,1917,cropped section,22/08/1917,,harvest date,,,
372,RFW3,1918,cropped section,20/08/1918,??,harvest date,,,
373,RFW3,1919,cropped section,27/08/1919,??,harvest date,,,
374,RFW3,1920,cropped section,17/08/1920,,harvest date,,,
375,RFW3,1921,cropped section,28/07/1921,,harvest date,,,
376,RFW3,1922,cropped section,06/09/1922,,harvest date,,,
377,RFW3,1923,cropped section,16/08/1923,,harvest date,,,
378,RFW3,1924,cropped section,06/09/1924,??,harvest date,,,
379,RFW3,1925,cropped section,18/08/1925,,harvest date,,,
380,RFW3,1926,cropped section,,,,,,
381,RFW3,1927,cropped section,31/08/1927,,harvest date,,,
382,RFW3,1928,cropped section,22/08/1928,,harvest date,,,
383,RFW3,1929,cropped section,21/08/1929,,harvest date,,,
384,RFW3,1930,cropped section,14/08/1930,,harvest date,,,
385,RFW3,1931,cropped section,21/08/1931,,harvest date,,,
386,RFW3,1932,cropped section,10/08/1932,,harvest date,,,
387,RFW3,1874,cropped section,30/10/1873,,seed sown,,,
388,RFW3,1880,cropped section,29/10/1879,,seed sown,,,
389,RFW3,1881,cropped section,26/10/1880,,seed sown,,,
390,RFW3,1883,cropped section,07/11/1882,,seed sown,,,
391,RFW3,1884,cropped section,23/10/1883,,seed sown,,,
392,RFW3,1885,cropped section,25/10/1884,,seed sown,,,
393,RFW3,1886,cropped section,25/10/1885,,seed sown,,,
394,RFW3,1887,cropped section,26/10/1886,,seed sown,,,
395,RFW3,1889,cropped section,01/11/1888,,seed sown,,,
396,RFW3,1890,cropped section,05/11/1889,,seed sown,,,
397,RFW3,1891,cropped section,25/10/1890,,seed sown,,,
398,RFW3,1894,cropped section,25/10/1893,,seed sown,,,
399,RFW3,1895,cropped section,22/10/1894,,seed sown,,,
400,RFW3,1896,cropped section,23/10/1895,,seed sown,,,
401,RFW3,1898,cropped section,20/10/1897,,seed sown,,,
402,RFW3,1899,cropped section,31/10/1898,,seed sown,,,
403,RFW3,1900,cropped section,23/10/1899,,seed sown,,,
404,RFW3,1901,cropped section,23/10/1900,,seed sown,,,
405,RFW3,1902,cropped section,23/10/1901,,seed sown,,,
406,RFW3,1903,cropped section,31/10/1902,,seed sown,,,
407,RFW3,1905,cropped section,19/10/1904,,seed sown,,,
408,RFW3,1906,cropped section,19/12/1905,,seed sown,,,
409,RFW3,1907,cropped section,16/10/1906,,seed sown,,,
410,RFW3,1908,cropped section,07/11/1907,,seed sown,,,
411,RFW3,1909,cropped section,26/10/1908,,seed sown,,,
412,RFW3,1910,cropped section,27/11/1909,,seed sown,,,
413,RFW3,1911,cropped section,22/10/1910,,seed sown,,,
414,RFW3,1912,cropped section,7/??/1911,,seed sown,,,
415,RFW3,1913,cropped section,21/10/1912,,seed sown,,,
416,RFW3,1914,cropped section,03/11/1913,,seed sown,,,
417,RFW3,1915,cropped section,03/11/1914,,seed sown,,,
418,RFW3,1917,cropped section,01/11/1916,,seed sown,,,
419,RFW3,1919,cropped section,26/10/1918,,seed sown,,,
420,RFW3,1920,cropped section,27/10/1919,,seed sown,,,
421,RFW3,1921,cropped section,05/11/1920,,seed sown,,,
422,RFW3,1922,cropped section,29/10/1921,,seed sown,,,
423,RFW3,1923,cropped section,02/11/1922,,seed sown,,,
424,RFW3,1924,cropped section,12/11/1923,,seed sown,,,
425,RFW3,1929,cropped section,09/10/1928,,seed sown,,,
426,RFW3,1930,cropped section,15/10/1929,,seed sown,,,
427,RFW3,1931,cropped section,17/10/1930,,seed sown,,,
428,RFW3,1932,cropped section,14/10/1931,,seed sown,,,
429,RFW3,1874,cropped section,September 1873,,ploughed,,,
430,RFW3,1880,cropped section,28/10/1879,,ploughed,,,
431,RFW3,1884,cropped section,13/10/1883,,ploughed,,,
432,RFW3,1886,cropped section,Sept 1885,,ploughed,,,
433,RFW3,1887,cropped section,02/10/1886,,ploughed,,,
434,RFW3,1888,cropped section,21/09/1887,,ploughed,,,
435,RFW3,1891,cropped section,11/09/1890,,ploughed,,,
436,RFW3,1895,cropped section,16/10/1894,,ploughed,,,
437,RFW3,1896,cropped section,21/09/1895,,ploughed,,,
438,RFW3,1899,cropped section,07/10/1898,,ploughed,,,
439,RFW3,1903,cropped section,06/10/1902,,ploughed,,,
440,RFW3,1907,cropped section,04/10/1906,,ploughed,,,
441,RFW3,1908,cropped section,01/11/1907,,ploughed,,,
442,RFW3,1909,cropped section,21/10/1908,,ploughed,,,
443,RFW3,1910,cropped section,27/09/1909,,ploughed,,,
444,RFW3,1913,cropped section,21/10/1912,,ploughed,,,
445,RFW3,1915,cropped section,19/09/1914,,ploughed,,,
446,RFW3,1918,cropped section,04/09/1917,,ploughed,,,
447,RFW3,1919,cropped section,16/10/1918,,ploughed,,,
448,RFW3,1922,cropped section,22/10/1921,,ploughed,,,
449,RFW3,1929,cropped section,17/09/1928,,ploughed,,,
450,RFW3,1930,cropped section,06/09/1929,,ploughed,,,
451,RFW3,1931,cropped section,06/10/1930,,ploughed,,,
452,RFW3,1932,cropped section,16/09/1931,,ploughed,,,
453,RFW3,1873,fallow sections,June 1873,,ploughed,,,
454,RFW3,1874,fallow sections,,,Cultivated 4 times between Sept 1873 and June 1874,,,
455,RFW3,1880,fallow sections,,,Ploughed 3 times between October 1879 and June 1880,,,
456,RFW3,1881,fallow sections,29/09/1880,,ploughed,,,
457,RFW3,1883,fallow sections,March 1883,,ploughed,,,
458,RFW3,1884,fallow sections,13/10/1883,,ploughed,,,
459,RFW3,1885,fallow sections,,,Ploughed 4 times between Oct 1884 and June 1885,,,
460,RFW3,1886,fallow sections,,,Ploughed 4 times between Sept 1885 and Aug 1886,,,
461,RFW3,1887,fallow sections,,,Ploughed 3 times between Oct 1886 and June 1887,,,
462,RFW3,1888,fallow sections,21/09/1887,22/09/1887,ploughed,,,
463,RFW3,1889,fallow sections,,,Ploughed 4 times between Oct 1888 and Aug 1889,,,
464,RFW3,1891,fallow sections,11/09/1890,,ploughed,,,
465,RFW3,1894,fallow sections,25/10/1893,,ploughed,,,
466,RFW3,1895,fallow sections,16/10/1894,24/09/1895,ploughed,,,
467,RFW3,1896,fallow sections,21/09/1895,,ploughed,,,
468,RFW3,1897,fallow sections,July 1896,,ploughed,,,
469,RFW3,1899,fallow sections,07/10/1898,,ploughed,,,
470,RFW3,1902,fallow sections,,,Ploughed 3 times between Oct 1901 and July 1902,,,
471,RFW3,1903,fallow sections,06/10/1902,,ploughed,,,
472,RFW3,1905,fallow sections,20/05/1905,,ploughed,,,
473,RFW3,1906,fallow sections,25/09/1905,,ploughed,,,
474,RFW3,1907,fallow sections,04/10/1906,06/10/1906,ploughed,,,
475,RFW3,1908,fallow sections,,,Ploughed 3 times between Nov 1907 and July 1908,,,
476,RFW3,1909,fallow sections,,,Ploughed 4 times between October 1908 and July 1909,,,
477,RFW3,1910,fallow sections,27/09/1909,,ploughed,,,
478,RFW3,1912,fallow sections,18/09/1911,,ploughed,,,
479,RFW3,1913,fallow sections,21/10/1912,,ploughed,,,
480,RFW3,1915,fallow sections,19/09/1914,,ploughed,,,
481,RFW3,1916,fallow sections,,,Ploughed 3 times between ?? 191? And July 1916,,,
482,RFW3,1918,fallow sections,04/09/1917,,ploughed,,,
483,RFW3,1919,fallow sections,16/10/1918,,ploughed,,,
484,RFW3,1922,fallow sections,,,Cultivated 4 times between Oct 1921 and Aug 1922,,,
485,RFW3,1924,fallow sections,17/04/1924,,ploughed,,,
486,RFW3,1929,fallow sections,,,Ploughed 3 times between Sept 1928 and July 1929,,,
487,RFW3,1930,fallow sections,,,Cultivated 3 times between Sept 1929 and June 1930,,,
488,RFW3,1931,fallow sections,06/10/1930,,ploughed,,,
489,RFW3,1932,fallow sections,,,Cultivated 3 times between Sept 1931 and June 1932,,,
490,RFW3,1873,fallow sections,July 1872,,ploughed,,,
491,RFW3,1874,fallow sections,02/05/1874,,ploughed,,,
492,RFW3,1879,fallow sections,July 1879,,ploughed,,,
493,RFW3,1881,fallow sections,April 1881,,ploughed,,,
494,RFW3,1882,fallow sections,June 1882,,ploughed,,,
495,RFW3,1883,fallow sections,13/07(?)/1883,,ploughed,,,
496,RFW3,1891,fallow sections,06/07/1891,,ploughed,,,
497,RFW3,1892,fallow sections,22/08/1892,,ploughed,,,
498,RFW3,1894,fallow sections,Aug 1894,,ploughed,,,
499,RFW3,1896,fallow sections,October 1895,,ploughed,,,
500,RFW3,1897,fallow sections,14/09/1896(?),15/09/1896(?),ploughed,,,
501,RFW3,1899,fallow sections,26/07/1899,,ploughed,,,
502,RFW3,1903,fallow sections,17/11/1902,,ploughed,,,
503,RFW3,1905,fallow sections,10/07/1905,,ploughed,,,
504,RFW3,1906,fallow sections,26/05/1906,,ploughed,,,
505,RFW3,1907,fallow sections,06/06/1907,,ploughed,,,
506,RFW3,1910,fallow sections,28/06/1910,,ploughed,,,
507,RFW3,1911,fallow sections,10/12/1910,,ploughed,,,
508,RFW3,1912,fallow sections,22/11/1911,,ploughed,,,
509,RFW3,1913,fallow sections,12/04/1913,,ploughed,,,
510,RFW3,1915,fallow sections,21/10/1914,,ploughed,,,
511,RFW3,1917,fallow sections,07/06/1917,,ploughed,,,
512,RFW3,1919,fallow sections,10/03/1919,,ploughed,,,
513,RFW3,1920,fallow sections,17/05/1920,,ploughed,,,
514,RFW3,1921,fallow sections,21/05/1921,,ploughed,,,
515,RFW3,1931,fallow sections,08/05/1931,,ploughed,,,
516,RFW3,1933,cropped sections,02/09/1932,,ploughed,,,
517,RFW3,1933,cropped sections,15/10/1932,,harrowed,,,
518,RFW3,1933,cropped sections,31/03/1933,,harrowed,,,
519,RFW3,1933,cropped sections,15/10/1932,,seed sown,,,
520,RFW3,1933,cropped sections,26/07/1933,,harvested,,,
521,RFW3,1933,fallow sections,02/09/1932,,ploughed,,,
522,RFW3,1933,fallow sections,31/05/1933,,ploughed,,,
523,RFW3,1933,fallow sections,01/06/1933,,ploughed,,,
524,RFW3,1933,fallow sections,31/03/1933,,harrowed,,,
525,RFW3,1934,cropped sections,12/09/1933,,ploughed,,,
526,RFW3,1934,cropped sections,07/04/1934,,harrowed,,,
527,RFW3,1934,cropped sections,09/04/1934,,rolled,,,
528,RFW3,1934,cropped sections,13/10/1933,,seed sown,,,
529,RFW3,1934,cropped sections,08/08/1934,,harvested,,,
530,RFW3,1934,fallow sections,07/02/1934,,ploughed,,,
531,RFW3,1934,fallow sections,20/04/1934,,tractor cultivated,,,
532,RFW3,1934,fallow sections,04/05/1934,,tractor cultivated,,,
533,RFW3,1934,fallow sections,17/05/1934,,horse harrow,,,
534,RFW3,1934,fallow sections,17/05/1934,,ploughed,,,
535,RFW3,1934,fallow sections,16/06/1934,,tractor cultivated,,,
536,RFW3,1934,fallow sections,22/06/1934,,two horse roll,,,
537,RFW3,1934,fallow sections,28/06/1934,,ploughed,,,
538,RFW3,1934,fallow sections,24/07/1934,,tractor cultivated,,,
539,RFW3,1935,cropped sections,23/08/1934,,ploughed,,,
540,RFW3,1935,cropped sections,23/08/1934,,cultivated,,,
541,RFW3,1935,cropped sections,20/10/1934,,harrowed,,,
542,RFW3,1935,cropped sections,21/03/1935,,harrowed,,,
543,RFW3,1935,cropped sections,26/03/1935,,rolled,,,
544,RFW3,1935,cropped sections,20/10/1934,,seed sown,,,
545,RFW3,1935,cropped sections,13/08/1935,,harvested,,,
546,RFW3,1935,fallow sections,23/08/1934,,ploughed,,,
547,RFW3,1935,fallow sections,28/05/1935,,ploughed,,,
548,RFW3,1935,fallow sections,23/08/1934,,cultivated,,,
549,RFW3,1935,fallow sections,11/05/1935,,cultivated,,,
550,RFW3,1935,fallow sections,03/07/1935,,cultivated,,,
551,RFW3,1936,cropped sections,27/08/1935,,ploughed,,,
552,RFW3,1936,cropped sections,24/10/1935,,harrowed,,,
553,RFW3,1936,cropped sections,26/10/1935,,harrowed,,,
554,RFW3,1936,cropped sections,24/03/1936,,harrowed,,,
555,RFW3,1936,cropped sections,06/05/1936,,rolled,,,
556,RFW3,1936,cropped sections,26/10/1935,,seed sown,,,
557,RFW3,1936,cropped sections,01/09/1936,,harvested,,,
558,RFW3,1936,fallow sections,27/08/1935,,ploughed,,,
559,RFW3,1936,fallow sections,01/04/1936,,ploughed,,,
560,RFW3,1937,fallow sections,24/08/1936,,ploughed,,,
561,RFW3,1936,fallow sections,14/02/1936,,springtine harrowed,,,
562,RFW3,1936,fallow sections,20/05/1936,,cultivated,,,
563,RFW3,1936,fallow sections,29/06/1936,,cultivated,,,
564,RFW3,1937,cropped sections,16/10/1936,,ploughed,,,
565,RFW3,1937,cropped sections,21/10/1936,,harrowed,,,
566,RFW3,1937,cropped sections,03/05/1937,,harrowed,,,
567,RFW3,1937,cropped sections,21/10/1936,,seed sown,,,
568,RFW3,1937,cropped sections,20/08/1937,,harvested,,,
569,RFW3,1937,fallow sections,03/06/1937,04/06/1937,ploughed,,,
570,RFW3,1937,fallow sections,05/10/1936,,cultivated,,,
571,RFW3,1937,fallow sections,09/06/1937,,cultivated,,,
572,RFW3,1937,fallow sections,26/04/1937,,springtine harrowed,,,
573,RFW3,1937,fallow sections,26/03/1937,,springtine harrowed,,,
574,RFW3,1938,cropped sections,23/09/1937,27/09/1937,ploughed,,,
575,RFW3,1938,cropped sections,16/10/1937,,cultivated,,,
576,RFW3,1938,cropped sections,06/11/1937,,harrowed,,,
577,RFW3,1938,cropped sections,17/03/1938,,harrowed,,,
578,RFW3,1938,cropped sections,20/10/1937,,springtine harrowed,,,
579,RFW3,1938,cropped sections,20/10/1937,,rolled,,,
580,RFW3,1938,cropped sections,19/03/1938,,rolled,,,
581,RFW3,1938,cropped sections,06/11/1937,,seed sown,,,
582,RFW3,1938,cropped sections,11/08/1938,,harvested,,,
583,RFW3,1938,fallow sections,23/09/1937,27/09/1937,ploughed,,,
584,RFW3,1938,fallow sections,16/10/1937,,cultivated,,,
585,RFW3,1938,fallow sections,05/03/1938,,cultivated,,,
586,RFW3,1938,fallow sections,07/05/1938,,springtine harrowed,,,
587,RFW3,1938,fallow sections,03/06/1938,,springtine harrowed,,,
588,RFW3,1938,fallow sections,07/05/1938,,rolled,,,
589,RFW3,1938,fallow sections,03/06/1938,,rolled,,,
590,RFW3,1938,fallow sections,21/06/1938,,thistles cut,,,
591,RFW3,1938,fallow sections,14/08/1938,,thistles cut,,,
592,RFW3,1939,cropped sections,26/08/1938,,ploughed,,,
593,RFW3,1940,cropped sections,12/09/1939,13/09/1939,ploughed,,,
594,RFW3,1941,cropped sections,10/09/1940,11/09/1940,ploughed,,,
595,RFW3,1942,cropped sections,19/09/1941,22/09/1941,ploughed,,,
596,RFW3,1943,cropped sections,01/09/1942,04/09/1942,ploughed,,,
597,RFW3,1944,cropped sections,31/08/1943,09/09/1943,ploughed,,,
598,RFW3,1945,cropped sections,21/08/1944,28/08/1944,ploughed,,,
599,RFW3,1946,cropped sections,30/08/1945,03/09/1945,ploughed,,,
600,RFW3,1947,cropped sections,11/10/1946,15/10/1946,ploughed,,,
601,RFW3,1939,cropped sections,24/10/1938,,seed sown,,,
602,RFW3,1940,cropped sections,23/10/1939,,seed sown,,,
603,RFW3,1941,cropped sections,28/10/1940,,seed sown,,,
604,RFW3,1942,cropped sections,21/10/1941,,seed sown,,,
605,RFW3,1943,cropped sections,15/10/1942,,seed sown,,,
606,RFW3,1944,cropped sections,08/10/1943,,seed sown,,,
607,RFW3,1945,cropped sections,30/10/1944,,seed sown,,,
608,RFW3,1946,cropped sections,15/10/1945,,seed sown,,,
609,RFW3,1947,cropped sections,18/10/1946,,seed sown,,,
610,RFW3,1939,cropped sections,24/08/1939,,harvested,,,
611,RFW3,1940,cropped sections,08/08/1940,,harvested,,,
612,RFW3,1941,cropped sections,21/08/1941,,harvested,,,
613,RFW3,1942,cropped sections,17/08/1942,,harvested,,,
614,RFW3,1943,cropped sections,03/08/1943,,harvested,,,
615,RFW3,1944,cropped sections,10/08/1944,,harvested,,,
616,RFW3,1945,cropped sections,11/08/1945,,harvested,,,
617,RFW3,1946,cropped sections,16/08/1946,,harvested,,,
618,RFW3,1947,cropped sections,12/08/1947,,harvested,,,
619,RFW3,1939,fallow sections,,,Cultivated 6 times between Aug 1938 and July 1939,,,
620,RFW3,1940,fallow sections,,,Cultivated 4 times between Sept 1939 and July 1940,,,
621,RFW3,1941,fallow sections,,,Cultivated 4 times between Sept 1940 and May 1941,,,
622,RFW3,1942,fallow sections,,,Cultivated 8 times between Sept 1941 and July 1942,,,
623,RFW3,1943,fallow sections,,,Cultivated 10 times between Sept 1942 and July 1943,,,
624,RFW3,1944,fallow sections,,,Cultivated 5 times between Aug 1943 and June 1944,,,
625,RFW3,1945,fallow sections,,,Cultivated 6 times between Aug 1944 and July 1945,,,
626,RFW3,1946,fallow sections,,,Cultivated 4 times between Aug 1945 and July 1946,,,
627,RFW3,1947,fallow sections,,,Ploughed once and Springtined twice between Oct 1946 and July 1947,,,
628,RFW3,1948,cropped sections,15/09/1947,16/09/1947,ploughed,,,
629,RFW3,1948,cropped sections,24/10/1947,,rolled,,,
630,RFW3,1948,cropped sections,24/10/1947,,springtine harrowed,,,
631,RFW3,1948,cropped sections,25/10/1947,,seed drilled,,,
632,RFW3,1948,cropped sections,25/10/1947,,harrowed in,,,
633,RFW3,1948,cropped sections,31/03/1948,,ring rolled,,,
634,RFW3,1948,cropped sections,29/07/1948,,weeds hand pulled,,,
635,RFW3,1948,cropped sections,23/08/1948,,harvested,,,
636,RFW3,1948,fallow sections,15/09/1947,16/09/1947,ploughed,,,
637,RFW3,1948,fallow sections,24/10/1947,,rolled,,,
638,RFW3,1948,fallow sections,24/10/1947,,springtine harrowed,,,
639,RFW3,1948,fallow sections,10/03/1948,,springtine harrowed,,,
640,RFW3,1948,fallow sections,22/04/1948,,thistles cut,,,
641,RFW3,1948,fallow sections,21/05/1948,,ploughed,,,
642,RFW3,1948,fallow sections,09/06/1948,,ring rolled,,,
643,RFW3,1949,cropped sections,03/09/1948,06/09/1948,ploughed,,,
644,RFW3,1949,cropped sections,22/10/1948,,harrowed twice,,,
645,RFW3,1949,cropped sections,23/10/1948,,seed drilled,,,
646,RFW3,1949,cropped sections,23/10/1948,,harrowed in,,,
647,RFW3,1949,cropped sections,11/04/1949,,ring rolled,,,
648,RFW3,1949,cropped sections,16/08/1949,,harvested,,,
649,RFW3,1949,fallow sections,03/09/1948,,Ploughed,,,B3
650,RFW3,1949,fallow sections,01/10/1948,02/10/1948,Ploughed,,,remainder
651,RFW3,1949,fallow sections,03/01/1949,13/01/1949,ploughed,,,
652,RFW3,1949,fallow sections,23/03/1949,,spring tined,,,
653,RFW3,1949,fallow sections,14/04/1949,,spring tined,,,
654,RFW3,1949,fallow sections,31/05/1949,,thistles cut,,,
655,RFW3,1949,fallow sections,27/06/1949,,thistles cut,,,
656,RFW3,1949,fallow sections,05/07/1949,06/07/1949,ploughed,,,
657,RFW3,1949,fallow sections,20/07/1949,,harrowed twice,,,
658,RFW3,1949,fallow sections,20/07/1949,,ring rolled,,,
659,RFW3,1950,cropped sections,30/08/1949,31/08/1949,ploughed,,,
660,RFW3,1950,cropped sections,29/10/1949,,springtined,,,
661,RFW3,1950,cropped sections,31/10/1949,,harrowed,,,
662,RFW3,1950,cropped sections,31/10/1949,,seed drilled,,,
663,RFW3,1950,cropped sections,31/10/1949,,harrowed in,,,
664,RFW3,1950,cropped sections,08/04/1950,,rolled,,,
665,RFW3,1950,cropped sections,20/04/1950,,Crop badly damaged by wheat bulb fly so decision made to plough in and resow,,,
666,RFW3,1950,cropped sections,21/04/1950,,harrowed three times,,,
667,RFW3,1950,cropped sections,21/04/1950,,seed drilled,,,
668,RFW3,1950,cropped sections,21/04/1950,,ring rolled,,,
669,RFW3,1950,cropped sections,21/04/1950,,harrowed in,,,
670,RFW3,1950,cropped sections,22/04/1950,,ring rolled,,,
671,RFW3,1950,cropped sections,26/05/1950,,thistles cut,,,
672,RFW3,1950,cropped sections,08/09/1950,,harvested,,,
673,RFW3,1950,cropped sections,30/08/1949,31/08/1949,ploughed,,,
674,RFW3,1950,cropped sections,29/10/1949,,springtined,,,
675,RFW3,1950,cropped sections,09/03/1950,,springtined,,,
676,RFW3,1950,cropped sections,21/04/1950,,harrowed three times,,,
677,RFW3,1950,cropped sections,12/05/1950,,ring rolled,,,
678,RFW3,1950,cropped sections,30/05/1950,,thistle barred,,,
679,RFW3,1950,cropped sections,01/07/1950,,ploughed,,,
680,RFW3,1950,cropped sections,15/07/1950,,ploughed,,,
681,RFW3,1950,cropped sections,31/07/1950,,ploughed,,,
682,RFW3,1951,cropped sections,14/09/1950,,ploughed,,,
683,RFW3,1951,cropped sections,18/10/1950,,seed drilled,3,bushels/acre,
684,RFW3,1951,cropped sections,24/08/1951,,harvested,,,
685,RFW3,1951,fallow sections,14/09/1950,,ploughed,,,
686,RFW3,1951,fallow sections,23/04/1951,,ploughed,,,
687,RFW3,1951,fallow sections,10/07/1951,,ploughed,,,
